name,class,chromosome,position_hg38,bin,source,doi
AAVS1,positive,chr19,55115785,55115,Hockemeyer NatBiotechnol2009 / liftOver PPP1R12C intron1,10.1038/nbt.1562
Pansio-1,positive,chr1,113340237,113340,Autio eLife2024 Table1,10.7554/eLife.79592
Olonne-18,positive,chr18,56410860,56410,Autio eLife2024 Table1,10.7554/eLife.79592
Keppel-19,positive,chr19,5401450,5401,Autio eLife2024 Table1,10.7554/eLife.79592
SHS231,positive,chr4,58110456,58110,Pellenz HumGeneTher2019 / liftOver hg19->hg38,10.1089/hum.2018.169
SHS229,positive,chr2,45481224,45481,Pellenz HumGeneTher2019 / liftOver hg19->hg38,10.1089/hum.2018.169
SHS253,positive,chr2,48603055,48603,Pellenz HumGeneTher2019 / liftOver hg19->hg38,10.1089/hum.2018.169
LMO2,known_unsafe,chr11,33892076,33892,insertional oncogenesis (SCID-X1); TSS (- strand),
MECOM,known_unsafe,chr3,169663775,169663,insertional oncogenesis (EVI1); TSS (- strand),
CCND2,known_unsafe,chr12,4269755,4269,insertional oncogenesis; TSS (+ strand),
HMGA2,known_unsafe,chr12,65824224,65824,insertional oncogenesis (Liu et al.); TSS (+ strand),
PRDM16,known_unsafe,chr1,3069003,3069,insertional oncogenesis; TSS (+ strand),
bg_0000,background,chr1,1035500,1035,uniform random atlas bin (seed 20260702),
bg_0001,background,chr1,1507500,1507,uniform random atlas bin (seed 20260702),
bg_0002,background,chr1,6983500,6983,uniform random atlas bin (seed 20260702),
bg_0003,background,chr1,8335500,8335,uniform random atlas bin (seed 20260702),
bg_0004,background,chr1,10999500,10999,uniform random atlas bin (seed 20260702),
bg_0005,background,chr1,12429500,12429,uniform random atlas bin (seed 20260702),
bg_0006,background,chr1,12844500,12844,uniform random atlas bin (seed 20260702),
bg_0007,background,chr1,17072500,17072,uniform random atlas bin (seed 20260702),
bg_0008,background,chr1,17110500,17110,uniform random atlas bin (seed 20260702),
bg_0009,background,chr1,23131500,23131,uniform random atlas bin (seed 20260702),
bg_0010,background,chr1,25118500,25118,uniform random atlas bin (seed 20260702),
bg_0011,background,chr1,25532500,25532,uniform random atlas bin (seed 20260702),
bg_0012,background,chr1,29881500,29881,uniform random atlas bin (seed 20260702),
bg_0013,background,chr1,31775500,31775,uniform random atlas bin (seed 20260702),
bg_0014,background,chr1,33308500,33308,uniform random atlas bin (seed 20260702),
bg_0015,background,chr1,33929500,33929,uniform random atlas bin (seed 20260702),
bg_0016,background,chr1,34375500,34375,uniform random atlas bin (seed 20260702),
bg_0017,background,chr1,35330500,35330,uniform random atlas bin (seed 20260702),
bg_0018,background,chr1,35368500,35368,uniform random atlas bin (seed 20260702),
bg_0019,background,chr1,35969500,35969,uniform random atlas bin (seed 20260702),
bg_0020,background,chr1,36176500,36176,uniform random atlas bin (seed 20260702),
bg_0021,background,chr1,36276500,36276,uniform random atlas bin (seed 20260702),
bg_0022,background,chr1,37575500,37575,uniform random atlas bin (seed 20260702),
bg_0023,background,chr1,39611500,39611,uniform random atlas bin (seed 20260702),
bg_0024,background,chr1,39647500,39647,uniform random atlas bin (seed 20260702),
bg_0025,background,chr1,39654500,39654,uniform random atlas bin (seed 20260702),
bg_0026,background,chr1,40084500,40084,uniform random atlas bin (seed 20260702),
bg_0027,background,chr1,40287500,40287,uniform random atlas bin (seed 20260702),
bg_0028,background,chr1,48083500,48083,uniform random atlas bin (seed 20260702),
bg_0029,background,chr1,48339500,48339,uniform random atlas bin (seed 20260702),
bg_0030,background,chr1,48817500,48817,uniform random atlas bin (seed 20260702),
bg_0031,background,chr1,49087500,49087,uniform random atlas bin (seed 20260702),
bg_0032,background,chr1,51426500,51426,uniform random atlas bin (seed 20260702),
bg_0033,background,chr1,53798500,53798,uniform random atlas bin (seed 20260702),
bg_0034,background,chr1,57181500,57181,uniform random atlas bin (seed 20260702),
bg_0035,background,chr1,58956500,58956,uniform random atlas bin (seed 20260702),
bg_0036,background,chr1,60824500,60824,uniform random atlas bin (seed 20260702),
bg_0037,background,chr1,61015500,61015,uniform random atlas bin (seed 20260702),
bg_0038,background,chr1,61655500,61655,uniform random atlas bin (seed 20260702),
bg_0039,background,chr1,61822500,61822,uniform random atlas bin (seed 20260702),
bg_0040,background,chr1,61868500,61868,uniform random atlas bin (seed 20260702),
bg_0041,background,chr1,61981500,61981,uniform random atlas bin (seed 20260702),
bg_0042,background,chr1,61998500,61998,uniform random atlas bin (seed 20260702),
bg_0043,background,chr1,64270500,64270,uniform random atlas bin (seed 20260702),
bg_0044,background,chr1,67166500,67166,uniform random atlas bin (seed 20260702),
bg_0045,background,chr1,67256500,67256,uniform random atlas bin (seed 20260702),
bg_0046,background,chr1,67573500,67573,uniform random atlas bin (seed 20260702),
bg_0047,background,chr1,68048500,68048,uniform random atlas bin (seed 20260702),
bg_0048,background,chr1,68338500,68338,uniform random atlas bin (seed 20260702),
bg_0049,background,chr1,69978500,69978,uniform random atlas bin (seed 20260702),
bg_0050,background,chr1,70651500,70651,uniform random atlas bin (seed 20260702),
bg_0051,background,chr1,71607500,71607,uniform random atlas bin (seed 20260702),
bg_0052,background,chr1,71718500,71718,uniform random atlas bin (seed 20260702),
bg_0053,background,chr1,73079500,73079,uniform random atlas bin (seed 20260702),
bg_0054,background,chr1,75345500,75345,uniform random atlas bin (seed 20260702),
bg_0055,background,chr1,78772500,78772,uniform random atlas bin (seed 20260702),
bg_0056,background,chr1,82232500,82232,uniform random atlas bin (seed 20260702),
bg_0057,background,chr1,84194500,84194,uniform random atlas bin (seed 20260702),
bg_0058,background,chr1,85439500,85439,uniform random atlas bin (seed 20260702),
bg_0059,background,chr1,87381500,87381,uniform random atlas bin (seed 20260702),
bg_0060,background,chr1,87759500,87759,uniform random atlas bin (seed 20260702),
bg_0061,background,chr1,87920500,87920,uniform random atlas bin (seed 20260702),
bg_0062,background,chr1,89444500,89444,uniform random atlas bin (seed 20260702),
bg_0063,background,chr1,92866500,92866,uniform random atlas bin (seed 20260702),
bg_0064,background,chr1,101236500,101236,uniform random atlas bin (seed 20260702),
bg_0065,background,chr1,103674500,103674,uniform random atlas bin (seed 20260702),
bg_0066,background,chr1,104689500,104689,uniform random atlas bin (seed 20260702),
bg_0067,background,chr1,106404500,106404,uniform random atlas bin (seed 20260702),
bg_0068,background,chr1,106988500,106988,uniform random atlas bin (seed 20260702),
bg_0069,background,chr1,107961500,107961,uniform random atlas bin (seed 20260702),
bg_0070,background,chr1,109869500,109869,uniform random atlas bin (seed 20260702),
bg_0071,background,chr1,110613500,110613,uniform random atlas bin (seed 20260702),
bg_0072,background,chr1,110912500,110912,uniform random atlas bin (seed 20260702),
bg_0073,background,chr1,111394500,111394,uniform random atlas bin (seed 20260702),
bg_0074,background,chr1,112190500,112190,uniform random atlas bin (seed 20260702),
bg_0075,background,chr1,114529500,114529,uniform random atlas bin (seed 20260702),
bg_0076,background,chr1,116286500,116286,uniform random atlas bin (seed 20260702),
bg_0077,background,chr1,116543500,116543,uniform random atlas bin (seed 20260702),
bg_0078,background,chr1,116766500,116766,uniform random atlas bin (seed 20260702),
bg_0079,background,chr1,120200500,120200,uniform random atlas bin (seed 20260702),
bg_0080,background,chr1,120263500,120263,uniform random atlas bin (seed 20260702),
bg_0081,background,chr1,120406500,120406,uniform random atlas bin (seed 20260702),
bg_0082,background,chr1,120720500,120720,uniform random atlas bin (seed 20260702),
bg_0083,background,chr1,121926500,121926,uniform random atlas bin (seed 20260702),
bg_0084,background,chr1,126836500,126836,uniform random atlas bin (seed 20260702),
bg_0085,background,chr1,129137500,129137,uniform random atlas bin (seed 20260702),
bg_0086,background,chr1,129279500,129279,uniform random atlas bin (seed 20260702),
bg_0087,background,chr1,129947500,129947,uniform random atlas bin (seed 20260702),
bg_0088,background,chr1,130010500,130010,uniform random atlas bin (seed 20260702),
bg_0089,background,chr1,130852500,130852,uniform random atlas bin (seed 20260702),
bg_0090,background,chr1,131831500,131831,uniform random atlas bin (seed 20260702),
bg_0091,background,chr1,133009500,133009,uniform random atlas bin (seed 20260702),
bg_0092,background,chr1,133064500,133064,uniform random atlas bin (seed 20260702),
bg_0093,background,chr1,133285500,133285,uniform random atlas bin (seed 20260702),
bg_0094,background,chr1,136312500,136312,uniform random atlas bin (seed 20260702),
bg_0095,background,chr1,136477500,136477,uniform random atlas bin (seed 20260702),
bg_0096,background,chr1,136627500,136627,uniform random atlas bin (seed 20260702),
bg_0097,background,chr1,136796500,136796,uniform random atlas bin (seed 20260702),
bg_0098,background,chr1,138328500,138328,uniform random atlas bin (seed 20260702),
bg_0099,background,chr1,138775500,138775,uniform random atlas bin (seed 20260702),
bg_0100,background,chr1,139691500,139691,uniform random atlas bin (seed 20260702),
bg_0101,background,chr1,142984500,142984,uniform random atlas bin (seed 20260702),
bg_0102,background,chr1,145070500,145070,uniform random atlas bin (seed 20260702),
bg_0103,background,chr1,146808500,146808,uniform random atlas bin (seed 20260702),
bg_0104,background,chr1,146987500,146987,uniform random atlas bin (seed 20260702),
bg_0105,background,chr1,148642500,148642,uniform random atlas bin (seed 20260702),
bg_0106,background,chr1,151074500,151074,uniform random atlas bin (seed 20260702),
bg_0107,background,chr1,151883500,151883,uniform random atlas bin (seed 20260702),
bg_0108,background,chr1,153972500,153972,uniform random atlas bin (seed 20260702),
bg_0109,background,chr1,154128500,154128,uniform random atlas bin (seed 20260702),
bg_0110,background,chr1,155476500,155476,uniform random atlas bin (seed 20260702),
bg_0111,background,chr1,155555500,155555,uniform random atlas bin (seed 20260702),
bg_0112,background,chr1,159890500,159890,uniform random atlas bin (seed 20260702),
bg_0113,background,chr1,160814500,160814,uniform random atlas bin (seed 20260702),
bg_0114,background,chr1,161048500,161048,uniform random atlas bin (seed 20260702),
bg_0115,background,chr1,162725500,162725,uniform random atlas bin (seed 20260702),
bg_0116,background,chr1,163978500,163978,uniform random atlas bin (seed 20260702),
bg_0117,background,chr1,166532500,166532,uniform random atlas bin (seed 20260702),
bg_0118,background,chr1,167437500,167437,uniform random atlas bin (seed 20260702),
bg_0119,background,chr1,167820500,167820,uniform random atlas bin (seed 20260702),
bg_0120,background,chr1,168814500,168814,uniform random atlas bin (seed 20260702),
bg_0121,background,chr1,169699500,169699,uniform random atlas bin (seed 20260702),
bg_0122,background,chr1,173094500,173094,uniform random atlas bin (seed 20260702),
bg_0123,background,chr1,177174500,177174,uniform random atlas bin (seed 20260702),
bg_0124,background,chr1,178057500,178057,uniform random atlas bin (seed 20260702),
bg_0125,background,chr1,178225500,178225,uniform random atlas bin (seed 20260702),
bg_0126,background,chr1,179094500,179094,uniform random atlas bin (seed 20260702),
bg_0127,background,chr1,179388500,179388,uniform random atlas bin (seed 20260702),
bg_0128,background,chr1,179846500,179846,uniform random atlas bin (seed 20260702),
bg_0129,background,chr1,180367500,180367,uniform random atlas bin (seed 20260702),
bg_0130,background,chr1,181125500,181125,uniform random atlas bin (seed 20260702),
bg_0131,background,chr1,182687500,182687,uniform random atlas bin (seed 20260702),
bg_0132,background,chr1,184279500,184279,uniform random atlas bin (seed 20260702),
bg_0133,background,chr1,184577500,184577,uniform random atlas bin (seed 20260702),
bg_0134,background,chr1,185478500,185478,uniform random atlas bin (seed 20260702),
bg_0135,background,chr1,188001500,188001,uniform random atlas bin (seed 20260702),
bg_0136,background,chr1,189528500,189528,uniform random atlas bin (seed 20260702),
bg_0137,background,chr1,190141500,190141,uniform random atlas bin (seed 20260702),
bg_0138,background,chr1,191389500,191389,uniform random atlas bin (seed 20260702),
bg_0139,background,chr1,192551500,192551,uniform random atlas bin (seed 20260702),
bg_0140,background,chr1,193003500,193003,uniform random atlas bin (seed 20260702),
bg_0141,background,chr1,194395500,194395,uniform random atlas bin (seed 20260702),
bg_0142,background,chr1,194624500,194624,uniform random atlas bin (seed 20260702),
bg_0143,background,chr1,195439500,195439,uniform random atlas bin (seed 20260702),
bg_0144,background,chr1,196110500,196110,uniform random atlas bin (seed 20260702),
bg_0145,background,chr1,197082500,197082,uniform random atlas bin (seed 20260702),
bg_0146,background,chr1,198020500,198020,uniform random atlas bin (seed 20260702),
bg_0147,background,chr1,199127500,199127,uniform random atlas bin (seed 20260702),
bg_0148,background,chr1,199355500,199355,uniform random atlas bin (seed 20260702),
bg_0149,background,chr1,199510500,199510,uniform random atlas bin (seed 20260702),
bg_0150,background,chr1,200974500,200974,uniform random atlas bin (seed 20260702),
bg_0151,background,chr1,203022500,203022,uniform random atlas bin (seed 20260702),
bg_0152,background,chr1,206710500,206710,uniform random atlas bin (seed 20260702),
bg_0153,background,chr1,207096500,207096,uniform random atlas bin (seed 20260702),
bg_0154,background,chr1,208854500,208854,uniform random atlas bin (seed 20260702),
bg_0155,background,chr1,208873500,208873,uniform random atlas bin (seed 20260702),
bg_0156,background,chr1,209339500,209339,uniform random atlas bin (seed 20260702),
bg_0157,background,chr1,211182500,211182,uniform random atlas bin (seed 20260702),
bg_0158,background,chr1,212013500,212013,uniform random atlas bin (seed 20260702),
bg_0159,background,chr1,212410500,212410,uniform random atlas bin (seed 20260702),
bg_0160,background,chr1,213607500,213607,uniform random atlas bin (seed 20260702),
bg_0161,background,chr1,214301500,214301,uniform random atlas bin (seed 20260702),
bg_0162,background,chr1,215761500,215761,uniform random atlas bin (seed 20260702),
bg_0163,background,chr1,219791500,219791,uniform random atlas bin (seed 20260702),
bg_0164,background,chr1,219799500,219799,uniform random atlas bin (seed 20260702),
bg_0165,background,chr1,220505500,220505,uniform random atlas bin (seed 20260702),
bg_0166,background,chr1,220698500,220698,uniform random atlas bin (seed 20260702),
bg_0167,background,chr1,221536500,221536,uniform random atlas bin (seed 20260702),
bg_0168,background,chr1,221637500,221637,uniform random atlas bin (seed 20260702),
bg_0169,background,chr1,222173500,222173,uniform random atlas bin (seed 20260702),
bg_0170,background,chr1,228004500,228004,uniform random atlas bin (seed 20260702),
bg_0171,background,chr1,228279500,228279,uniform random atlas bin (seed 20260702),
bg_0172,background,chr1,228384500,228384,uniform random atlas bin (seed 20260702),
bg_0173,background,chr1,229480500,229480,uniform random atlas bin (seed 20260702),
bg_0174,background,chr1,232256500,232256,uniform random atlas bin (seed 20260702),
bg_0175,background,chr1,234172500,234172,uniform random atlas bin (seed 20260702),
bg_0176,background,chr1,234797500,234797,uniform random atlas bin (seed 20260702),
bg_0177,background,chr1,236609500,236609,uniform random atlas bin (seed 20260702),
bg_0178,background,chr1,236999500,236999,uniform random atlas bin (seed 20260702),
bg_0179,background,chr1,237538500,237538,uniform random atlas bin (seed 20260702),
bg_0180,background,chr1,238339500,238339,uniform random atlas bin (seed 20260702),
bg_0181,background,chr1,239302500,239302,uniform random atlas bin (seed 20260702),
bg_0182,background,chr1,240837500,240837,uniform random atlas bin (seed 20260702),
bg_0183,background,chr1,242254500,242254,uniform random atlas bin (seed 20260702),
bg_0184,background,chr1,244712500,244712,uniform random atlas bin (seed 20260702),
bg_0185,background,chr2,1749500,1749,uniform random atlas bin (seed 20260702),
bg_0186,background,chr2,2692500,2692,uniform random atlas bin (seed 20260702),
bg_0187,background,chr2,3742500,3742,uniform random atlas bin (seed 20260702),
bg_0188,background,chr2,7528500,7528,uniform random atlas bin (seed 20260702),
bg_0189,background,chr2,10971500,10971,uniform random atlas bin (seed 20260702),
bg_0190,background,chr2,12735500,12735,uniform random atlas bin (seed 20260702),
bg_0191,background,chr2,13474500,13474,uniform random atlas bin (seed 20260702),
bg_0192,background,chr2,14435500,14435,uniform random atlas bin (seed 20260702),
bg_0193,background,chr2,15805500,15805,uniform random atlas bin (seed 20260702),
bg_0194,background,chr2,17365500,17365,uniform random atlas bin (seed 20260702),
bg_0195,background,chr2,19212500,19212,uniform random atlas bin (seed 20260702),
bg_0196,background,chr2,26140500,26140,uniform random atlas bin (seed 20260702),
bg_0197,background,chr2,28066500,28066,uniform random atlas bin (seed 20260702),
bg_0198,background,chr2,29851500,29851,uniform random atlas bin (seed 20260702),
bg_0199,background,chr2,31014500,31014,uniform random atlas bin (seed 20260702),
bg_0200,background,chr2,32415500,32415,uniform random atlas bin (seed 20260702),
bg_0201,background,chr2,33306500,33306,uniform random atlas bin (seed 20260702),
bg_0202,background,chr2,35658500,35658,uniform random atlas bin (seed 20260702),
bg_0203,background,chr2,38887500,38887,uniform random atlas bin (seed 20260702),
bg_0204,background,chr2,40101500,40101,uniform random atlas bin (seed 20260702),
bg_0205,background,chr2,42250500,42250,uniform random atlas bin (seed 20260702),
bg_0206,background,chr2,43603500,43603,uniform random atlas bin (seed 20260702),
bg_0207,background,chr2,45511500,45511,uniform random atlas bin (seed 20260702),
bg_0208,background,chr2,47434500,47434,uniform random atlas bin (seed 20260702),
bg_0209,background,chr2,50642500,50642,uniform random atlas bin (seed 20260702),
bg_0210,background,chr2,52725500,52725,uniform random atlas bin (seed 20260702),
bg_0211,background,chr2,53044500,53044,uniform random atlas bin (seed 20260702),
bg_0212,background,chr2,58272500,58272,uniform random atlas bin (seed 20260702),
bg_0213,background,chr2,63289500,63289,uniform random atlas bin (seed 20260702),
bg_0214,background,chr2,64667500,64667,uniform random atlas bin (seed 20260702),
bg_0215,background,chr2,65046500,65046,uniform random atlas bin (seed 20260702),
bg_0216,background,chr2,65989500,65989,uniform random atlas bin (seed 20260702),
bg_0217,background,chr2,66099500,66099,uniform random atlas bin (seed 20260702),
bg_0218,background,chr2,66505500,66505,uniform random atlas bin (seed 20260702),
bg_0219,background,chr2,66997500,66997,uniform random atlas bin (seed 20260702),
bg_0220,background,chr2,68284500,68284,uniform random atlas bin (seed 20260702),
bg_0221,background,chr2,69615500,69615,uniform random atlas bin (seed 20260702),
bg_0222,background,chr2,70124500,70124,uniform random atlas bin (seed 20260702),
bg_0223,background,chr2,70233500,70233,uniform random atlas bin (seed 20260702),
bg_0224,background,chr2,70976500,70976,uniform random atlas bin (seed 20260702),
bg_0225,background,chr2,72006500,72006,uniform random atlas bin (seed 20260702),
bg_0226,background,chr2,72321500,72321,uniform random atlas bin (seed 20260702),
bg_0227,background,chr2,73391500,73391,uniform random atlas bin (seed 20260702),
bg_0228,background,chr2,73698500,73698,uniform random atlas bin (seed 20260702),
bg_0229,background,chr2,74254500,74254,uniform random atlas bin (seed 20260702),
bg_0230,background,chr2,74403500,74403,uniform random atlas bin (seed 20260702),
bg_0231,background,chr2,74601500,74601,uniform random atlas bin (seed 20260702),
bg_0232,background,chr2,79568500,79568,uniform random atlas bin (seed 20260702),
bg_0233,background,chr2,80534500,80534,uniform random atlas bin (seed 20260702),
bg_0234,background,chr2,81134500,81134,uniform random atlas bin (seed 20260702),
bg_0235,background,chr2,81815500,81815,uniform random atlas bin (seed 20260702),
bg_0236,background,chr2,82846500,82846,uniform random atlas bin (seed 20260702),
bg_0237,background,chr2,83634500,83634,uniform random atlas bin (seed 20260702),
bg_0238,background,chr2,84590500,84590,uniform random atlas bin (seed 20260702),
bg_0239,background,chr2,88125500,88125,uniform random atlas bin (seed 20260702),
bg_0240,background,chr2,89399500,89399,uniform random atlas bin (seed 20260702),
bg_0241,background,chr2,89451500,89451,uniform random atlas bin (seed 20260702),
bg_0242,background,chr2,90486500,90486,uniform random atlas bin (seed 20260702),
bg_0243,background,chr2,91977500,91977,uniform random atlas bin (seed 20260702),
bg_0244,background,chr2,92600500,92600,uniform random atlas bin (seed 20260702),
bg_0245,background,chr2,93947500,93947,uniform random atlas bin (seed 20260702),
bg_0246,background,chr2,95080500,95080,uniform random atlas bin (seed 20260702),
bg_0247,background,chr2,95296500,95296,uniform random atlas bin (seed 20260702),
bg_0248,background,chr2,95638500,95638,uniform random atlas bin (seed 20260702),
bg_0249,background,chr2,95698500,95698,uniform random atlas bin (seed 20260702),
bg_0250,background,chr2,96199500,96199,uniform random atlas bin (seed 20260702),
bg_0251,background,chr2,97492500,97492,uniform random atlas bin (seed 20260702),
bg_0252,background,chr2,97858500,97858,uniform random atlas bin (seed 20260702),
bg_0253,background,chr2,98731500,98731,uniform random atlas bin (seed 20260702),
bg_0254,background,chr2,98874500,98874,uniform random atlas bin (seed 20260702),
bg_0255,background,chr2,101926500,101926,uniform random atlas bin (seed 20260702),
bg_0256,background,chr2,102953500,102953,uniform random atlas bin (seed 20260702),
bg_0257,background,chr2,105211500,105211,uniform random atlas bin (seed 20260702),
bg_0258,background,chr2,108491500,108491,uniform random atlas bin (seed 20260702),
bg_0259,background,chr2,110703500,110703,uniform random atlas bin (seed 20260702),
bg_0260,background,chr2,111877500,111877,uniform random atlas bin (seed 20260702),
bg_0261,background,chr2,118985500,118985,uniform random atlas bin (seed 20260702),
bg_0262,background,chr2,119246500,119246,uniform random atlas bin (seed 20260702),
bg_0263,background,chr2,122261500,122261,uniform random atlas bin (seed 20260702),
bg_0264,background,chr2,124307500,124307,uniform random atlas bin (seed 20260702),
bg_0265,background,chr2,128160500,128160,uniform random atlas bin (seed 20260702),
bg_0266,background,chr2,128985500,128985,uniform random atlas bin (seed 20260702),
bg_0267,background,chr2,130715500,130715,uniform random atlas bin (seed 20260702),
bg_0268,background,chr2,131085500,131085,uniform random atlas bin (seed 20260702),
bg_0269,background,chr2,131936500,131936,uniform random atlas bin (seed 20260702),
bg_0270,background,chr2,132446500,132446,uniform random atlas bin (seed 20260702),
bg_0271,background,chr2,132828500,132828,uniform random atlas bin (seed 20260702),
bg_0272,background,chr2,135484500,135484,uniform random atlas bin (seed 20260702),
bg_0273,background,chr2,135930500,135930,uniform random atlas bin (seed 20260702),
bg_0274,background,chr2,139481500,139481,uniform random atlas bin (seed 20260702),
bg_0275,background,chr2,141946500,141946,uniform random atlas bin (seed 20260702),
bg_0276,background,chr2,143390500,143390,uniform random atlas bin (seed 20260702),
bg_0277,background,chr2,144909500,144909,uniform random atlas bin (seed 20260702),
bg_0278,background,chr2,145200500,145200,uniform random atlas bin (seed 20260702),
bg_0279,background,chr2,145698500,145698,uniform random atlas bin (seed 20260702),
bg_0280,background,chr2,147356500,147356,uniform random atlas bin (seed 20260702),
bg_0281,background,chr2,148672500,148672,uniform random atlas bin (seed 20260702),
bg_0282,background,chr2,148917500,148917,uniform random atlas bin (seed 20260702),
bg_0283,background,chr2,154139500,154139,uniform random atlas bin (seed 20260702),
bg_0284,background,chr2,154753500,154753,uniform random atlas bin (seed 20260702),
bg_0285,background,chr2,155632500,155632,uniform random atlas bin (seed 20260702),
bg_0286,background,chr2,156977500,156977,uniform random atlas bin (seed 20260702),
bg_0287,background,chr2,157371500,157371,uniform random atlas bin (seed 20260702),
bg_0288,background,chr2,158969500,158969,uniform random atlas bin (seed 20260702),
bg_0289,background,chr2,160905500,160905,uniform random atlas bin (seed 20260702),
bg_0290,background,chr2,160998500,160998,uniform random atlas bin (seed 20260702),
bg_0291,background,chr2,161107500,161107,uniform random atlas bin (seed 20260702),
bg_0292,background,chr2,165033500,165033,uniform random atlas bin (seed 20260702),
bg_0293,background,chr2,166690500,166690,uniform random atlas bin (seed 20260702),
bg_0294,background,chr2,170146500,170146,uniform random atlas bin (seed 20260702),
bg_0295,background,chr2,173483500,173483,uniform random atlas bin (seed 20260702),
bg_0296,background,chr2,174997500,174997,uniform random atlas bin (seed 20260702),
bg_0297,background,chr2,177015500,177015,uniform random atlas bin (seed 20260702),
bg_0298,background,chr2,177350500,177350,uniform random atlas bin (seed 20260702),
bg_0299,background,chr2,178281500,178281,uniform random atlas bin (seed 20260702),
bg_0300,background,chr2,179845500,179845,uniform random atlas bin (seed 20260702),
bg_0301,background,chr2,180415500,180415,uniform random atlas bin (seed 20260702),
bg_0302,background,chr2,181038500,181038,uniform random atlas bin (seed 20260702),
bg_0303,background,chr2,181405500,181405,uniform random atlas bin (seed 20260702),
bg_0304,background,chr2,182722500,182722,uniform random atlas bin (seed 20260702),
bg_0305,background,chr2,182772500,182772,uniform random atlas bin (seed 20260702),
bg_0306,background,chr2,183870500,183870,uniform random atlas bin (seed 20260702),
bg_0307,background,chr2,194153500,194153,uniform random atlas bin (seed 20260702),
bg_0308,background,chr2,195909500,195909,uniform random atlas bin (seed 20260702),
bg_0309,background,chr2,197294500,197294,uniform random atlas bin (seed 20260702),
bg_0310,background,chr2,197812500,197812,uniform random atlas bin (seed 20260702),
bg_0311,background,chr2,197981500,197981,uniform random atlas bin (seed 20260702),
bg_0312,background,chr2,198017500,198017,uniform random atlas bin (seed 20260702),
bg_0313,background,chr2,203180500,203180,uniform random atlas bin (seed 20260702),
bg_0314,background,chr2,203741500,203741,uniform random atlas bin (seed 20260702),
bg_0315,background,chr2,204018500,204018,uniform random atlas bin (seed 20260702),
bg_0316,background,chr2,205835500,205835,uniform random atlas bin (seed 20260702),
bg_0317,background,chr2,206661500,206661,uniform random atlas bin (seed 20260702),
bg_0318,background,chr2,207149500,207149,uniform random atlas bin (seed 20260702),
bg_0319,background,chr2,207373500,207373,uniform random atlas bin (seed 20260702),
bg_0320,background,chr2,207912500,207912,uniform random atlas bin (seed 20260702),
bg_0321,background,chr2,210708500,210708,uniform random atlas bin (seed 20260702),
bg_0322,background,chr2,210792500,210792,uniform random atlas bin (seed 20260702),
bg_0323,background,chr2,215864500,215864,uniform random atlas bin (seed 20260702),
bg_0324,background,chr2,217398500,217398,uniform random atlas bin (seed 20260702),
bg_0325,background,chr2,222972500,222972,uniform random atlas bin (seed 20260702),
bg_0326,background,chr2,223416500,223416,uniform random atlas bin (seed 20260702),
bg_0327,background,chr2,225304500,225304,uniform random atlas bin (seed 20260702),
bg_0328,background,chr2,227179500,227179,uniform random atlas bin (seed 20260702),
bg_0329,background,chr2,227658500,227658,uniform random atlas bin (seed 20260702),
bg_0330,background,chr2,230281500,230281,uniform random atlas bin (seed 20260702),
bg_0331,background,chr2,230922500,230922,uniform random atlas bin (seed 20260702),
bg_0332,background,chr2,231934500,231934,uniform random atlas bin (seed 20260702),
bg_0333,background,chr2,232591500,232591,uniform random atlas bin (seed 20260702),
bg_0334,background,chr2,233556500,233556,uniform random atlas bin (seed 20260702),
bg_0335,background,chr2,234015500,234015,uniform random atlas bin (seed 20260702),
bg_0336,background,chr2,234605500,234605,uniform random atlas bin (seed 20260702),
bg_0337,background,chr2,236545500,236545,uniform random atlas bin (seed 20260702),
bg_0338,background,chr2,237763500,237763,uniform random atlas bin (seed 20260702),
bg_0339,background,chr2,238818500,238818,uniform random atlas bin (seed 20260702),
bg_0340,background,chr2,239790500,239790,uniform random atlas bin (seed 20260702),
bg_0341,background,chr2,241051500,241051,uniform random atlas bin (seed 20260702),
bg_0342,background,chr3,2784500,2784,uniform random atlas bin (seed 20260702),
bg_0343,background,chr3,5944500,5944,uniform random atlas bin (seed 20260702),
bg_0344,background,chr3,7474500,7474,uniform random atlas bin (seed 20260702),
bg_0345,background,chr3,7984500,7984,uniform random atlas bin (seed 20260702),
bg_0346,background,chr3,8176500,8176,uniform random atlas bin (seed 20260702),
bg_0347,background,chr3,8234500,8234,uniform random atlas bin (seed 20260702),
bg_0348,background,chr3,8759500,8759,uniform random atlas bin (seed 20260702),
bg_0349,background,chr3,9827500,9827,uniform random atlas bin (seed 20260702),
bg_0350,background,chr3,10115500,10115,uniform random atlas bin (seed 20260702),
bg_0351,background,chr3,12729500,12729,uniform random atlas bin (seed 20260702),
bg_0352,background,chr3,12808500,12808,uniform random atlas bin (seed 20260702),
bg_0353,background,chr3,12925500,12925,uniform random atlas bin (seed 20260702),
bg_0354,background,chr3,15373500,15373,uniform random atlas bin (seed 20260702),
bg_0355,background,chr3,15912500,15912,uniform random atlas bin (seed 20260702),
bg_0356,background,chr3,17993500,17993,uniform random atlas bin (seed 20260702),
bg_0357,background,chr3,18262500,18262,uniform random atlas bin (seed 20260702),
bg_0358,background,chr3,18422500,18422,uniform random atlas bin (seed 20260702),
bg_0359,background,chr3,19061500,19061,uniform random atlas bin (seed 20260702),
bg_0360,background,chr3,19736500,19736,uniform random atlas bin (seed 20260702),
bg_0361,background,chr3,19766500,19766,uniform random atlas bin (seed 20260702),
bg_0362,background,chr3,20301500,20301,uniform random atlas bin (seed 20260702),
bg_0363,background,chr3,20572500,20572,uniform random atlas bin (seed 20260702),
bg_0364,background,chr3,20824500,20824,uniform random atlas bin (seed 20260702),
bg_0365,background,chr3,23498500,23498,uniform random atlas bin (seed 20260702),
bg_0366,background,chr3,24041500,24041,uniform random atlas bin (seed 20260702),
bg_0367,background,chr3,24412500,24412,uniform random atlas bin (seed 20260702),
bg_0368,background,chr3,24855500,24855,uniform random atlas bin (seed 20260702),
bg_0369,background,chr3,27571500,27571,uniform random atlas bin (seed 20260702),
bg_0370,background,chr3,28916500,28916,uniform random atlas bin (seed 20260702),
bg_0371,background,chr3,31953500,31953,uniform random atlas bin (seed 20260702),
bg_0372,background,chr3,33344500,33344,uniform random atlas bin (seed 20260702),
bg_0373,background,chr3,35463500,35463,uniform random atlas bin (seed 20260702),
bg_0374,background,chr3,36315500,36315,uniform random atlas bin (seed 20260702),
bg_0375,background,chr3,36610500,36610,uniform random atlas bin (seed 20260702),
bg_0376,background,chr3,36774500,36774,uniform random atlas bin (seed 20260702),
bg_0377,background,chr3,38328500,38328,uniform random atlas bin (seed 20260702),
bg_0378,background,chr3,39412500,39412,uniform random atlas bin (seed 20260702),
bg_0379,background,chr3,40912500,40912,uniform random atlas bin (seed 20260702),
bg_0380,background,chr3,44374500,44374,uniform random atlas bin (seed 20260702),
bg_0381,background,chr3,45919500,45919,uniform random atlas bin (seed 20260702),
bg_0382,background,chr3,46248500,46248,uniform random atlas bin (seed 20260702),
bg_0383,background,chr3,46817500,46817,uniform random atlas bin (seed 20260702),
bg_0384,background,chr3,47830500,47830,uniform random atlas bin (seed 20260702),
bg_0385,background,chr3,48731500,48731,uniform random atlas bin (seed 20260702),
bg_0386,background,chr3,50130500,50130,uniform random atlas bin (seed 20260702),
bg_0387,background,chr3,51668500,51668,uniform random atlas bin (seed 20260702),
bg_0388,background,chr3,51823500,51823,uniform random atlas bin (seed 20260702),
bg_0389,background,chr3,55565500,55565,uniform random atlas bin (seed 20260702),
bg_0390,background,chr3,57052500,57052,uniform random atlas bin (seed 20260702),
bg_0391,background,chr3,58684500,58684,uniform random atlas bin (seed 20260702),
bg_0392,background,chr3,60067500,60067,uniform random atlas bin (seed 20260702),
bg_0393,background,chr3,60805500,60805,uniform random atlas bin (seed 20260702),
bg_0394,background,chr3,62298500,62298,uniform random atlas bin (seed 20260702),
bg_0395,background,chr3,62381500,62381,uniform random atlas bin (seed 20260702),
bg_0396,background,chr3,65527500,65527,uniform random atlas bin (seed 20260702),
bg_0397,background,chr3,66126500,66126,uniform random atlas bin (seed 20260702),
bg_0398,background,chr3,67851500,67851,uniform random atlas bin (seed 20260702),
bg_0399,background,chr3,67886500,67886,uniform random atlas bin (seed 20260702),
bg_0400,background,chr3,68238500,68238,uniform random atlas bin (seed 20260702),
bg_0401,background,chr3,68869500,68869,uniform random atlas bin (seed 20260702),
bg_0402,background,chr3,72593500,72593,uniform random atlas bin (seed 20260702),
bg_0403,background,chr3,72606500,72606,uniform random atlas bin (seed 20260702),
bg_0404,background,chr3,73099500,73099,uniform random atlas bin (seed 20260702),
bg_0405,background,chr3,74686500,74686,uniform random atlas bin (seed 20260702),
bg_0406,background,chr3,79214500,79214,uniform random atlas bin (seed 20260702),
bg_0407,background,chr3,79782500,79782,uniform random atlas bin (seed 20260702),
bg_0408,background,chr3,79986500,79986,uniform random atlas bin (seed 20260702),
bg_0409,background,chr3,80756500,80756,uniform random atlas bin (seed 20260702),
bg_0410,background,chr3,81018500,81018,uniform random atlas bin (seed 20260702),
bg_0411,background,chr3,81271500,81271,uniform random atlas bin (seed 20260702),
bg_0412,background,chr3,81446500,81446,uniform random atlas bin (seed 20260702),
bg_0413,background,chr3,81551500,81551,uniform random atlas bin (seed 20260702),
bg_0414,background,chr3,81951500,81951,uniform random atlas bin (seed 20260702),
bg_0415,background,chr3,82715500,82715,uniform random atlas bin (seed 20260702),
bg_0416,background,chr3,85570500,85570,uniform random atlas bin (seed 20260702),
bg_0417,background,chr3,86917500,86917,uniform random atlas bin (seed 20260702),
bg_0418,background,chr3,87175500,87175,uniform random atlas bin (seed 20260702),
bg_0419,background,chr3,88013500,88013,uniform random atlas bin (seed 20260702),
bg_0420,background,chr3,89046500,89046,uniform random atlas bin (seed 20260702),
bg_0421,background,chr3,89417500,89417,uniform random atlas bin (seed 20260702),
bg_0422,background,chr3,90689500,90689,uniform random atlas bin (seed 20260702),
bg_0423,background,chr3,91733500,91733,uniform random atlas bin (seed 20260702),
bg_0424,background,chr3,91912500,91912,uniform random atlas bin (seed 20260702),
bg_0425,background,chr3,92332500,92332,uniform random atlas bin (seed 20260702),
bg_0426,background,chr3,96430500,96430,uniform random atlas bin (seed 20260702),
bg_0427,background,chr3,97804500,97804,uniform random atlas bin (seed 20260702),
bg_0428,background,chr3,103400500,103400,uniform random atlas bin (seed 20260702),
bg_0429,background,chr3,104245500,104245,uniform random atlas bin (seed 20260702),
bg_0430,background,chr3,104540500,104540,uniform random atlas bin (seed 20260702),
bg_0431,background,chr3,107862500,107862,uniform random atlas bin (seed 20260702),
bg_0432,background,chr3,108705500,108705,uniform random atlas bin (seed 20260702),
bg_0433,background,chr3,109655500,109655,uniform random atlas bin (seed 20260702),
bg_0434,background,chr3,109687500,109687,uniform random atlas bin (seed 20260702),
bg_0435,background,chr3,110823500,110823,uniform random atlas bin (seed 20260702),
bg_0436,background,chr3,115038500,115038,uniform random atlas bin (seed 20260702),
bg_0437,background,chr3,120433500,120433,uniform random atlas bin (seed 20260702),
bg_0438,background,chr3,122357500,122357,uniform random atlas bin (seed 20260702),
bg_0439,background,chr3,122630500,122630,uniform random atlas bin (seed 20260702),
bg_0440,background,chr3,122812500,122812,uniform random atlas bin (seed 20260702),
bg_0441,background,chr3,124107500,124107,uniform random atlas bin (seed 20260702),
bg_0442,background,chr3,125066500,125066,uniform random atlas bin (seed 20260702),
bg_0443,background,chr3,129739500,129739,uniform random atlas bin (seed 20260702),
bg_0444,background,chr3,129984500,129984,uniform random atlas bin (seed 20260702),
bg_0445,background,chr3,130757500,130757,uniform random atlas bin (seed 20260702),
bg_0446,background,chr3,131706500,131706,uniform random atlas bin (seed 20260702),
bg_0447,background,chr3,131772500,131772,uniform random atlas bin (seed 20260702),
bg_0448,background,chr3,132722500,132722,uniform random atlas bin (seed 20260702),
bg_0449,background,chr3,133318500,133318,uniform random atlas bin (seed 20260702),
bg_0450,background,chr3,135494500,135494,uniform random atlas bin (seed 20260702),
bg_0451,background,chr3,139610500,139610,uniform random atlas bin (seed 20260702),
bg_0452,background,chr3,139925500,139925,uniform random atlas bin (seed 20260702),
bg_0453,background,chr3,142346500,142346,uniform random atlas bin (seed 20260702),
bg_0454,background,chr3,142741500,142741,uniform random atlas bin (seed 20260702),
bg_0455,background,chr3,145265500,145265,uniform random atlas bin (seed 20260702),
bg_0456,background,chr3,147975500,147975,uniform random atlas bin (seed 20260702),
bg_0457,background,chr3,148346500,148346,uniform random atlas bin (seed 20260702),
bg_0458,background,chr3,149328500,149328,uniform random atlas bin (seed 20260702),
bg_0459,background,chr3,151274500,151274,uniform random atlas bin (seed 20260702),
bg_0460,background,chr3,153091500,153091,uniform random atlas bin (seed 20260702),
bg_0461,background,chr3,153104500,153104,uniform random atlas bin (seed 20260702),
bg_0462,background,chr3,153179500,153179,uniform random atlas bin (seed 20260702),
bg_0463,background,chr3,157311500,157311,uniform random atlas bin (seed 20260702),
bg_0464,background,chr3,158314500,158314,uniform random atlas bin (seed 20260702),
bg_0465,background,chr3,158418500,158418,uniform random atlas bin (seed 20260702),
bg_0466,background,chr3,158784500,158784,uniform random atlas bin (seed 20260702),
bg_0467,background,chr3,158862500,158862,uniform random atlas bin (seed 20260702),
bg_0468,background,chr3,158994500,158994,uniform random atlas bin (seed 20260702),
bg_0469,background,chr3,161118500,161118,uniform random atlas bin (seed 20260702),
bg_0470,background,chr3,162036500,162036,uniform random atlas bin (seed 20260702),
bg_0471,background,chr3,162699500,162699,uniform random atlas bin (seed 20260702),
bg_0472,background,chr3,165908500,165908,uniform random atlas bin (seed 20260702),
bg_0473,background,chr3,168264500,168264,uniform random atlas bin (seed 20260702),
bg_0474,background,chr3,168752500,168752,uniform random atlas bin (seed 20260702),
bg_0475,background,chr3,168776500,168776,uniform random atlas bin (seed 20260702),
bg_0476,background,chr3,170773500,170773,uniform random atlas bin (seed 20260702),
bg_0477,background,chr3,173029500,173029,uniform random atlas bin (seed 20260702),
bg_0478,background,chr3,175925500,175925,uniform random atlas bin (seed 20260702),
bg_0479,background,chr3,177618500,177618,uniform random atlas bin (seed 20260702),
bg_0480,background,chr3,179847500,179847,uniform random atlas bin (seed 20260702),
bg_0481,background,chr3,181098500,181098,uniform random atlas bin (seed 20260702),
bg_0482,background,chr3,181275500,181275,uniform random atlas bin (seed 20260702),
bg_0483,background,chr3,185387500,185387,uniform random atlas bin (seed 20260702),
bg_0484,background,chr3,189012500,189012,uniform random atlas bin (seed 20260702),
bg_0485,background,chr3,192014500,192014,uniform random atlas bin (seed 20260702),
bg_0486,background,chr3,192831500,192831,uniform random atlas bin (seed 20260702),
bg_0487,background,chr3,193016500,193016,uniform random atlas bin (seed 20260702),
bg_0488,background,chr3,193666500,193666,uniform random atlas bin (seed 20260702),
bg_0489,background,chr3,195532500,195532,uniform random atlas bin (seed 20260702),
bg_0490,background,chr3,195965500,195965,uniform random atlas bin (seed 20260702),
bg_0491,background,chr3,196502500,196502,uniform random atlas bin (seed 20260702),
bg_0492,background,chr4,180500,180,uniform random atlas bin (seed 20260702),
bg_0493,background,chr4,895500,895,uniform random atlas bin (seed 20260702),
bg_0494,background,chr4,3600500,3600,uniform random atlas bin (seed 20260702),
bg_0495,background,chr4,5528500,5528,uniform random atlas bin (seed 20260702),
bg_0496,background,chr4,6054500,6054,uniform random atlas bin (seed 20260702),
bg_0497,background,chr4,7553500,7553,uniform random atlas bin (seed 20260702),
bg_0498,background,chr4,8026500,8026,uniform random atlas bin (seed 20260702),
bg_0499,background,chr4,8880500,8880,uniform random atlas bin (seed 20260702),
bg_0500,background,chr4,10322500,10322,uniform random atlas bin (seed 20260702),
bg_0501,background,chr4,14514500,14514,uniform random atlas bin (seed 20260702),
bg_0502,background,chr4,15728500,15728,uniform random atlas bin (seed 20260702),
bg_0503,background,chr4,15935500,15935,uniform random atlas bin (seed 20260702),
bg_0504,background,chr4,17081500,17081,uniform random atlas bin (seed 20260702),
bg_0505,background,chr4,18597500,18597,uniform random atlas bin (seed 20260702),
bg_0506,background,chr4,22755500,22755,uniform random atlas bin (seed 20260702),
bg_0507,background,chr4,24921500,24921,uniform random atlas bin (seed 20260702),
bg_0508,background,chr4,27500500,27500,uniform random atlas bin (seed 20260702),
bg_0509,background,chr4,33414500,33414,uniform random atlas bin (seed 20260702),
bg_0510,background,chr4,36005500,36005,uniform random atlas bin (seed 20260702),
bg_0511,background,chr4,40268500,40268,uniform random atlas bin (seed 20260702),
bg_0512,background,chr4,41538500,41538,uniform random atlas bin (seed 20260702),
bg_0513,background,chr4,43325500,43325,uniform random atlas bin (seed 20260702),
bg_0514,background,chr4,45932500,45932,uniform random atlas bin (seed 20260702),
bg_0515,background,chr4,46255500,46255,uniform random atlas bin (seed 20260702),
bg_0516,background,chr4,48687500,48687,uniform random atlas bin (seed 20260702),
bg_0517,background,chr4,52756500,52756,uniform random atlas bin (seed 20260702),
bg_0518,background,chr4,55622500,55622,uniform random atlas bin (seed 20260702),
bg_0519,background,chr4,55727500,55727,uniform random atlas bin (seed 20260702),
bg_0520,background,chr4,56724500,56724,uniform random atlas bin (seed 20260702),
bg_0521,background,chr4,57054500,57054,uniform random atlas bin (seed 20260702),
bg_0522,background,chr4,58740500,58740,uniform random atlas bin (seed 20260702),
bg_0523,background,chr4,58749500,58749,uniform random atlas bin (seed 20260702),
bg_0524,background,chr4,58752500,58752,uniform random atlas bin (seed 20260702),
bg_0525,background,chr4,59270500,59270,uniform random atlas bin (seed 20260702),
bg_0526,background,chr4,62180500,62180,uniform random atlas bin (seed 20260702),
bg_0527,background,chr4,62547500,62547,uniform random atlas bin (seed 20260702),
bg_0528,background,chr4,64673500,64673,uniform random atlas bin (seed 20260702),
bg_0529,background,chr4,65038500,65038,uniform random atlas bin (seed 20260702),
bg_0530,background,chr4,66371500,66371,uniform random atlas bin (seed 20260702),
bg_0531,background,chr4,66692500,66692,uniform random atlas bin (seed 20260702),
bg_0532,background,chr4,75454500,75454,uniform random atlas bin (seed 20260702),
bg_0533,background,chr4,76086500,76086,uniform random atlas bin (seed 20260702),
bg_0534,background,chr4,76648500,76648,uniform random atlas bin (seed 20260702),
bg_0535,background,chr4,78981500,78981,uniform random atlas bin (seed 20260702),
bg_0536,background,chr4,78985500,78985,uniform random atlas bin (seed 20260702),
bg_0537,background,chr4,80797500,80797,uniform random atlas bin (seed 20260702),
bg_0538,background,chr4,82176500,82176,uniform random atlas bin (seed 20260702),
bg_0539,background,chr4,83364500,83364,uniform random atlas bin (seed 20260702),
bg_0540,background,chr4,83562500,83562,uniform random atlas bin (seed 20260702),
bg_0541,background,chr4,85218500,85218,uniform random atlas bin (seed 20260702),
bg_0542,background,chr4,90442500,90442,uniform random atlas bin (seed 20260702),
bg_0543,background,chr4,92634500,92634,uniform random atlas bin (seed 20260702),
bg_0544,background,chr4,95119500,95119,uniform random atlas bin (seed 20260702),
bg_0545,background,chr4,96651500,96651,uniform random atlas bin (seed 20260702),
bg_0546,background,chr4,97068500,97068,uniform random atlas bin (seed 20260702),
bg_0547,background,chr4,99595500,99595,uniform random atlas bin (seed 20260702),
bg_0548,background,chr4,100415500,100415,uniform random atlas bin (seed 20260702),
bg_0549,background,chr4,100464500,100464,uniform random atlas bin (seed 20260702),
bg_0550,background,chr4,101673500,101673,uniform random atlas bin (seed 20260702),
bg_0551,background,chr4,102774500,102774,uniform random atlas bin (seed 20260702),
bg_0552,background,chr4,102839500,102839,uniform random atlas bin (seed 20260702),
bg_0553,background,chr4,104147500,104147,uniform random atlas bin (seed 20260702),
bg_0554,background,chr4,105570500,105570,uniform random atlas bin (seed 20260702),
bg_0555,background,chr4,107619500,107619,uniform random atlas bin (seed 20260702),
bg_0556,background,chr4,111136500,111136,uniform random atlas bin (seed 20260702),
bg_0557,background,chr4,111217500,111217,uniform random atlas bin (seed 20260702),
bg_0558,background,chr4,112876500,112876,uniform random atlas bin (seed 20260702),
bg_0559,background,chr4,116718500,116718,uniform random atlas bin (seed 20260702),
bg_0560,background,chr4,117717500,117717,uniform random atlas bin (seed 20260702),
bg_0561,background,chr4,120445500,120445,uniform random atlas bin (seed 20260702),
bg_0562,background,chr4,121693500,121693,uniform random atlas bin (seed 20260702),
bg_0563,background,chr4,125180500,125180,uniform random atlas bin (seed 20260702),
bg_0564,background,chr4,128009500,128009,uniform random atlas bin (seed 20260702),
bg_0565,background,chr4,128505500,128505,uniform random atlas bin (seed 20260702),
bg_0566,background,chr4,128836500,128836,uniform random atlas bin (seed 20260702),
bg_0567,background,chr4,128957500,128957,uniform random atlas bin (seed 20260702),
bg_0568,background,chr4,131393500,131393,uniform random atlas bin (seed 20260702),
bg_0569,background,chr4,133170500,133170,uniform random atlas bin (seed 20260702),
bg_0570,background,chr4,133212500,133212,uniform random atlas bin (seed 20260702),
bg_0571,background,chr4,134154500,134154,uniform random atlas bin (seed 20260702),
bg_0572,background,chr4,135635500,135635,uniform random atlas bin (seed 20260702),
bg_0573,background,chr4,135989500,135989,uniform random atlas bin (seed 20260702),
bg_0574,background,chr4,136896500,136896,uniform random atlas bin (seed 20260702),
bg_0575,background,chr4,138944500,138944,uniform random atlas bin (seed 20260702),
bg_0576,background,chr4,139221500,139221,uniform random atlas bin (seed 20260702),
bg_0577,background,chr4,139647500,139647,uniform random atlas bin (seed 20260702),
bg_0578,background,chr4,139905500,139905,uniform random atlas bin (seed 20260702),
bg_0579,background,chr4,142103500,142103,uniform random atlas bin (seed 20260702),
bg_0580,background,chr4,143497500,143497,uniform random atlas bin (seed 20260702),
bg_0581,background,chr4,143892500,143892,uniform random atlas bin (seed 20260702),
bg_0582,background,chr4,145068500,145068,uniform random atlas bin (seed 20260702),
bg_0583,background,chr4,146959500,146959,uniform random atlas bin (seed 20260702),
bg_0584,background,chr4,147139500,147139,uniform random atlas bin (seed 20260702),
bg_0585,background,chr4,148114500,148114,uniform random atlas bin (seed 20260702),
bg_0586,background,chr4,149887500,149887,uniform random atlas bin (seed 20260702),
bg_0587,background,chr4,150673500,150673,uniform random atlas bin (seed 20260702),
bg_0588,background,chr4,152511500,152511,uniform random atlas bin (seed 20260702),
bg_0589,background,chr4,152799500,152799,uniform random atlas bin (seed 20260702),
bg_0590,background,chr4,154761500,154761,uniform random atlas bin (seed 20260702),
bg_0591,background,chr4,156970500,156970,uniform random atlas bin (seed 20260702),
bg_0592,background,chr4,158682500,158682,uniform random atlas bin (seed 20260702),
bg_0593,background,chr4,163047500,163047,uniform random atlas bin (seed 20260702),
bg_0594,background,chr4,163612500,163612,uniform random atlas bin (seed 20260702),
bg_0595,background,chr4,166169500,166169,uniform random atlas bin (seed 20260702),
bg_0596,background,chr4,168263500,168263,uniform random atlas bin (seed 20260702),
bg_0597,background,chr4,171914500,171914,uniform random atlas bin (seed 20260702),
bg_0598,background,chr4,175475500,175475,uniform random atlas bin (seed 20260702),
bg_0599,background,chr4,175510500,175510,uniform random atlas bin (seed 20260702),
bg_0600,background,chr4,175923500,175923,uniform random atlas bin (seed 20260702),
bg_0601,background,chr4,175977500,175977,uniform random atlas bin (seed 20260702),
bg_0602,background,chr4,181786500,181786,uniform random atlas bin (seed 20260702),
bg_0603,background,chr4,182900500,182900,uniform random atlas bin (seed 20260702),
bg_0604,background,chr4,183855500,183855,uniform random atlas bin (seed 20260702),
bg_0605,background,chr4,184011500,184011,uniform random atlas bin (seed 20260702),
bg_0606,background,chr4,185678500,185678,uniform random atlas bin (seed 20260702),
bg_0607,background,chr4,186010500,186010,uniform random atlas bin (seed 20260702),
bg_0608,background,chr4,187872500,187872,uniform random atlas bin (seed 20260702),
bg_0609,background,chr5,781500,781,uniform random atlas bin (seed 20260702),
bg_0610,background,chr5,956500,956,uniform random atlas bin (seed 20260702),
bg_0611,background,chr5,4732500,4732,uniform random atlas bin (seed 20260702),
bg_0612,background,chr5,7278500,7278,uniform random atlas bin (seed 20260702),
bg_0613,background,chr5,8495500,8495,uniform random atlas bin (seed 20260702),
bg_0614,background,chr5,14028500,14028,uniform random atlas bin (seed 20260702),
bg_0615,background,chr5,14126500,14126,uniform random atlas bin (seed 20260702),
bg_0616,background,chr5,19379500,19379,uniform random atlas bin (seed 20260702),
bg_0617,background,chr5,19605500,19605,uniform random atlas bin (seed 20260702),
bg_0618,background,chr5,21295500,21295,uniform random atlas bin (seed 20260702),
bg_0619,background,chr5,21497500,21497,uniform random atlas bin (seed 20260702),
bg_0620,background,chr5,21532500,21532,uniform random atlas bin (seed 20260702),
bg_0621,background,chr5,23925500,23925,uniform random atlas bin (seed 20260702),
bg_0622,background,chr5,25105500,25105,uniform random atlas bin (seed 20260702),
bg_0623,background,chr5,31936500,31936,uniform random atlas bin (seed 20260702),
bg_0624,background,chr5,33521500,33521,uniform random atlas bin (seed 20260702),
bg_0625,background,chr5,41812500,41812,uniform random atlas bin (seed 20260702),
bg_0626,background,chr5,42600500,42600,uniform random atlas bin (seed 20260702),
bg_0627,background,chr5,46048500,46048,uniform random atlas bin (seed 20260702),
bg_0628,background,chr5,46364500,46364,uniform random atlas bin (seed 20260702),
bg_0629,background,chr5,47043500,47043,uniform random atlas bin (seed 20260702),
bg_0630,background,chr5,47680500,47680,uniform random atlas bin (seed 20260702),
bg_0631,background,chr5,48567500,48567,uniform random atlas bin (seed 20260702),
bg_0632,background,chr5,51642500,51642,uniform random atlas bin (seed 20260702),
bg_0633,background,chr5,51793500,51793,uniform random atlas bin (seed 20260702),
bg_0634,background,chr5,52042500,52042,uniform random atlas bin (seed 20260702),
bg_0635,background,chr5,53844500,53844,uniform random atlas bin (seed 20260702),
bg_0636,background,chr5,54265500,54265,uniform random atlas bin (seed 20260702),
bg_0637,background,chr5,54934500,54934,uniform random atlas bin (seed 20260702),
bg_0638,background,chr5,55011500,55011,uniform random atlas bin (seed 20260702),
bg_0639,background,chr5,58233500,58233,uniform random atlas bin (seed 20260702),
bg_0640,background,chr5,58376500,58376,uniform random atlas bin (seed 20260702),
bg_0641,background,chr5,58948500,58948,uniform random atlas bin (seed 20260702),
bg_0642,background,chr5,59126500,59126,uniform random atlas bin (seed 20260702),
bg_0643,background,chr5,64626500,64626,uniform random atlas bin (seed 20260702),
bg_0644,background,chr5,68767500,68767,uniform random atlas bin (seed 20260702),
bg_0645,background,chr5,71716500,71716,uniform random atlas bin (seed 20260702),
bg_0646,background,chr5,73874500,73874,uniform random atlas bin (seed 20260702),
bg_0647,background,chr5,77086500,77086,uniform random atlas bin (seed 20260702),
bg_0648,background,chr5,77240500,77240,uniform random atlas bin (seed 20260702),
bg_0649,background,chr5,78122500,78122,uniform random atlas bin (seed 20260702),
bg_0650,background,chr5,79323500,79323,uniform random atlas bin (seed 20260702),
bg_0651,background,chr5,79868500,79868,uniform random atlas bin (seed 20260702),
bg_0652,background,chr5,80372500,80372,uniform random atlas bin (seed 20260702),
bg_0653,background,chr5,82625500,82625,uniform random atlas bin (seed 20260702),
bg_0654,background,chr5,84626500,84626,uniform random atlas bin (seed 20260702),
bg_0655,background,chr5,84863500,84863,uniform random atlas bin (seed 20260702),
bg_0656,background,chr5,85536500,85536,uniform random atlas bin (seed 20260702),
bg_0657,background,chr5,86734500,86734,uniform random atlas bin (seed 20260702),
bg_0658,background,chr5,88171500,88171,uniform random atlas bin (seed 20260702),
bg_0659,background,chr5,91306500,91306,uniform random atlas bin (seed 20260702),
bg_0660,background,chr5,91786500,91786,uniform random atlas bin (seed 20260702),
bg_0661,background,chr5,92609500,92609,uniform random atlas bin (seed 20260702),
bg_0662,background,chr5,92840500,92840,uniform random atlas bin (seed 20260702),
bg_0663,background,chr5,94394500,94394,uniform random atlas bin (seed 20260702),
bg_0664,background,chr5,96020500,96020,uniform random atlas bin (seed 20260702),
bg_0665,background,chr5,98843500,98843,uniform random atlas bin (seed 20260702),
bg_0666,background,chr5,101174500,101174,uniform random atlas bin (seed 20260702),
bg_0667,background,chr5,101258500,101258,uniform random atlas bin (seed 20260702),
bg_0668,background,chr5,101606500,101606,uniform random atlas bin (seed 20260702),
bg_0669,background,chr5,103015500,103015,uniform random atlas bin (seed 20260702),
bg_0670,background,chr5,104081500,104081,uniform random atlas bin (seed 20260702),
bg_0671,background,chr5,104433500,104433,uniform random atlas bin (seed 20260702),
bg_0672,background,chr5,109887500,109887,uniform random atlas bin (seed 20260702),
bg_0673,background,chr5,110529500,110529,uniform random atlas bin (seed 20260702),
bg_0674,background,chr5,113328500,113328,uniform random atlas bin (seed 20260702),
bg_0675,background,chr5,114106500,114106,uniform random atlas bin (seed 20260702),
bg_0676,background,chr5,115296500,115296,uniform random atlas bin (seed 20260702),
bg_0677,background,chr5,115543500,115543,uniform random atlas bin (seed 20260702),
bg_0678,background,chr5,117555500,117555,uniform random atlas bin (seed 20260702),
bg_0679,background,chr5,121279500,121279,uniform random atlas bin (seed 20260702),
bg_0680,background,chr5,122415500,122415,uniform random atlas bin (seed 20260702),
bg_0681,background,chr5,123024500,123024,uniform random atlas bin (seed 20260702),
bg_0682,background,chr5,125289500,125289,uniform random atlas bin (seed 20260702),
bg_0683,background,chr5,125621500,125621,uniform random atlas bin (seed 20260702),
bg_0684,background,chr5,126217500,126217,uniform random atlas bin (seed 20260702),
bg_0685,background,chr5,126616500,126616,uniform random atlas bin (seed 20260702),
bg_0686,background,chr5,127989500,127989,uniform random atlas bin (seed 20260702),
bg_0687,background,chr5,129284500,129284,uniform random atlas bin (seed 20260702),
bg_0688,background,chr5,129289500,129289,uniform random atlas bin (seed 20260702),
bg_0689,background,chr5,130138500,130138,uniform random atlas bin (seed 20260702),
bg_0690,background,chr5,130360500,130360,uniform random atlas bin (seed 20260702),
bg_0691,background,chr5,131988500,131988,uniform random atlas bin (seed 20260702),
bg_0692,background,chr5,134344500,134344,uniform random atlas bin (seed 20260702),
bg_0693,background,chr5,135827500,135827,uniform random atlas bin (seed 20260702),
bg_0694,background,chr5,136058500,136058,uniform random atlas bin (seed 20260702),
bg_0695,background,chr5,138742500,138742,uniform random atlas bin (seed 20260702),
bg_0696,background,chr5,138828500,138828,uniform random atlas bin (seed 20260702),
bg_0697,background,chr5,139831500,139831,uniform random atlas bin (seed 20260702),
bg_0698,background,chr5,139896500,139896,uniform random atlas bin (seed 20260702),
bg_0699,background,chr5,141091500,141091,uniform random atlas bin (seed 20260702),
bg_0700,background,chr5,141378500,141378,uniform random atlas bin (seed 20260702),
bg_0701,background,chr5,141430500,141430,uniform random atlas bin (seed 20260702),
bg_0702,background,chr5,141587500,141587,uniform random atlas bin (seed 20260702),
bg_0703,background,chr5,143295500,143295,uniform random atlas bin (seed 20260702),
bg_0704,background,chr5,143580500,143580,uniform random atlas bin (seed 20260702),
bg_0705,background,chr5,144889500,144889,uniform random atlas bin (seed 20260702),
bg_0706,background,chr5,145258500,145258,uniform random atlas bin (seed 20260702),
bg_0707,background,chr5,147616500,147616,uniform random atlas bin (seed 20260702),
bg_0708,background,chr5,151243500,151243,uniform random atlas bin (seed 20260702),
bg_0709,background,chr5,156403500,156403,uniform random atlas bin (seed 20260702),
bg_0710,background,chr5,156693500,156693,uniform random atlas bin (seed 20260702),
bg_0711,background,chr5,156815500,156815,uniform random atlas bin (seed 20260702),
bg_0712,background,chr5,157808500,157808,uniform random atlas bin (seed 20260702),
bg_0713,background,chr5,163819500,163819,uniform random atlas bin (seed 20260702),
bg_0714,background,chr5,164425500,164425,uniform random atlas bin (seed 20260702),
bg_0715,background,chr5,166154500,166154,uniform random atlas bin (seed 20260702),
bg_0716,background,chr5,170326500,170326,uniform random atlas bin (seed 20260702),
bg_0717,background,chr5,171188500,171188,uniform random atlas bin (seed 20260702),
bg_0718,background,chr5,171926500,171926,uniform random atlas bin (seed 20260702),
bg_0719,background,chr5,172004500,172004,uniform random atlas bin (seed 20260702),
bg_0720,background,chr5,174154500,174154,uniform random atlas bin (seed 20260702),
bg_0721,background,chr5,177551500,177551,uniform random atlas bin (seed 20260702),
bg_0722,background,chr5,181393500,181393,uniform random atlas bin (seed 20260702),
bg_0723,background,chr6,782500,782,uniform random atlas bin (seed 20260702),
bg_0724,background,chr6,2413500,2413,uniform random atlas bin (seed 20260702),
bg_0725,background,chr6,6401500,6401,uniform random atlas bin (seed 20260702),
bg_0726,background,chr6,7956500,7956,uniform random atlas bin (seed 20260702),
bg_0727,background,chr6,11424500,11424,uniform random atlas bin (seed 20260702),
bg_0728,background,chr6,12949500,12949,uniform random atlas bin (seed 20260702),
bg_0729,background,chr6,17173500,17173,uniform random atlas bin (seed 20260702),
bg_0730,background,chr6,17570500,17570,uniform random atlas bin (seed 20260702),
bg_0731,background,chr6,18815500,18815,uniform random atlas bin (seed 20260702),
bg_0732,background,chr6,19398500,19398,uniform random atlas bin (seed 20260702),
bg_0733,background,chr6,22778500,22778,uniform random atlas bin (seed 20260702),
bg_0734,background,chr6,23002500,23002,uniform random atlas bin (seed 20260702),
bg_0735,background,chr6,23826500,23826,uniform random atlas bin (seed 20260702),
bg_0736,background,chr6,24611500,24611,uniform random atlas bin (seed 20260702),
bg_0737,background,chr6,25084500,25084,uniform random atlas bin (seed 20260702),
bg_0738,background,chr6,26436500,26436,uniform random atlas bin (seed 20260702),
bg_0739,background,chr6,27948500,27948,uniform random atlas bin (seed 20260702),
bg_0740,background,chr6,27966500,27966,uniform random atlas bin (seed 20260702),
bg_0741,background,chr6,28587500,28587,uniform random atlas bin (seed 20260702),
bg_0742,background,chr6,33494500,33494,uniform random atlas bin (seed 20260702),
bg_0743,background,chr6,38029500,38029,uniform random atlas bin (seed 20260702),
bg_0744,background,chr6,42379500,42379,uniform random atlas bin (seed 20260702),
bg_0745,background,chr6,42625500,42625,uniform random atlas bin (seed 20260702),
bg_0746,background,chr6,43017500,43017,uniform random atlas bin (seed 20260702),
bg_0747,background,chr6,44084500,44084,uniform random atlas bin (seed 20260702),
bg_0748,background,chr6,44450500,44450,uniform random atlas bin (seed 20260702),
bg_0749,background,chr6,44816500,44816,uniform random atlas bin (seed 20260702),
bg_0750,background,chr6,44952500,44952,uniform random atlas bin (seed 20260702),
bg_0751,background,chr6,46654500,46654,uniform random atlas bin (seed 20260702),
bg_0752,background,chr6,51159500,51159,uniform random atlas bin (seed 20260702),
bg_0753,background,chr6,51444500,51444,uniform random atlas bin (seed 20260702),
bg_0754,background,chr6,55988500,55988,uniform random atlas bin (seed 20260702),
bg_0755,background,chr6,56456500,56456,uniform random atlas bin (seed 20260702),
bg_0756,background,chr6,56770500,56770,uniform random atlas bin (seed 20260702),
bg_0757,background,chr6,58944500,58944,uniform random atlas bin (seed 20260702),
bg_0758,background,chr6,59722500,59722,uniform random atlas bin (seed 20260702),
bg_0759,background,chr6,61399500,61399,uniform random atlas bin (seed 20260702),
bg_0760,background,chr6,62184500,62184,uniform random atlas bin (seed 20260702),
bg_0761,background,chr6,63626500,63626,uniform random atlas bin (seed 20260702),
bg_0762,background,chr6,63627500,63627,uniform random atlas bin (seed 20260702),
bg_0763,background,chr6,65442500,65442,uniform random atlas bin (seed 20260702),
bg_0764,background,chr6,65726500,65726,uniform random atlas bin (seed 20260702),
bg_0765,background,chr6,66170500,66170,uniform random atlas bin (seed 20260702),
bg_0766,background,chr6,66784500,66784,uniform random atlas bin (seed 20260702),
bg_0767,background,chr6,70799500,70799,uniform random atlas bin (seed 20260702),
bg_0768,background,chr6,73570500,73570,uniform random atlas bin (seed 20260702),
bg_0769,background,chr6,77919500,77919,uniform random atlas bin (seed 20260702),
bg_0770,background,chr6,79505500,79505,uniform random atlas bin (seed 20260702),
bg_0771,background,chr6,79810500,79810,uniform random atlas bin (seed 20260702),
bg_0772,background,chr6,82376500,82376,uniform random atlas bin (seed 20260702),
bg_0773,background,chr6,83576500,83576,uniform random atlas bin (seed 20260702),
bg_0774,background,chr6,87014500,87014,uniform random atlas bin (seed 20260702),
bg_0775,background,chr6,88523500,88523,uniform random atlas bin (seed 20260702),
bg_0776,background,chr6,89536500,89536,uniform random atlas bin (seed 20260702),
bg_0777,background,chr6,89936500,89936,uniform random atlas bin (seed 20260702),
bg_0778,background,chr6,97199500,97199,uniform random atlas bin (seed 20260702),
bg_0779,background,chr6,97460500,97460,uniform random atlas bin (seed 20260702),
bg_0780,background,chr6,99139500,99139,uniform random atlas bin (seed 20260702),
bg_0781,background,chr6,101265500,101265,uniform random atlas bin (seed 20260702),
bg_0782,background,chr6,103372500,103372,uniform random atlas bin (seed 20260702),
bg_0783,background,chr6,104073500,104073,uniform random atlas bin (seed 20260702),
bg_0784,background,chr6,104688500,104688,uniform random atlas bin (seed 20260702),
bg_0785,background,chr6,105600500,105600,uniform random atlas bin (seed 20260702),
bg_0786,background,chr6,105905500,105905,uniform random atlas bin (seed 20260702),
bg_0787,background,chr6,106821500,106821,uniform random atlas bin (seed 20260702),
bg_0788,background,chr6,107897500,107897,uniform random atlas bin (seed 20260702),
bg_0789,background,chr6,109780500,109780,uniform random atlas bin (seed 20260702),
bg_0790,background,chr6,112328500,112328,uniform random atlas bin (seed 20260702),
bg_0791,background,chr6,115820500,115820,uniform random atlas bin (seed 20260702),
bg_0792,background,chr6,122132500,122132,uniform random atlas bin (seed 20260702),
bg_0793,background,chr6,125416500,125416,uniform random atlas bin (seed 20260702),
bg_0794,background,chr6,125460500,125460,uniform random atlas bin (seed 20260702),
bg_0795,background,chr6,126043500,126043,uniform random atlas bin (seed 20260702),
bg_0796,background,chr6,128059500,128059,uniform random atlas bin (seed 20260702),
bg_0797,background,chr6,129342500,129342,uniform random atlas bin (seed 20260702),
bg_0798,background,chr6,136016500,136016,uniform random atlas bin (seed 20260702),
bg_0799,background,chr6,137614500,137614,uniform random atlas bin (seed 20260702),
bg_0800,background,chr6,138066500,138066,uniform random atlas bin (seed 20260702),
bg_0801,background,chr6,138958500,138958,uniform random atlas bin (seed 20260702),
bg_0802,background,chr6,140431500,140431,uniform random atlas bin (seed 20260702),
bg_0803,background,chr6,140658500,140658,uniform random atlas bin (seed 20260702),
bg_0804,background,chr6,140696500,140696,uniform random atlas bin (seed 20260702),
bg_0805,background,chr6,142053500,142053,uniform random atlas bin (seed 20260702),
bg_0806,background,chr6,143447500,143447,uniform random atlas bin (seed 20260702),
bg_0807,background,chr6,145650500,145650,uniform random atlas bin (seed 20260702),
bg_0808,background,chr6,147453500,147453,uniform random atlas bin (seed 20260702),
bg_0809,background,chr6,149257500,149257,uniform random atlas bin (seed 20260702),
bg_0810,background,chr6,149549500,149549,uniform random atlas bin (seed 20260702),
bg_0811,background,chr6,150600500,150600,uniform random atlas bin (seed 20260702),
bg_0812,background,chr6,151360500,151360,uniform random atlas bin (seed 20260702),
bg_0813,background,chr6,154481500,154481,uniform random atlas bin (seed 20260702),
bg_0814,background,chr6,156382500,156382,uniform random atlas bin (seed 20260702),
bg_0815,background,chr6,156970500,156970,uniform random atlas bin (seed 20260702),
bg_0816,background,chr6,158659500,158659,uniform random atlas bin (seed 20260702),
bg_0817,background,chr6,159201500,159201,uniform random atlas bin (seed 20260702),
bg_0818,background,chr6,160128500,160128,uniform random atlas bin (seed 20260702),
bg_0819,background,chr6,161130500,161130,uniform random atlas bin (seed 20260702),
bg_0820,background,chr6,162532500,162532,uniform random atlas bin (seed 20260702),
bg_0821,background,chr6,165177500,165177,uniform random atlas bin (seed 20260702),
bg_0822,background,chr6,165269500,165269,uniform random atlas bin (seed 20260702),
bg_0823,background,chr6,166272500,166272,uniform random atlas bin (seed 20260702),
bg_0824,background,chr6,169249500,169249,uniform random atlas bin (seed 20260702),
bg_0825,background,chr7,94500,94,uniform random atlas bin (seed 20260702),
bg_0826,background,chr7,1179500,1179,uniform random atlas bin (seed 20260702),
bg_0827,background,chr7,2827500,2827,uniform random atlas bin (seed 20260702),
bg_0828,background,chr7,7437500,7437,uniform random atlas bin (seed 20260702),
bg_0829,background,chr7,8321500,8321,uniform random atlas bin (seed 20260702),
bg_0830,background,chr7,11564500,11564,uniform random atlas bin (seed 20260702),
bg_0831,background,chr7,13368500,13368,uniform random atlas bin (seed 20260702),
bg_0832,background,chr7,13393500,13393,uniform random atlas bin (seed 20260702),
bg_0833,background,chr7,18526500,18526,uniform random atlas bin (seed 20260702),
bg_0834,background,chr7,19168500,19168,uniform random atlas bin (seed 20260702),
bg_0835,background,chr7,19993500,19993,uniform random atlas bin (seed 20260702),
bg_0836,background,chr7,20316500,20316,uniform random atlas bin (seed 20260702),
bg_0837,background,chr7,23176500,23176,uniform random atlas bin (seed 20260702),
bg_0838,background,chr7,25003500,25003,uniform random atlas bin (seed 20260702),
bg_0839,background,chr7,25110500,25110,uniform random atlas bin (seed 20260702),
bg_0840,background,chr7,25219500,25219,uniform random atlas bin (seed 20260702),
bg_0841,background,chr7,25346500,25346,uniform random atlas bin (seed 20260702),
bg_0842,background,chr7,25985500,25985,uniform random atlas bin (seed 20260702),
bg_0843,background,chr7,27022500,27022,uniform random atlas bin (seed 20260702),
bg_0844,background,chr7,28659500,28659,uniform random atlas bin (seed 20260702),
bg_0845,background,chr7,29081500,29081,uniform random atlas bin (seed 20260702),
bg_0846,background,chr7,31772500,31772,uniform random atlas bin (seed 20260702),
bg_0847,background,chr7,33673500,33673,uniform random atlas bin (seed 20260702),
bg_0848,background,chr7,34851500,34851,uniform random atlas bin (seed 20260702),
bg_0849,background,chr7,36484500,36484,uniform random atlas bin (seed 20260702),
bg_0850,background,chr7,37991500,37991,uniform random atlas bin (seed 20260702),
bg_0851,background,chr7,38761500,38761,uniform random atlas bin (seed 20260702),
bg_0852,background,chr7,41652500,41652,uniform random atlas bin (seed 20260702),
bg_0853,background,chr7,42898500,42898,uniform random atlas bin (seed 20260702),
bg_0854,background,chr7,44566500,44566,uniform random atlas bin (seed 20260702),
bg_0855,background,chr7,50913500,50913,uniform random atlas bin (seed 20260702),
bg_0856,background,chr7,52718500,52718,uniform random atlas bin (seed 20260702),
bg_0857,background,chr7,54036500,54036,uniform random atlas bin (seed 20260702),
bg_0858,background,chr7,54929500,54929,uniform random atlas bin (seed 20260702),
bg_0859,background,chr7,60267500,60267,uniform random atlas bin (seed 20260702),
bg_0860,background,chr7,60579500,60579,uniform random atlas bin (seed 20260702),
bg_0861,background,chr7,60814500,60814,uniform random atlas bin (seed 20260702),
bg_0862,background,chr7,64690500,64690,uniform random atlas bin (seed 20260702),
bg_0863,background,chr7,65432500,65432,uniform random atlas bin (seed 20260702),
bg_0864,background,chr7,66414500,66414,uniform random atlas bin (seed 20260702),
bg_0865,background,chr7,68153500,68153,uniform random atlas bin (seed 20260702),
bg_0866,background,chr7,68779500,68779,uniform random atlas bin (seed 20260702),
bg_0867,background,chr7,69756500,69756,uniform random atlas bin (seed 20260702),
bg_0868,background,chr7,69882500,69882,uniform random atlas bin (seed 20260702),
bg_0869,background,chr7,70112500,70112,uniform random atlas bin (seed 20260702),
bg_0870,background,chr7,71298500,71298,uniform random atlas bin (seed 20260702),
bg_0871,background,chr7,72042500,72042,uniform random atlas bin (seed 20260702),
bg_0872,background,chr7,74737500,74737,uniform random atlas bin (seed 20260702),
bg_0873,background,chr7,75805500,75805,uniform random atlas bin (seed 20260702),
bg_0874,background,chr7,76354500,76354,uniform random atlas bin (seed 20260702),
bg_0875,background,chr7,78595500,78595,uniform random atlas bin (seed 20260702),
bg_0876,background,chr7,78718500,78718,uniform random atlas bin (seed 20260702),
bg_0877,background,chr7,79250500,79250,uniform random atlas bin (seed 20260702),
bg_0878,background,chr7,80071500,80071,uniform random atlas bin (seed 20260702),
bg_0879,background,chr7,81035500,81035,uniform random atlas bin (seed 20260702),
bg_0880,background,chr7,81207500,81207,uniform random atlas bin (seed 20260702),
bg_0881,background,chr7,87455500,87455,uniform random atlas bin (seed 20260702),
bg_0882,background,chr7,90588500,90588,uniform random atlas bin (seed 20260702),
bg_0883,background,chr7,92957500,92957,uniform random atlas bin (seed 20260702),
bg_0884,background,chr7,94360500,94360,uniform random atlas bin (seed 20260702),
bg_0885,background,chr7,95085500,95085,uniform random atlas bin (seed 20260702),
bg_0886,background,chr7,97147500,97147,uniform random atlas bin (seed 20260702),
bg_0887,background,chr7,98436500,98436,uniform random atlas bin (seed 20260702),
bg_0888,background,chr7,101443500,101443,uniform random atlas bin (seed 20260702),
bg_0889,background,chr7,103522500,103522,uniform random atlas bin (seed 20260702),
bg_0890,background,chr7,103726500,103726,uniform random atlas bin (seed 20260702),
bg_0891,background,chr7,104252500,104252,uniform random atlas bin (seed 20260702),
bg_0892,background,chr7,105216500,105216,uniform random atlas bin (seed 20260702),
bg_0893,background,chr7,105274500,105274,uniform random atlas bin (seed 20260702),
bg_0894,background,chr7,108178500,108178,uniform random atlas bin (seed 20260702),
bg_0895,background,chr7,110880500,110880,uniform random atlas bin (seed 20260702),
bg_0896,background,chr7,116173500,116173,uniform random atlas bin (seed 20260702),
bg_0897,background,chr7,116636500,116636,uniform random atlas bin (seed 20260702),
bg_0898,background,chr7,118569500,118569,uniform random atlas bin (seed 20260702),
bg_0899,background,chr7,119823500,119823,uniform random atlas bin (seed 20260702),
bg_0900,background,chr7,122234500,122234,uniform random atlas bin (seed 20260702),
bg_0901,background,chr7,122793500,122793,uniform random atlas bin (seed 20260702),
bg_0902,background,chr7,124353500,124353,uniform random atlas bin (seed 20260702),
bg_0903,background,chr7,125204500,125204,uniform random atlas bin (seed 20260702),
bg_0904,background,chr7,127792500,127792,uniform random atlas bin (seed 20260702),
bg_0905,background,chr7,128443500,128443,uniform random atlas bin (seed 20260702),
bg_0906,background,chr7,128541500,128541,uniform random atlas bin (seed 20260702),
bg_0907,background,chr7,129080500,129080,uniform random atlas bin (seed 20260702),
bg_0908,background,chr7,130054500,130054,uniform random atlas bin (seed 20260702),
bg_0909,background,chr7,133493500,133493,uniform random atlas bin (seed 20260702),
bg_0910,background,chr7,133506500,133506,uniform random atlas bin (seed 20260702),
bg_0911,background,chr7,133759500,133759,uniform random atlas bin (seed 20260702),
bg_0912,background,chr7,134216500,134216,uniform random atlas bin (seed 20260702),
bg_0913,background,chr7,134220500,134220,uniform random atlas bin (seed 20260702),
bg_0914,background,chr7,134590500,134590,uniform random atlas bin (seed 20260702),
bg_0915,background,chr7,135820500,135820,uniform random atlas bin (seed 20260702),
bg_0916,background,chr7,136704500,136704,uniform random atlas bin (seed 20260702),
bg_0917,background,chr7,137431500,137431,uniform random atlas bin (seed 20260702),
bg_0918,background,chr7,140984500,140984,uniform random atlas bin (seed 20260702),
bg_0919,background,chr7,141783500,141783,uniform random atlas bin (seed 20260702),
bg_0920,background,chr7,147045500,147045,uniform random atlas bin (seed 20260702),
bg_0921,background,chr7,149104500,149104,uniform random atlas bin (seed 20260702),
bg_0922,background,chr7,149240500,149240,uniform random atlas bin (seed 20260702),
bg_0923,background,chr7,149765500,149765,uniform random atlas bin (seed 20260702),
bg_0924,background,chr7,151340500,151340,uniform random atlas bin (seed 20260702),
bg_0925,background,chr7,151592500,151592,uniform random atlas bin (seed 20260702),
bg_0926,background,chr7,152429500,152429,uniform random atlas bin (seed 20260702),
bg_0927,background,chr7,153352500,153352,uniform random atlas bin (seed 20260702),
bg_0928,background,chr7,153838500,153838,uniform random atlas bin (seed 20260702),
bg_0929,background,chr8,1669500,1669,uniform random atlas bin (seed 20260702),
bg_0930,background,chr8,3157500,3157,uniform random atlas bin (seed 20260702),
bg_0931,background,chr8,4679500,4679,uniform random atlas bin (seed 20260702),
bg_0932,background,chr8,5367500,5367,uniform random atlas bin (seed 20260702),
bg_0933,background,chr8,7925500,7925,uniform random atlas bin (seed 20260702),
bg_0934,background,chr8,8055500,8055,uniform random atlas bin (seed 20260702),
bg_0935,background,chr8,11915500,11915,uniform random atlas bin (seed 20260702),
bg_0936,background,chr8,13538500,13538,uniform random atlas bin (seed 20260702),
bg_0937,background,chr8,13539500,13539,uniform random atlas bin (seed 20260702),
bg_0938,background,chr8,16633500,16633,uniform random atlas bin (seed 20260702),
bg_0939,background,chr8,16783500,16783,uniform random atlas bin (seed 20260702),
bg_0940,background,chr8,17215500,17215,uniform random atlas bin (seed 20260702),
bg_0941,background,chr8,18956500,18956,uniform random atlas bin (seed 20260702),
bg_0942,background,chr8,20725500,20725,uniform random atlas bin (seed 20260702),
bg_0943,background,chr8,27257500,27257,uniform random atlas bin (seed 20260702),
bg_0944,background,chr8,27382500,27382,uniform random atlas bin (seed 20260702),
bg_0945,background,chr8,29102500,29102,uniform random atlas bin (seed 20260702),
bg_0946,background,chr8,29116500,29116,uniform random atlas bin (seed 20260702),
bg_0947,background,chr8,29611500,29611,uniform random atlas bin (seed 20260702),
bg_0948,background,chr8,30081500,30081,uniform random atlas bin (seed 20260702),
bg_0949,background,chr8,30766500,30766,uniform random atlas bin (seed 20260702),
bg_0950,background,chr8,31611500,31611,uniform random atlas bin (seed 20260702),
bg_0951,background,chr8,32967500,32967,uniform random atlas bin (seed 20260702),
bg_0952,background,chr8,33512500,33512,uniform random atlas bin (seed 20260702),
bg_0953,background,chr8,34856500,34856,uniform random atlas bin (seed 20260702),
bg_0954,background,chr8,34940500,34940,uniform random atlas bin (seed 20260702),
bg_0955,background,chr8,36947500,36947,uniform random atlas bin (seed 20260702),
bg_0956,background,chr8,37199500,37199,uniform random atlas bin (seed 20260702),
bg_0957,background,chr8,39614500,39614,uniform random atlas bin (seed 20260702),
bg_0958,background,chr8,40455500,40455,uniform random atlas bin (seed 20260702),
bg_0959,background,chr8,40531500,40531,uniform random atlas bin (seed 20260702),
bg_0960,background,chr8,41223500,41223,uniform random atlas bin (seed 20260702),
bg_0961,background,chr8,46050500,46050,uniform random atlas bin (seed 20260702),
bg_0962,background,chr8,46696500,46696,uniform random atlas bin (seed 20260702),
bg_0963,background,chr8,47211500,47211,uniform random atlas bin (seed 20260702),
bg_0964,background,chr8,47369500,47369,uniform random atlas bin (seed 20260702),
bg_0965,background,chr8,50773500,50773,uniform random atlas bin (seed 20260702),
bg_0966,background,chr8,51406500,51406,uniform random atlas bin (seed 20260702),
bg_0967,background,chr8,55615500,55615,uniform random atlas bin (seed 20260702),
bg_0968,background,chr8,57114500,57114,uniform random atlas bin (seed 20260702),
bg_0969,background,chr8,57237500,57237,uniform random atlas bin (seed 20260702),
bg_0970,background,chr8,57715500,57715,uniform random atlas bin (seed 20260702),
bg_0971,background,chr8,60991500,60991,uniform random atlas bin (seed 20260702),
bg_0972,background,chr8,64920500,64920,uniform random atlas bin (seed 20260702),
bg_0973,background,chr8,65981500,65981,uniform random atlas bin (seed 20260702),
bg_0974,background,chr8,66356500,66356,uniform random atlas bin (seed 20260702),
bg_0975,background,chr8,72042500,72042,uniform random atlas bin (seed 20260702),
bg_0976,background,chr8,73761500,73761,uniform random atlas bin (seed 20260702),
bg_0977,background,chr8,74972500,74972,uniform random atlas bin (seed 20260702),
bg_0978,background,chr8,75729500,75729,uniform random atlas bin (seed 20260702),
bg_0979,background,chr8,79175500,79175,uniform random atlas bin (seed 20260702),
bg_0980,background,chr8,80791500,80791,uniform random atlas bin (seed 20260702),
bg_0981,background,chr8,82255500,82255,uniform random atlas bin (seed 20260702),
bg_0982,background,chr8,82545500,82545,uniform random atlas bin (seed 20260702),
bg_0983,background,chr8,83218500,83218,uniform random atlas bin (seed 20260702),
bg_0984,background,chr8,83535500,83535,uniform random atlas bin (seed 20260702),
bg_0985,background,chr8,86377500,86377,uniform random atlas bin (seed 20260702),
bg_0986,background,chr8,89690500,89690,uniform random atlas bin (seed 20260702),
bg_0987,background,chr8,89858500,89858,uniform random atlas bin (seed 20260702),
bg_0988,background,chr8,90198500,90198,uniform random atlas bin (seed 20260702),
bg_0989,background,chr8,92231500,92231,uniform random atlas bin (seed 20260702),
bg_0990,background,chr8,92767500,92767,uniform random atlas bin (seed 20260702),
bg_0991,background,chr8,93760500,93760,uniform random atlas bin (seed 20260702),
bg_0992,background,chr8,94572500,94572,uniform random atlas bin (seed 20260702),
bg_0993,background,chr8,97809500,97809,uniform random atlas bin (seed 20260702),
bg_0994,background,chr8,98013500,98013,uniform random atlas bin (seed 20260702),
bg_0995,background,chr8,100914500,100914,uniform random atlas bin (seed 20260702),
bg_0996,background,chr8,101614500,101614,uniform random atlas bin (seed 20260702),
bg_0997,background,chr8,102738500,102738,uniform random atlas bin (seed 20260702),
bg_0998,background,chr8,102801500,102801,uniform random atlas bin (seed 20260702),
bg_0999,background,chr8,103090500,103090,uniform random atlas bin (seed 20260702),
bg_1000,background,chr8,103496500,103496,uniform random atlas bin (seed 20260702),
bg_1001,background,chr8,105012500,105012,uniform random atlas bin (seed 20260702),
bg_1002,background,chr8,107769500,107769,uniform random atlas bin (seed 20260702),
bg_1003,background,chr8,110225500,110225,uniform random atlas bin (seed 20260702),
bg_1004,background,chr8,110676500,110676,uniform random atlas bin (seed 20260702),
bg_1005,background,chr8,112473500,112473,uniform random atlas bin (seed 20260702),
bg_1006,background,chr8,114854500,114854,uniform random atlas bin (seed 20260702),
bg_1007,background,chr8,114863500,114863,uniform random atlas bin (seed 20260702),
bg_1008,background,chr8,120769500,120769,uniform random atlas bin (seed 20260702),
bg_1009,background,chr8,120825500,120825,uniform random atlas bin (seed 20260702),
bg_1010,background,chr8,121160500,121160,uniform random atlas bin (seed 20260702),
bg_1011,background,chr8,123293500,123293,uniform random atlas bin (seed 20260702),
bg_1012,background,chr8,123573500,123573,uniform random atlas bin (seed 20260702),
bg_1013,background,chr8,123766500,123766,uniform random atlas bin (seed 20260702),
bg_1014,background,chr8,126398500,126398,uniform random atlas bin (seed 20260702),
bg_1015,background,chr8,130078500,130078,uniform random atlas bin (seed 20260702),
bg_1016,background,chr8,133900500,133900,uniform random atlas bin (seed 20260702),
bg_1017,background,chr8,135161500,135161,uniform random atlas bin (seed 20260702),
bg_1018,background,chr8,135540500,135540,uniform random atlas bin (seed 20260702),
bg_1019,background,chr8,135954500,135954,uniform random atlas bin (seed 20260702),
bg_1020,background,chr8,136555500,136555,uniform random atlas bin (seed 20260702),
bg_1021,background,chr8,138959500,138959,uniform random atlas bin (seed 20260702),
bg_1022,background,chr8,140018500,140018,uniform random atlas bin (seed 20260702),
bg_1023,background,chr8,140067500,140067,uniform random atlas bin (seed 20260702),
bg_1024,background,chr8,141175500,141175,uniform random atlas bin (seed 20260702),
bg_1025,background,chr8,141766500,141766,uniform random atlas bin (seed 20260702),
bg_1026,background,chr8,143123500,143123,uniform random atlas bin (seed 20260702),
bg_1027,background,chr9,133500,133,uniform random atlas bin (seed 20260702),
bg_1028,background,chr9,786500,786,uniform random atlas bin (seed 20260702),
bg_1029,background,chr9,1008500,1008,uniform random atlas bin (seed 20260702),
bg_1030,background,chr9,1209500,1209,uniform random atlas bin (seed 20260702),
bg_1031,background,chr9,1435500,1435,uniform random atlas bin (seed 20260702),
bg_1032,background,chr9,3429500,3429,uniform random atlas bin (seed 20260702),
bg_1033,background,chr9,6400500,6400,uniform random atlas bin (seed 20260702),
bg_1034,background,chr9,11854500,11854,uniform random atlas bin (seed 20260702),
bg_1035,background,chr9,12611500,12611,uniform random atlas bin (seed 20260702),
bg_1036,background,chr9,13607500,13607,uniform random atlas bin (seed 20260702),
bg_1037,background,chr9,14647500,14647,uniform random atlas bin (seed 20260702),
bg_1038,background,chr9,18261500,18261,uniform random atlas bin (seed 20260702),
bg_1039,background,chr9,18957500,18957,uniform random atlas bin (seed 20260702),
bg_1040,background,chr9,21363500,21363,uniform random atlas bin (seed 20260702),
bg_1041,background,chr9,22301500,22301,uniform random atlas bin (seed 20260702),
bg_1042,background,chr9,22524500,22524,uniform random atlas bin (seed 20260702),
bg_1043,background,chr9,22666500,22666,uniform random atlas bin (seed 20260702),
bg_1044,background,chr9,23535500,23535,uniform random atlas bin (seed 20260702),
bg_1045,background,chr9,25131500,25131,uniform random atlas bin (seed 20260702),
bg_1046,background,chr9,28104500,28104,uniform random atlas bin (seed 20260702),
bg_1047,background,chr9,28786500,28786,uniform random atlas bin (seed 20260702),
bg_1048,background,chr9,30476500,30476,uniform random atlas bin (seed 20260702),
bg_1049,background,chr9,32100500,32100,uniform random atlas bin (seed 20260702),
bg_1050,background,chr9,32398500,32398,uniform random atlas bin (seed 20260702),
bg_1051,background,chr9,33681500,33681,uniform random atlas bin (seed 20260702),
bg_1052,background,chr9,39164500,39164,uniform random atlas bin (seed 20260702),
bg_1053,background,chr9,41309500,41309,uniform random atlas bin (seed 20260702),
bg_1054,background,chr9,44894500,44894,uniform random atlas bin (seed 20260702),
bg_1055,background,chr9,47205500,47205,uniform random atlas bin (seed 20260702),
bg_1056,background,chr9,48015500,48015,uniform random atlas bin (seed 20260702),
bg_1057,background,chr9,48445500,48445,uniform random atlas bin (seed 20260702),
bg_1058,background,chr9,49921500,49921,uniform random atlas bin (seed 20260702),
bg_1059,background,chr9,50673500,50673,uniform random atlas bin (seed 20260702),
bg_1060,background,chr9,53537500,53537,uniform random atlas bin (seed 20260702),
bg_1061,background,chr9,54058500,54058,uniform random atlas bin (seed 20260702),
bg_1062,background,chr9,54127500,54127,uniform random atlas bin (seed 20260702),
bg_1063,background,chr9,54988500,54988,uniform random atlas bin (seed 20260702),
bg_1064,background,chr9,56102500,56102,uniform random atlas bin (seed 20260702),
bg_1065,background,chr9,56626500,56626,uniform random atlas bin (seed 20260702),
bg_1066,background,chr9,57411500,57411,uniform random atlas bin (seed 20260702),
bg_1067,background,chr9,58879500,58879,uniform random atlas bin (seed 20260702),
bg_1068,background,chr9,63239500,63239,uniform random atlas bin (seed 20260702),
bg_1069,background,chr9,64089500,64089,uniform random atlas bin (seed 20260702),
bg_1070,background,chr9,64116500,64116,uniform random atlas bin (seed 20260702),
bg_1071,background,chr9,64165500,64165,uniform random atlas bin (seed 20260702),
bg_1072,background,chr9,67167500,67167,uniform random atlas bin (seed 20260702),
bg_1073,background,chr9,67628500,67628,uniform random atlas bin (seed 20260702),
bg_1074,background,chr9,68551500,68551,uniform random atlas bin (seed 20260702),
bg_1075,background,chr9,70977500,70977,uniform random atlas bin (seed 20260702),
bg_1076,background,chr9,71201500,71201,uniform random atlas bin (seed 20260702),
bg_1077,background,chr9,74209500,74209,uniform random atlas bin (seed 20260702),
bg_1078,background,chr9,76751500,76751,uniform random atlas bin (seed 20260702),
bg_1079,background,chr9,77038500,77038,uniform random atlas bin (seed 20260702),
bg_1080,background,chr9,77616500,77616,uniform random atlas bin (seed 20260702),
bg_1081,background,chr9,80424500,80424,uniform random atlas bin (seed 20260702),
bg_1082,background,chr9,82758500,82758,uniform random atlas bin (seed 20260702),
bg_1083,background,chr9,83517500,83517,uniform random atlas bin (seed 20260702),
bg_1084,background,chr9,84321500,84321,uniform random atlas bin (seed 20260702),
bg_1085,background,chr9,84782500,84782,uniform random atlas bin (seed 20260702),
bg_1086,background,chr9,88441500,88441,uniform random atlas bin (seed 20260702),
bg_1087,background,chr9,89912500,89912,uniform random atlas bin (seed 20260702),
bg_1088,background,chr9,90812500,90812,uniform random atlas bin (seed 20260702),
bg_1089,background,chr9,94432500,94432,uniform random atlas bin (seed 20260702),
bg_1090,background,chr9,97289500,97289,uniform random atlas bin (seed 20260702),
bg_1091,background,chr9,97851500,97851,uniform random atlas bin (seed 20260702),
bg_1092,background,chr9,98602500,98602,uniform random atlas bin (seed 20260702),
bg_1093,background,chr9,103649500,103649,uniform random atlas bin (seed 20260702),
bg_1094,background,chr9,106712500,106712,uniform random atlas bin (seed 20260702),
bg_1095,background,chr9,106735500,106735,uniform random atlas bin (seed 20260702),
bg_1096,background,chr9,106778500,106778,uniform random atlas bin (seed 20260702),
bg_1097,background,chr9,107010500,107010,uniform random atlas bin (seed 20260702),
bg_1098,background,chr9,107336500,107336,uniform random atlas bin (seed 20260702),
bg_1099,background,chr9,108448500,108448,uniform random atlas bin (seed 20260702),
bg_1100,background,chr9,109134500,109134,uniform random atlas bin (seed 20260702),
bg_1101,background,chr9,110661500,110661,uniform random atlas bin (seed 20260702),
bg_1102,background,chr9,110762500,110762,uniform random atlas bin (seed 20260702),
bg_1103,background,chr9,114403500,114403,uniform random atlas bin (seed 20260702),
bg_1104,background,chr9,114888500,114888,uniform random atlas bin (seed 20260702),
bg_1105,background,chr9,115973500,115973,uniform random atlas bin (seed 20260702),
bg_1106,background,chr9,117652500,117652,uniform random atlas bin (seed 20260702),
bg_1107,background,chr9,118757500,118757,uniform random atlas bin (seed 20260702),
bg_1108,background,chr9,118888500,118888,uniform random atlas bin (seed 20260702),
bg_1109,background,chr9,118962500,118962,uniform random atlas bin (seed 20260702),
bg_1110,background,chr9,119290500,119290,uniform random atlas bin (seed 20260702),
bg_1111,background,chr9,119568500,119568,uniform random atlas bin (seed 20260702),
bg_1112,background,chr9,120669500,120669,uniform random atlas bin (seed 20260702),
bg_1113,background,chr9,121650500,121650,uniform random atlas bin (seed 20260702),
bg_1114,background,chr9,124498500,124498,uniform random atlas bin (seed 20260702),
bg_1115,background,chr9,124785500,124785,uniform random atlas bin (seed 20260702),
bg_1116,background,chr9,126163500,126163,uniform random atlas bin (seed 20260702),
bg_1117,background,chr9,126284500,126284,uniform random atlas bin (seed 20260702),
bg_1118,background,chr9,127905500,127905,uniform random atlas bin (seed 20260702),
bg_1119,background,chr9,128548500,128548,uniform random atlas bin (seed 20260702),
bg_1120,background,chr9,130797500,130797,uniform random atlas bin (seed 20260702),
bg_1121,background,chr9,132812500,132812,uniform random atlas bin (seed 20260702),
bg_1122,background,chr9,132918500,132918,uniform random atlas bin (seed 20260702),
bg_1123,background,chr9,133096500,133096,uniform random atlas bin (seed 20260702),
bg_1124,background,chr9,134672500,134672,uniform random atlas bin (seed 20260702),
bg_1125,background,chr9,137306500,137306,uniform random atlas bin (seed 20260702),
bg_1126,background,chr10,443500,443,uniform random atlas bin (seed 20260702),
bg_1127,background,chr10,496500,496,uniform random atlas bin (seed 20260702),
bg_1128,background,chr10,1133500,1133,uniform random atlas bin (seed 20260702),
bg_1129,background,chr10,1141500,1141,uniform random atlas bin (seed 20260702),
bg_1130,background,chr10,1229500,1229,uniform random atlas bin (seed 20260702),
bg_1131,background,chr10,1785500,1785,uniform random atlas bin (seed 20260702),
bg_1132,background,chr10,6208500,6208,uniform random atlas bin (seed 20260702),
bg_1133,background,chr10,7566500,7566,uniform random atlas bin (seed 20260702),
bg_1134,background,chr10,9467500,9467,uniform random atlas bin (seed 20260702),
bg_1135,background,chr10,13133500,13133,uniform random atlas bin (seed 20260702),
bg_1136,background,chr10,13822500,13822,uniform random atlas bin (seed 20260702),
bg_1137,background,chr10,13951500,13951,uniform random atlas bin (seed 20260702),
bg_1138,background,chr10,14210500,14210,uniform random atlas bin (seed 20260702),
bg_1139,background,chr10,16835500,16835,uniform random atlas bin (seed 20260702),
bg_1140,background,chr10,18952500,18952,uniform random atlas bin (seed 20260702),
bg_1141,background,chr10,21410500,21410,uniform random atlas bin (seed 20260702),
bg_1142,background,chr10,23491500,23491,uniform random atlas bin (seed 20260702),
bg_1143,background,chr10,25791500,25791,uniform random atlas bin (seed 20260702),
bg_1144,background,chr10,26342500,26342,uniform random atlas bin (seed 20260702),
bg_1145,background,chr10,29384500,29384,uniform random atlas bin (seed 20260702),
bg_1146,background,chr10,33382500,33382,uniform random atlas bin (seed 20260702),
bg_1147,background,chr10,33397500,33397,uniform random atlas bin (seed 20260702),
bg_1148,background,chr10,36526500,36526,uniform random atlas bin (seed 20260702),
bg_1149,background,chr10,36600500,36600,uniform random atlas bin (seed 20260702),
bg_1150,background,chr10,38736500,38736,uniform random atlas bin (seed 20260702),
bg_1151,background,chr10,40825500,40825,uniform random atlas bin (seed 20260702),
bg_1152,background,chr10,41185500,41185,uniform random atlas bin (seed 20260702),
bg_1153,background,chr10,41274500,41274,uniform random atlas bin (seed 20260702),
bg_1154,background,chr10,41296500,41296,uniform random atlas bin (seed 20260702),
bg_1155,background,chr10,42416500,42416,uniform random atlas bin (seed 20260702),
bg_1156,background,chr10,42868500,42868,uniform random atlas bin (seed 20260702),
bg_1157,background,chr10,42883500,42883,uniform random atlas bin (seed 20260702),
bg_1158,background,chr10,44225500,44225,uniform random atlas bin (seed 20260702),
bg_1159,background,chr10,45727500,45727,uniform random atlas bin (seed 20260702),
bg_1160,background,chr10,46105500,46105,uniform random atlas bin (seed 20260702),
bg_1161,background,chr10,47846500,47846,uniform random atlas bin (seed 20260702),
bg_1162,background,chr10,48489500,48489,uniform random atlas bin (seed 20260702),
bg_1163,background,chr10,49486500,49486,uniform random atlas bin (seed 20260702),
bg_1164,background,chr10,50586500,50586,uniform random atlas bin (seed 20260702),
bg_1165,background,chr10,51201500,51201,uniform random atlas bin (seed 20260702),
bg_1166,background,chr10,52607500,52607,uniform random atlas bin (seed 20260702),
bg_1167,background,chr10,53368500,53368,uniform random atlas bin (seed 20260702),
bg_1168,background,chr10,53597500,53597,uniform random atlas bin (seed 20260702),
bg_1169,background,chr10,55629500,55629,uniform random atlas bin (seed 20260702),
bg_1170,background,chr10,56372500,56372,uniform random atlas bin (seed 20260702),
bg_1171,background,chr10,58999500,58999,uniform random atlas bin (seed 20260702),
bg_1172,background,chr10,59790500,59790,uniform random atlas bin (seed 20260702),
bg_1173,background,chr10,63121500,63121,uniform random atlas bin (seed 20260702),
bg_1174,background,chr10,63310500,63310,uniform random atlas bin (seed 20260702),
bg_1175,background,chr10,64307500,64307,uniform random atlas bin (seed 20260702),
bg_1176,background,chr10,65552500,65552,uniform random atlas bin (seed 20260702),
bg_1177,background,chr10,65574500,65574,uniform random atlas bin (seed 20260702),
bg_1178,background,chr10,67609500,67609,uniform random atlas bin (seed 20260702),
bg_1179,background,chr10,68241500,68241,uniform random atlas bin (seed 20260702),
bg_1180,background,chr10,68319500,68319,uniform random atlas bin (seed 20260702),
bg_1181,background,chr10,68342500,68342,uniform random atlas bin (seed 20260702),
bg_1182,background,chr10,68838500,68838,uniform random atlas bin (seed 20260702),
bg_1183,background,chr10,69518500,69518,uniform random atlas bin (seed 20260702),
bg_1184,background,chr10,71169500,71169,uniform random atlas bin (seed 20260702),
bg_1185,background,chr10,71324500,71324,uniform random atlas bin (seed 20260702),
bg_1186,background,chr10,73546500,73546,uniform random atlas bin (seed 20260702),
bg_1187,background,chr10,73930500,73930,uniform random atlas bin (seed 20260702),
bg_1188,background,chr10,76696500,76696,uniform random atlas bin (seed 20260702),
bg_1189,background,chr10,78024500,78024,uniform random atlas bin (seed 20260702),
bg_1190,background,chr10,78400500,78400,uniform random atlas bin (seed 20260702),
bg_1191,background,chr10,79604500,79604,uniform random atlas bin (seed 20260702),
bg_1192,background,chr10,82231500,82231,uniform random atlas bin (seed 20260702),
bg_1193,background,chr10,83322500,83322,uniform random atlas bin (seed 20260702),
bg_1194,background,chr10,83365500,83365,uniform random atlas bin (seed 20260702),
bg_1195,background,chr10,84148500,84148,uniform random atlas bin (seed 20260702),
bg_1196,background,chr10,84746500,84746,uniform random atlas bin (seed 20260702),
bg_1197,background,chr10,84904500,84904,uniform random atlas bin (seed 20260702),
bg_1198,background,chr10,85358500,85358,uniform random atlas bin (seed 20260702),
bg_1199,background,chr10,86173500,86173,uniform random atlas bin (seed 20260702),
bg_1200,background,chr10,87857500,87857,uniform random atlas bin (seed 20260702),
bg_1201,background,chr10,91214500,91214,uniform random atlas bin (seed 20260702),
bg_1202,background,chr10,91487500,91487,uniform random atlas bin (seed 20260702),
bg_1203,background,chr10,94904500,94904,uniform random atlas bin (seed 20260702),
bg_1204,background,chr10,95051500,95051,uniform random atlas bin (seed 20260702),
bg_1205,background,chr10,95401500,95401,uniform random atlas bin (seed 20260702),
bg_1206,background,chr10,95530500,95530,uniform random atlas bin (seed 20260702),
bg_1207,background,chr10,96085500,96085,uniform random atlas bin (seed 20260702),
bg_1208,background,chr10,97498500,97498,uniform random atlas bin (seed 20260702),
bg_1209,background,chr10,98525500,98525,uniform random atlas bin (seed 20260702),
bg_1210,background,chr10,99903500,99903,uniform random atlas bin (seed 20260702),
bg_1211,background,chr10,102843500,102843,uniform random atlas bin (seed 20260702),
bg_1212,background,chr10,103803500,103803,uniform random atlas bin (seed 20260702),
bg_1213,background,chr10,103867500,103867,uniform random atlas bin (seed 20260702),
bg_1214,background,chr10,105360500,105360,uniform random atlas bin (seed 20260702),
bg_1215,background,chr10,107155500,107155,uniform random atlas bin (seed 20260702),
bg_1216,background,chr10,113582500,113582,uniform random atlas bin (seed 20260702),
bg_1217,background,chr10,113966500,113966,uniform random atlas bin (seed 20260702),
bg_1218,background,chr10,114146500,114146,uniform random atlas bin (seed 20260702),
bg_1219,background,chr10,114889500,114889,uniform random atlas bin (seed 20260702),
bg_1220,background,chr10,116045500,116045,uniform random atlas bin (seed 20260702),
bg_1221,background,chr10,116476500,116476,uniform random atlas bin (seed 20260702),
bg_1222,background,chr10,116849500,116849,uniform random atlas bin (seed 20260702),
bg_1223,background,chr10,117084500,117084,uniform random atlas bin (seed 20260702),
bg_1224,background,chr10,120975500,120975,uniform random atlas bin (seed 20260702),
bg_1225,background,chr10,125159500,125159,uniform random atlas bin (seed 20260702),
bg_1226,background,chr10,126663500,126663,uniform random atlas bin (seed 20260702),
bg_1227,background,chr10,133768500,133768,uniform random atlas bin (seed 20260702),
bg_1228,background,chr11,4769500,4769,uniform random atlas bin (seed 20260702),
bg_1229,background,chr11,4843500,4843,uniform random atlas bin (seed 20260702),
bg_1230,background,chr11,4904500,4904,uniform random atlas bin (seed 20260702),
bg_1231,background,chr11,6478500,6478,uniform random atlas bin (seed 20260702),
bg_1232,background,chr11,7270500,7270,uniform random atlas bin (seed 20260702),
bg_1233,background,chr11,16493500,16493,uniform random atlas bin (seed 20260702),
bg_1234,background,chr11,22294500,22294,uniform random atlas bin (seed 20260702),
bg_1235,background,chr11,22800500,22800,uniform random atlas bin (seed 20260702),
bg_1236,background,chr11,23442500,23442,uniform random atlas bin (seed 20260702),
bg_1237,background,chr11,27944500,27944,uniform random atlas bin (seed 20260702),
bg_1238,background,chr11,28934500,28934,uniform random atlas bin (seed 20260702),
bg_1239,background,chr11,32466500,32466,uniform random atlas bin (seed 20260702),
bg_1240,background,chr11,33292500,33292,uniform random atlas bin (seed 20260702),
bg_1241,background,chr11,35182500,35182,uniform random atlas bin (seed 20260702),
bg_1242,background,chr11,36027500,36027,uniform random atlas bin (seed 20260702),
bg_1243,background,chr11,37278500,37278,uniform random atlas bin (seed 20260702),
bg_1244,background,chr11,38528500,38528,uniform random atlas bin (seed 20260702),
bg_1245,background,chr11,39574500,39574,uniform random atlas bin (seed 20260702),
bg_1246,background,chr11,40204500,40204,uniform random atlas bin (seed 20260702),
bg_1247,background,chr11,40218500,40218,uniform random atlas bin (seed 20260702),
bg_1248,background,chr11,41362500,41362,uniform random atlas bin (seed 20260702),
bg_1249,background,chr11,42599500,42599,uniform random atlas bin (seed 20260702),
bg_1250,background,chr11,43252500,43252,uniform random atlas bin (seed 20260702),
bg_1251,background,chr11,44791500,44791,uniform random atlas bin (seed 20260702),
bg_1252,background,chr11,45225500,45225,uniform random atlas bin (seed 20260702),
bg_1253,background,chr11,45888500,45888,uniform random atlas bin (seed 20260702),
bg_1254,background,chr11,46401500,46401,uniform random atlas bin (seed 20260702),
bg_1255,background,chr11,47695500,47695,uniform random atlas bin (seed 20260702),
bg_1256,background,chr11,50029500,50029,uniform random atlas bin (seed 20260702),
bg_1257,background,chr11,50330500,50330,uniform random atlas bin (seed 20260702),
bg_1258,background,chr11,51040500,51040,uniform random atlas bin (seed 20260702),
bg_1259,background,chr11,51319500,51319,uniform random atlas bin (seed 20260702),
bg_1260,background,chr11,52594500,52594,uniform random atlas bin (seed 20260702),
bg_1261,background,chr11,57485500,57485,uniform random atlas bin (seed 20260702),
bg_1262,background,chr11,60753500,60753,uniform random atlas bin (seed 20260702),
bg_1263,background,chr11,62750500,62750,uniform random atlas bin (seed 20260702),
bg_1264,background,chr11,63529500,63529,uniform random atlas bin (seed 20260702),
bg_1265,background,chr11,67993500,67993,uniform random atlas bin (seed 20260702),
bg_1266,background,chr11,69063500,69063,uniform random atlas bin (seed 20260702),
bg_1267,background,chr11,77108500,77108,uniform random atlas bin (seed 20260702),
bg_1268,background,chr11,78773500,78773,uniform random atlas bin (seed 20260702),
bg_1269,background,chr11,79349500,79349,uniform random atlas bin (seed 20260702),
bg_1270,background,chr11,84623500,84623,uniform random atlas bin (seed 20260702),
bg_1271,background,chr11,85533500,85533,uniform random atlas bin (seed 20260702),
bg_1272,background,chr11,86239500,86239,uniform random atlas bin (seed 20260702),
bg_1273,background,chr11,88042500,88042,uniform random atlas bin (seed 20260702),
bg_1274,background,chr11,90020500,90020,uniform random atlas bin (seed 20260702),
bg_1275,background,chr11,90206500,90206,uniform random atlas bin (seed 20260702),
bg_1276,background,chr11,91057500,91057,uniform random atlas bin (seed 20260702),
bg_1277,background,chr11,92142500,92142,uniform random atlas bin (seed 20260702),
bg_1278,background,chr11,94518500,94518,uniform random atlas bin (seed 20260702),
bg_1279,background,chr11,94528500,94528,uniform random atlas bin (seed 20260702),
bg_1280,background,chr11,95537500,95537,uniform random atlas bin (seed 20260702),
bg_1281,background,chr11,96310500,96310,uniform random atlas bin (seed 20260702),
bg_1282,background,chr11,97024500,97024,uniform random atlas bin (seed 20260702),
bg_1283,background,chr11,100392500,100392,uniform random atlas bin (seed 20260702),
bg_1284,background,chr11,101221500,101221,uniform random atlas bin (seed 20260702),
bg_1285,background,chr11,104521500,104521,uniform random atlas bin (seed 20260702),
bg_1286,background,chr11,106008500,106008,uniform random atlas bin (seed 20260702),
bg_1287,background,chr11,106182500,106182,uniform random atlas bin (seed 20260702),
bg_1288,background,chr11,114324500,114324,uniform random atlas bin (seed 20260702),
bg_1289,background,chr11,118476500,118476,uniform random atlas bin (seed 20260702),
bg_1290,background,chr11,119681500,119681,uniform random atlas bin (seed 20260702),
bg_1291,background,chr11,119968500,119968,uniform random atlas bin (seed 20260702),
bg_1292,background,chr11,120413500,120413,uniform random atlas bin (seed 20260702),
bg_1293,background,chr11,121907500,121907,uniform random atlas bin (seed 20260702),
bg_1294,background,chr11,122517500,122517,uniform random atlas bin (seed 20260702),
bg_1295,background,chr11,123738500,123738,uniform random atlas bin (seed 20260702),
bg_1296,background,chr11,124820500,124820,uniform random atlas bin (seed 20260702),
bg_1297,background,chr11,125149500,125149,uniform random atlas bin (seed 20260702),
bg_1298,background,chr11,132370500,132370,uniform random atlas bin (seed 20260702),
bg_1299,background,chr11,133509500,133509,uniform random atlas bin (seed 20260702),
bg_1300,background,chr11,133832500,133832,uniform random atlas bin (seed 20260702),
bg_1301,background,chr11,134667500,134667,uniform random atlas bin (seed 20260702),
bg_1302,background,chr12,2992500,2992,uniform random atlas bin (seed 20260702),
bg_1303,background,chr12,3431500,3431,uniform random atlas bin (seed 20260702),
bg_1304,background,chr12,3641500,3641,uniform random atlas bin (seed 20260702),
bg_1305,background,chr12,5287500,5287,uniform random atlas bin (seed 20260702),
bg_1306,background,chr12,6457500,6457,uniform random atlas bin (seed 20260702),
bg_1307,background,chr12,9068500,9068,uniform random atlas bin (seed 20260702),
bg_1308,background,chr12,10165500,10165,uniform random atlas bin (seed 20260702),
bg_1309,background,chr12,11400500,11400,uniform random atlas bin (seed 20260702),
bg_1310,background,chr12,12119500,12119,uniform random atlas bin (seed 20260702),
bg_1311,background,chr12,12502500,12502,uniform random atlas bin (seed 20260702),
bg_1312,background,chr12,12914500,12914,uniform random atlas bin (seed 20260702),
bg_1313,background,chr12,15047500,15047,uniform random atlas bin (seed 20260702),
bg_1314,background,chr12,15370500,15370,uniform random atlas bin (seed 20260702),
bg_1315,background,chr12,17404500,17404,uniform random atlas bin (seed 20260702),
bg_1316,background,chr12,18318500,18318,uniform random atlas bin (seed 20260702),
bg_1317,background,chr12,20488500,20488,uniform random atlas bin (seed 20260702),
bg_1318,background,chr12,20811500,20811,uniform random atlas bin (seed 20260702),
bg_1319,background,chr12,21394500,21394,uniform random atlas bin (seed 20260702),
bg_1320,background,chr12,24815500,24815,uniform random atlas bin (seed 20260702),
bg_1321,background,chr12,26485500,26485,uniform random atlas bin (seed 20260702),
bg_1322,background,chr12,27014500,27014,uniform random atlas bin (seed 20260702),
bg_1323,background,chr12,29285500,29285,uniform random atlas bin (seed 20260702),
bg_1324,background,chr12,30806500,30806,uniform random atlas bin (seed 20260702),
bg_1325,background,chr12,32352500,32352,uniform random atlas bin (seed 20260702),
bg_1326,background,chr12,38199500,38199,uniform random atlas bin (seed 20260702),
bg_1327,background,chr12,41691500,41691,uniform random atlas bin (seed 20260702),
bg_1328,background,chr12,41914500,41914,uniform random atlas bin (seed 20260702),
bg_1329,background,chr12,42545500,42545,uniform random atlas bin (seed 20260702),
bg_1330,background,chr12,44112500,44112,uniform random atlas bin (seed 20260702),
bg_1331,background,chr12,44589500,44589,uniform random atlas bin (seed 20260702),
bg_1332,background,chr12,44902500,44902,uniform random atlas bin (seed 20260702),
bg_1333,background,chr12,45391500,45391,uniform random atlas bin (seed 20260702),
bg_1334,background,chr12,45988500,45988,uniform random atlas bin (seed 20260702),
bg_1335,background,chr12,47749500,47749,uniform random atlas bin (seed 20260702),
bg_1336,background,chr12,48339500,48339,uniform random atlas bin (seed 20260702),
bg_1337,background,chr12,48990500,48990,uniform random atlas bin (seed 20260702),
bg_1338,background,chr12,51916500,51916,uniform random atlas bin (seed 20260702),
bg_1339,background,chr12,52995500,52995,uniform random atlas bin (seed 20260702),
bg_1340,background,chr12,53597500,53597,uniform random atlas bin (seed 20260702),
bg_1341,background,chr12,54187500,54187,uniform random atlas bin (seed 20260702),
bg_1342,background,chr12,56545500,56545,uniform random atlas bin (seed 20260702),
bg_1343,background,chr12,57733500,57733,uniform random atlas bin (seed 20260702),
bg_1344,background,chr12,58845500,58845,uniform random atlas bin (seed 20260702),
bg_1345,background,chr12,63350500,63350,uniform random atlas bin (seed 20260702),
bg_1346,background,chr12,63367500,63367,uniform random atlas bin (seed 20260702),
bg_1347,background,chr12,64071500,64071,uniform random atlas bin (seed 20260702),
bg_1348,background,chr12,64579500,64579,uniform random atlas bin (seed 20260702),
bg_1349,background,chr12,64621500,64621,uniform random atlas bin (seed 20260702),
bg_1350,background,chr12,65626500,65626,uniform random atlas bin (seed 20260702),
bg_1351,background,chr12,65732500,65732,uniform random atlas bin (seed 20260702),
bg_1352,background,chr12,66501500,66501,uniform random atlas bin (seed 20260702),
bg_1353,background,chr12,66878500,66878,uniform random atlas bin (seed 20260702),
bg_1354,background,chr12,70330500,70330,uniform random atlas bin (seed 20260702),
bg_1355,background,chr12,72136500,72136,uniform random atlas bin (seed 20260702),
bg_1356,background,chr12,72269500,72269,uniform random atlas bin (seed 20260702),
bg_1357,background,chr12,76318500,76318,uniform random atlas bin (seed 20260702),
bg_1358,background,chr12,76698500,76698,uniform random atlas bin (seed 20260702),
bg_1359,background,chr12,76858500,76858,uniform random atlas bin (seed 20260702),
bg_1360,background,chr12,78248500,78248,uniform random atlas bin (seed 20260702),
bg_1361,background,chr12,79577500,79577,uniform random atlas bin (seed 20260702),
bg_1362,background,chr12,79591500,79591,uniform random atlas bin (seed 20260702),
bg_1363,background,chr12,79679500,79679,uniform random atlas bin (seed 20260702),
bg_1364,background,chr12,80935500,80935,uniform random atlas bin (seed 20260702),
bg_1365,background,chr12,83732500,83732,uniform random atlas bin (seed 20260702),
bg_1366,background,chr12,85763500,85763,uniform random atlas bin (seed 20260702),
bg_1367,background,chr12,87251500,87251,uniform random atlas bin (seed 20260702),
bg_1368,background,chr12,88239500,88239,uniform random atlas bin (seed 20260702),
bg_1369,background,chr12,88973500,88973,uniform random atlas bin (seed 20260702),
bg_1370,background,chr12,89045500,89045,uniform random atlas bin (seed 20260702),
bg_1371,background,chr12,89660500,89660,uniform random atlas bin (seed 20260702),
bg_1372,background,chr12,90429500,90429,uniform random atlas bin (seed 20260702),
bg_1373,background,chr12,90532500,90532,uniform random atlas bin (seed 20260702),
bg_1374,background,chr12,93535500,93535,uniform random atlas bin (seed 20260702),
bg_1375,background,chr12,96369500,96369,uniform random atlas bin (seed 20260702),
bg_1376,background,chr12,97455500,97455,uniform random atlas bin (seed 20260702),
bg_1377,background,chr12,98512500,98512,uniform random atlas bin (seed 20260702),
bg_1378,background,chr12,98848500,98848,uniform random atlas bin (seed 20260702),
bg_1379,background,chr12,112506500,112506,uniform random atlas bin (seed 20260702),
bg_1380,background,chr12,114032500,114032,uniform random atlas bin (seed 20260702),
bg_1381,background,chr12,116074500,116074,uniform random atlas bin (seed 20260702),
bg_1382,background,chr12,116761500,116761,uniform random atlas bin (seed 20260702),
bg_1383,background,chr12,118207500,118207,uniform random atlas bin (seed 20260702),
bg_1384,background,chr12,119496500,119496,uniform random atlas bin (seed 20260702),
bg_1385,background,chr12,123069500,123069,uniform random atlas bin (seed 20260702),
bg_1386,background,chr12,124404500,124404,uniform random atlas bin (seed 20260702),
bg_1387,background,chr12,125326500,125326,uniform random atlas bin (seed 20260702),
bg_1388,background,chr12,125781500,125781,uniform random atlas bin (seed 20260702),
bg_1389,background,chr12,126834500,126834,uniform random atlas bin (seed 20260702),
bg_1390,background,chr12,129221500,129221,uniform random atlas bin (seed 20260702),
bg_1391,background,chr12,129622500,129622,uniform random atlas bin (seed 20260702),
bg_1392,background,chr12,130897500,130897,uniform random atlas bin (seed 20260702),
bg_1393,background,chr13,3462500,3462,uniform random atlas bin (seed 20260702),
bg_1394,background,chr13,5659500,5659,uniform random atlas bin (seed 20260702),
bg_1395,background,chr13,5750500,5750,uniform random atlas bin (seed 20260702),
bg_1396,background,chr13,6455500,6455,uniform random atlas bin (seed 20260702),
bg_1397,background,chr13,8195500,8195,uniform random atlas bin (seed 20260702),
bg_1398,background,chr13,10991500,10991,uniform random atlas bin (seed 20260702),
bg_1399,background,chr13,11112500,11112,uniform random atlas bin (seed 20260702),
bg_1400,background,chr13,12541500,12541,uniform random atlas bin (seed 20260702),
bg_1401,background,chr13,16033500,16033,uniform random atlas bin (seed 20260702),
bg_1402,background,chr13,18313500,18313,uniform random atlas bin (seed 20260702),
bg_1403,background,chr13,20450500,20450,uniform random atlas bin (seed 20260702),
bg_1404,background,chr13,23829500,23829,uniform random atlas bin (seed 20260702),
bg_1405,background,chr13,24352500,24352,uniform random atlas bin (seed 20260702),
bg_1406,background,chr13,25839500,25839,uniform random atlas bin (seed 20260702),
bg_1407,background,chr13,27234500,27234,uniform random atlas bin (seed 20260702),
bg_1408,background,chr13,27547500,27547,uniform random atlas bin (seed 20260702),
bg_1409,background,chr13,27626500,27626,uniform random atlas bin (seed 20260702),
bg_1410,background,chr13,29859500,29859,uniform random atlas bin (seed 20260702),
bg_1411,background,chr13,30763500,30763,uniform random atlas bin (seed 20260702),
bg_1412,background,chr13,31821500,31821,uniform random atlas bin (seed 20260702),
bg_1413,background,chr13,33822500,33822,uniform random atlas bin (seed 20260702),
bg_1414,background,chr13,34569500,34569,uniform random atlas bin (seed 20260702),
bg_1415,background,chr13,34798500,34798,uniform random atlas bin (seed 20260702),
bg_1416,background,chr13,35438500,35438,uniform random atlas bin (seed 20260702),
bg_1417,background,chr13,36059500,36059,uniform random atlas bin (seed 20260702),
bg_1418,background,chr13,38370500,38370,uniform random atlas bin (seed 20260702),
bg_1419,background,chr13,41769500,41769,uniform random atlas bin (seed 20260702),
bg_1420,background,chr13,42539500,42539,uniform random atlas bin (seed 20260702),
bg_1421,background,chr13,44544500,44544,uniform random atlas bin (seed 20260702),
bg_1422,background,chr13,45286500,45286,uniform random atlas bin (seed 20260702),
bg_1423,background,chr13,46534500,46534,uniform random atlas bin (seed 20260702),
bg_1424,background,chr13,48005500,48005,uniform random atlas bin (seed 20260702),
bg_1425,background,chr13,48252500,48252,uniform random atlas bin (seed 20260702),
bg_1426,background,chr13,48995500,48995,uniform random atlas bin (seed 20260702),
bg_1427,background,chr13,49062500,49062,uniform random atlas bin (seed 20260702),
bg_1428,background,chr13,51678500,51678,uniform random atlas bin (seed 20260702),
bg_1429,background,chr13,52271500,52271,uniform random atlas bin (seed 20260702),
bg_1430,background,chr13,54933500,54933,uniform random atlas bin (seed 20260702),
bg_1431,background,chr13,60578500,60578,uniform random atlas bin (seed 20260702),
bg_1432,background,chr13,61073500,61073,uniform random atlas bin (seed 20260702),
bg_1433,background,chr13,63215500,63215,uniform random atlas bin (seed 20260702),
bg_1434,background,chr13,63605500,63605,uniform random atlas bin (seed 20260702),
bg_1435,background,chr13,64239500,64239,uniform random atlas bin (seed 20260702),
bg_1436,background,chr13,65822500,65822,uniform random atlas bin (seed 20260702),
bg_1437,background,chr13,66599500,66599,uniform random atlas bin (seed 20260702),
bg_1438,background,chr13,69493500,69493,uniform random atlas bin (seed 20260702),
bg_1439,background,chr13,69974500,69974,uniform random atlas bin (seed 20260702),
bg_1440,background,chr13,69982500,69982,uniform random atlas bin (seed 20260702),
bg_1441,background,chr13,70386500,70386,uniform random atlas bin (seed 20260702),
bg_1442,background,chr13,74721500,74721,uniform random atlas bin (seed 20260702),
bg_1443,background,chr13,75232500,75232,uniform random atlas bin (seed 20260702),
bg_1444,background,chr13,79456500,79456,uniform random atlas bin (seed 20260702),
bg_1445,background,chr13,79552500,79552,uniform random atlas bin (seed 20260702),
bg_1446,background,chr13,82010500,82010,uniform random atlas bin (seed 20260702),
bg_1447,background,chr13,84774500,84774,uniform random atlas bin (seed 20260702),
bg_1448,background,chr13,86154500,86154,uniform random atlas bin (seed 20260702),
bg_1449,background,chr13,87995500,87995,uniform random atlas bin (seed 20260702),
bg_1450,background,chr13,88769500,88769,uniform random atlas bin (seed 20260702),
bg_1451,background,chr13,89949500,89949,uniform random atlas bin (seed 20260702),
bg_1452,background,chr13,91755500,91755,uniform random atlas bin (seed 20260702),
bg_1453,background,chr13,93162500,93162,uniform random atlas bin (seed 20260702),
bg_1454,background,chr13,93228500,93228,uniform random atlas bin (seed 20260702),
bg_1455,background,chr13,93776500,93776,uniform random atlas bin (seed 20260702),
bg_1456,background,chr13,94170500,94170,uniform random atlas bin (seed 20260702),
bg_1457,background,chr13,94328500,94328,uniform random atlas bin (seed 20260702),
bg_1458,background,chr13,94672500,94672,uniform random atlas bin (seed 20260702),
bg_1459,background,chr13,95271500,95271,uniform random atlas bin (seed 20260702),
bg_1460,background,chr13,98139500,98139,uniform random atlas bin (seed 20260702),
bg_1461,background,chr13,98651500,98651,uniform random atlas bin (seed 20260702),
bg_1462,background,chr13,99173500,99173,uniform random atlas bin (seed 20260702),
bg_1463,background,chr13,99579500,99579,uniform random atlas bin (seed 20260702),
bg_1464,background,chr13,99583500,99583,uniform random atlas bin (seed 20260702),
bg_1465,background,chr13,100894500,100894,uniform random atlas bin (seed 20260702),
bg_1466,background,chr13,104153500,104153,uniform random atlas bin (seed 20260702),
bg_1467,background,chr13,105279500,105279,uniform random atlas bin (seed 20260702),
bg_1468,background,chr13,105832500,105832,uniform random atlas bin (seed 20260702),
bg_1469,background,chr13,106675500,106675,uniform random atlas bin (seed 20260702),
bg_1470,background,chr13,108001500,108001,uniform random atlas bin (seed 20260702),
bg_1471,background,chr13,111732500,111732,uniform random atlas bin (seed 20260702),
bg_1472,background,chr13,112178500,112178,uniform random atlas bin (seed 20260702),
bg_1473,background,chr13,112493500,112493,uniform random atlas bin (seed 20260702),
bg_1474,background,chr13,112707500,112707,uniform random atlas bin (seed 20260702),
bg_1475,background,chr13,112940500,112940,uniform random atlas bin (seed 20260702),
bg_1476,background,chr13,113801500,113801,uniform random atlas bin (seed 20260702),
bg_1477,background,chr13,114191500,114191,uniform random atlas bin (seed 20260702),
bg_1478,background,chr14,2122500,2122,uniform random atlas bin (seed 20260702),
bg_1479,background,chr14,3647500,3647,uniform random atlas bin (seed 20260702),
bg_1480,background,chr14,3683500,3683,uniform random atlas bin (seed 20260702),
bg_1481,background,chr14,8470500,8470,uniform random atlas bin (seed 20260702),
bg_1482,background,chr14,8731500,8731,uniform random atlas bin (seed 20260702),
bg_1483,background,chr14,10268500,10268,uniform random atlas bin (seed 20260702),
bg_1484,background,chr14,11006500,11006,uniform random atlas bin (seed 20260702),
bg_1485,background,chr14,11386500,11386,uniform random atlas bin (seed 20260702),
bg_1486,background,chr14,16062500,16062,uniform random atlas bin (seed 20260702),
bg_1487,background,chr14,16567500,16567,uniform random atlas bin (seed 20260702),
bg_1488,background,chr14,16989500,16989,uniform random atlas bin (seed 20260702),
bg_1489,background,chr14,18970500,18970,uniform random atlas bin (seed 20260702),
bg_1490,background,chr14,19765500,19765,uniform random atlas bin (seed 20260702),
bg_1491,background,chr14,20235500,20235,uniform random atlas bin (seed 20260702),
bg_1492,background,chr14,20549500,20549,uniform random atlas bin (seed 20260702),
bg_1493,background,chr14,21291500,21291,uniform random atlas bin (seed 20260702),
bg_1494,background,chr14,21822500,21822,uniform random atlas bin (seed 20260702),
bg_1495,background,chr14,22796500,22796,uniform random atlas bin (seed 20260702),
bg_1496,background,chr14,23834500,23834,uniform random atlas bin (seed 20260702),
bg_1497,background,chr14,24171500,24171,uniform random atlas bin (seed 20260702),
bg_1498,background,chr14,25209500,25209,uniform random atlas bin (seed 20260702),
bg_1499,background,chr14,27037500,27037,uniform random atlas bin (seed 20260702),
bg_1500,background,chr14,30578500,30578,uniform random atlas bin (seed 20260702),
bg_1501,background,chr14,33245500,33245,uniform random atlas bin (seed 20260702),
bg_1502,background,chr14,33419500,33419,uniform random atlas bin (seed 20260702),
bg_1503,background,chr14,35281500,35281,uniform random atlas bin (seed 20260702),
bg_1504,background,chr14,43429500,43429,uniform random atlas bin (seed 20260702),
bg_1505,background,chr14,44342500,44342,uniform random atlas bin (seed 20260702),
bg_1506,background,chr14,44394500,44394,uniform random atlas bin (seed 20260702),
bg_1507,background,chr14,44897500,44897,uniform random atlas bin (seed 20260702),
bg_1508,background,chr14,45341500,45341,uniform random atlas bin (seed 20260702),
bg_1509,background,chr14,46305500,46305,uniform random atlas bin (seed 20260702),
bg_1510,background,chr14,47540500,47540,uniform random atlas bin (seed 20260702),
bg_1511,background,chr14,47611500,47611,uniform random atlas bin (seed 20260702),
bg_1512,background,chr14,47619500,47619,uniform random atlas bin (seed 20260702),
bg_1513,background,chr14,51586500,51586,uniform random atlas bin (seed 20260702),
bg_1514,background,chr14,52171500,52171,uniform random atlas bin (seed 20260702),
bg_1515,background,chr14,57452500,57452,uniform random atlas bin (seed 20260702),
bg_1516,background,chr14,58452500,58452,uniform random atlas bin (seed 20260702),
bg_1517,background,chr14,58469500,58469,uniform random atlas bin (seed 20260702),
bg_1518,background,chr14,63947500,63947,uniform random atlas bin (seed 20260702),
bg_1519,background,chr14,68628500,68628,uniform random atlas bin (seed 20260702),
bg_1520,background,chr14,69854500,69854,uniform random atlas bin (seed 20260702),
bg_1521,background,chr14,70165500,70165,uniform random atlas bin (seed 20260702),
bg_1522,background,chr14,71104500,71104,uniform random atlas bin (seed 20260702),
bg_1523,background,chr14,71170500,71170,uniform random atlas bin (seed 20260702),
bg_1524,background,chr14,72756500,72756,uniform random atlas bin (seed 20260702),
bg_1525,background,chr14,73961500,73961,uniform random atlas bin (seed 20260702),
bg_1526,background,chr14,75796500,75796,uniform random atlas bin (seed 20260702),
bg_1527,background,chr14,76029500,76029,uniform random atlas bin (seed 20260702),
bg_1528,background,chr14,80176500,80176,uniform random atlas bin (seed 20260702),
bg_1529,background,chr14,86955500,86955,uniform random atlas bin (seed 20260702),
bg_1530,background,chr14,87345500,87345,uniform random atlas bin (seed 20260702),
bg_1531,background,chr14,89913500,89913,uniform random atlas bin (seed 20260702),
bg_1532,background,chr14,91231500,91231,uniform random atlas bin (seed 20260702),
bg_1533,background,chr14,92990500,92990,uniform random atlas bin (seed 20260702),
bg_1534,background,chr14,93881500,93881,uniform random atlas bin (seed 20260702),
bg_1535,background,chr14,102075500,102075,uniform random atlas bin (seed 20260702),
bg_1536,background,chr14,102988500,102988,uniform random atlas bin (seed 20260702),
bg_1537,background,chr14,103235500,103235,uniform random atlas bin (seed 20260702),
bg_1538,background,chr14,105686500,105686,uniform random atlas bin (seed 20260702),
bg_1539,background,chr14,106103500,106103,uniform random atlas bin (seed 20260702),
bg_1540,background,chr15,4460500,4460,uniform random atlas bin (seed 20260702),
bg_1541,background,chr15,6248500,6248,uniform random atlas bin (seed 20260702),
bg_1542,background,chr15,8375500,8375,uniform random atlas bin (seed 20260702),
bg_1543,background,chr15,8488500,8488,uniform random atlas bin (seed 20260702),
bg_1544,background,chr15,9628500,9628,uniform random atlas bin (seed 20260702),
bg_1545,background,chr15,11077500,11077,uniform random atlas bin (seed 20260702),
bg_1546,background,chr15,11114500,11114,uniform random atlas bin (seed 20260702),
bg_1547,background,chr15,12880500,12880,uniform random atlas bin (seed 20260702),
bg_1548,background,chr15,14841500,14841,uniform random atlas bin (seed 20260702),
bg_1549,background,chr15,17166500,17166,uniform random atlas bin (seed 20260702),
bg_1550,background,chr15,17605500,17605,uniform random atlas bin (seed 20260702),
bg_1551,background,chr15,20020500,20020,uniform random atlas bin (seed 20260702),
bg_1552,background,chr15,20123500,20123,uniform random atlas bin (seed 20260702),
bg_1553,background,chr15,20548500,20548,uniform random atlas bin (seed 20260702),
bg_1554,background,chr15,20967500,20967,uniform random atlas bin (seed 20260702),
bg_1555,background,chr15,21796500,21796,uniform random atlas bin (seed 20260702),
bg_1556,background,chr15,21979500,21979,uniform random atlas bin (seed 20260702),
bg_1557,background,chr15,24484500,24484,uniform random atlas bin (seed 20260702),
bg_1558,background,chr15,24580500,24580,uniform random atlas bin (seed 20260702),
bg_1559,background,chr15,24642500,24642,uniform random atlas bin (seed 20260702),
bg_1560,background,chr15,24688500,24688,uniform random atlas bin (seed 20260702),
bg_1561,background,chr15,26638500,26638,uniform random atlas bin (seed 20260702),
bg_1562,background,chr15,26894500,26894,uniform random atlas bin (seed 20260702),
bg_1563,background,chr15,28027500,28027,uniform random atlas bin (seed 20260702),
bg_1564,background,chr15,32404500,32404,uniform random atlas bin (seed 20260702),
bg_1565,background,chr15,32698500,32698,uniform random atlas bin (seed 20260702),
bg_1566,background,chr15,34622500,34622,uniform random atlas bin (seed 20260702),
bg_1567,background,chr15,37110500,37110,uniform random atlas bin (seed 20260702),
bg_1568,background,chr15,38974500,38974,uniform random atlas bin (seed 20260702),
bg_1569,background,chr15,40383500,40383,uniform random atlas bin (seed 20260702),
bg_1570,background,chr15,43957500,43957,uniform random atlas bin (seed 20260702),
bg_1571,background,chr15,45851500,45851,uniform random atlas bin (seed 20260702),
bg_1572,background,chr15,45992500,45992,uniform random atlas bin (seed 20260702),
bg_1573,background,chr15,48931500,48931,uniform random atlas bin (seed 20260702),
bg_1574,background,chr15,49941500,49941,uniform random atlas bin (seed 20260702),
bg_1575,background,chr15,50420500,50420,uniform random atlas bin (seed 20260702),
bg_1576,background,chr15,55137500,55137,uniform random atlas bin (seed 20260702),
bg_1577,background,chr15,56879500,56879,uniform random atlas bin (seed 20260702),
bg_1578,background,chr15,57262500,57262,uniform random atlas bin (seed 20260702),
bg_1579,background,chr15,57356500,57356,uniform random atlas bin (seed 20260702),
bg_1580,background,chr15,63911500,63911,uniform random atlas bin (seed 20260702),
bg_1581,background,chr15,64032500,64032,uniform random atlas bin (seed 20260702),
bg_1582,background,chr15,65005500,65005,uniform random atlas bin (seed 20260702),
bg_1583,background,chr15,65223500,65223,uniform random atlas bin (seed 20260702),
bg_1584,background,chr15,66130500,66130,uniform random atlas bin (seed 20260702),
bg_1585,background,chr15,66382500,66382,uniform random atlas bin (seed 20260702),
bg_1586,background,chr15,66399500,66399,uniform random atlas bin (seed 20260702),
bg_1587,background,chr15,66894500,66894,uniform random atlas bin (seed 20260702),
bg_1588,background,chr15,67842500,67842,uniform random atlas bin (seed 20260702),
bg_1589,background,chr15,68089500,68089,uniform random atlas bin (seed 20260702),
bg_1590,background,chr15,69690500,69690,uniform random atlas bin (seed 20260702),
bg_1591,background,chr15,70133500,70133,uniform random atlas bin (seed 20260702),
bg_1592,background,chr15,72766500,72766,uniform random atlas bin (seed 20260702),
bg_1593,background,chr15,73368500,73368,uniform random atlas bin (seed 20260702),
bg_1594,background,chr15,73527500,73527,uniform random atlas bin (seed 20260702),
bg_1595,background,chr15,75880500,75880,uniform random atlas bin (seed 20260702),
bg_1596,background,chr15,80115500,80115,uniform random atlas bin (seed 20260702),
bg_1597,background,chr15,81335500,81335,uniform random atlas bin (seed 20260702),
bg_1598,background,chr15,82504500,82504,uniform random atlas bin (seed 20260702),
bg_1599,background,chr15,86590500,86590,uniform random atlas bin (seed 20260702),
bg_1600,background,chr15,86660500,86660,uniform random atlas bin (seed 20260702),
bg_1601,background,chr15,86726500,86726,uniform random atlas bin (seed 20260702),
bg_1602,background,chr15,88723500,88723,uniform random atlas bin (seed 20260702),
bg_1603,background,chr15,89863500,89863,uniform random atlas bin (seed 20260702),
bg_1604,background,chr15,90290500,90290,uniform random atlas bin (seed 20260702),
bg_1605,background,chr15,90335500,90335,uniform random atlas bin (seed 20260702),
bg_1606,background,chr15,92134500,92134,uniform random atlas bin (seed 20260702),
bg_1607,background,chr15,92345500,92345,uniform random atlas bin (seed 20260702),
bg_1608,background,chr15,93462500,93462,uniform random atlas bin (seed 20260702),
bg_1609,background,chr15,94692500,94692,uniform random atlas bin (seed 20260702),
bg_1610,background,chr15,94695500,94695,uniform random atlas bin (seed 20260702),
bg_1611,background,chr15,95427500,95427,uniform random atlas bin (seed 20260702),
bg_1612,background,chr15,95697500,95697,uniform random atlas bin (seed 20260702),
bg_1613,background,chr15,98196500,98196,uniform random atlas bin (seed 20260702),
bg_1614,background,chr15,100310500,100310,uniform random atlas bin (seed 20260702),
bg_1615,background,chr15,100701500,100701,uniform random atlas bin (seed 20260702),
bg_1616,background,chr16,1410500,1410,uniform random atlas bin (seed 20260702),
bg_1617,background,chr16,2618500,2618,uniform random atlas bin (seed 20260702),
bg_1618,background,chr16,2840500,2840,uniform random atlas bin (seed 20260702),
bg_1619,background,chr16,4299500,4299,uniform random atlas bin (seed 20260702),
bg_1620,background,chr16,4599500,4599,uniform random atlas bin (seed 20260702),
bg_1621,background,chr16,9074500,9074,uniform random atlas bin (seed 20260702),
bg_1622,background,chr16,11956500,11956,uniform random atlas bin (seed 20260702),
bg_1623,background,chr16,14028500,14028,uniform random atlas bin (seed 20260702),
bg_1624,background,chr16,14140500,14140,uniform random atlas bin (seed 20260702),
bg_1625,background,chr16,17885500,17885,uniform random atlas bin (seed 20260702),
bg_1626,background,chr16,20589500,20589,uniform random atlas bin (seed 20260702),
bg_1627,background,chr16,29135500,29135,uniform random atlas bin (seed 20260702),
bg_1628,background,chr16,30517500,30517,uniform random atlas bin (seed 20260702),
bg_1629,background,chr16,32728500,32728,uniform random atlas bin (seed 20260702),
bg_1630,background,chr16,38277500,38277,uniform random atlas bin (seed 20260702),
bg_1631,background,chr16,38590500,38590,uniform random atlas bin (seed 20260702),
bg_1632,background,chr16,41036500,41036,uniform random atlas bin (seed 20260702),
bg_1633,background,chr16,43750500,43750,uniform random atlas bin (seed 20260702),
bg_1634,background,chr16,43910500,43910,uniform random atlas bin (seed 20260702),
bg_1635,background,chr16,46520500,46520,uniform random atlas bin (seed 20260702),
bg_1636,background,chr16,47467500,47467,uniform random atlas bin (seed 20260702),
bg_1637,background,chr16,47958500,47958,uniform random atlas bin (seed 20260702),
bg_1638,background,chr16,54231500,54231,uniform random atlas bin (seed 20260702),
bg_1639,background,chr16,59462500,59462,uniform random atlas bin (seed 20260702),
bg_1640,background,chr16,60440500,60440,uniform random atlas bin (seed 20260702),
bg_1641,background,chr16,61982500,61982,uniform random atlas bin (seed 20260702),
bg_1642,background,chr16,64471500,64471,uniform random atlas bin (seed 20260702),
bg_1643,background,chr16,65601500,65601,uniform random atlas bin (seed 20260702),
bg_1644,background,chr16,67084500,67084,uniform random atlas bin (seed 20260702),
bg_1645,background,chr16,67755500,67755,uniform random atlas bin (seed 20260702),
bg_1646,background,chr16,67802500,67802,uniform random atlas bin (seed 20260702),
bg_1647,background,chr16,68602500,68602,uniform random atlas bin (seed 20260702),
bg_1648,background,chr16,68869500,68869,uniform random atlas bin (seed 20260702),
bg_1649,background,chr16,71668500,71668,uniform random atlas bin (seed 20260702),
bg_1650,background,chr16,73783500,73783,uniform random atlas bin (seed 20260702),
bg_1651,background,chr16,74451500,74451,uniform random atlas bin (seed 20260702),
bg_1652,background,chr16,74699500,74699,uniform random atlas bin (seed 20260702),
bg_1653,background,chr16,76617500,76617,uniform random atlas bin (seed 20260702),
bg_1654,background,chr16,77459500,77459,uniform random atlas bin (seed 20260702),
bg_1655,background,chr16,77621500,77621,uniform random atlas bin (seed 20260702),
bg_1656,background,chr16,82679500,82679,uniform random atlas bin (seed 20260702),
bg_1657,background,chr16,84154500,84154,uniform random atlas bin (seed 20260702),
bg_1658,background,chr16,84935500,84935,uniform random atlas bin (seed 20260702),
bg_1659,background,chr16,88081500,88081,uniform random atlas bin (seed 20260702),
bg_1660,background,chr16,89490500,89490,uniform random atlas bin (seed 20260702),
bg_1661,background,chr16,90078500,90078,uniform random atlas bin (seed 20260702),
bg_1662,background,chr17,1700500,1700,uniform random atlas bin (seed 20260702),
bg_1663,background,chr17,4028500,4028,uniform random atlas bin (seed 20260702),
bg_1664,background,chr17,4091500,4091,uniform random atlas bin (seed 20260702),
bg_1665,background,chr17,6673500,6673,uniform random atlas bin (seed 20260702),
bg_1666,background,chr17,6680500,6680,uniform random atlas bin (seed 20260702),
bg_1667,background,chr17,7015500,7015,uniform random atlas bin (seed 20260702),
bg_1668,background,chr17,10048500,10048,uniform random atlas bin (seed 20260702),
bg_1669,background,chr17,10846500,10846,uniform random atlas bin (seed 20260702),
bg_1670,background,chr17,11029500,11029,uniform random atlas bin (seed 20260702),
bg_1671,background,chr17,11866500,11866,uniform random atlas bin (seed 20260702),
bg_1672,background,chr17,13474500,13474,uniform random atlas bin (seed 20260702),
bg_1673,background,chr17,14161500,14161,uniform random atlas bin (seed 20260702),
bg_1674,background,chr17,14324500,14324,uniform random atlas bin (seed 20260702),
bg_1675,background,chr17,14738500,14738,uniform random atlas bin (seed 20260702),
bg_1676,background,chr17,16524500,16524,uniform random atlas bin (seed 20260702),
bg_1677,background,chr17,17738500,17738,uniform random atlas bin (seed 20260702),
bg_1678,background,chr17,18124500,18124,uniform random atlas bin (seed 20260702),
bg_1679,background,chr17,19571500,19571,uniform random atlas bin (seed 20260702),
bg_1680,background,chr17,21580500,21580,uniform random atlas bin (seed 20260702),
bg_1681,background,chr17,23632500,23632,uniform random atlas bin (seed 20260702),
bg_1682,background,chr17,25573500,25573,uniform random atlas bin (seed 20260702),
bg_1683,background,chr17,28694500,28694,uniform random atlas bin (seed 20260702),
bg_1684,background,chr17,30545500,30545,uniform random atlas bin (seed 20260702),
bg_1685,background,chr17,30938500,30938,uniform random atlas bin (seed 20260702),
bg_1686,background,chr17,34895500,34895,uniform random atlas bin (seed 20260702),
bg_1687,background,chr17,35353500,35353,uniform random atlas bin (seed 20260702),
bg_1688,background,chr17,43829500,43829,uniform random atlas bin (seed 20260702),
bg_1689,background,chr17,45790500,45790,uniform random atlas bin (seed 20260702),
bg_1690,background,chr17,47496500,47496,uniform random atlas bin (seed 20260702),
bg_1691,background,chr17,47741500,47741,uniform random atlas bin (seed 20260702),
bg_1692,background,chr17,48102500,48102,uniform random atlas bin (seed 20260702),
bg_1693,background,chr17,48792500,48792,uniform random atlas bin (seed 20260702),
bg_1694,background,chr17,51223500,51223,uniform random atlas bin (seed 20260702),
bg_1695,background,chr17,52351500,52351,uniform random atlas bin (seed 20260702),
bg_1696,background,chr17,52808500,52808,uniform random atlas bin (seed 20260702),
bg_1697,background,chr17,52903500,52903,uniform random atlas bin (seed 20260702),
bg_1698,background,chr17,56618500,56618,uniform random atlas bin (seed 20260702),
bg_1699,background,chr17,57166500,57166,uniform random atlas bin (seed 20260702),
bg_1700,background,chr17,59366500,59366,uniform random atlas bin (seed 20260702),
bg_1701,background,chr17,60891500,60891,uniform random atlas bin (seed 20260702),
bg_1702,background,chr17,61235500,61235,uniform random atlas bin (seed 20260702),
bg_1703,background,chr17,61574500,61574,uniform random atlas bin (seed 20260702),
bg_1704,background,chr17,64701500,64701,uniform random atlas bin (seed 20260702),
bg_1705,background,chr17,64987500,64987,uniform random atlas bin (seed 20260702),
bg_1706,background,chr17,69369500,69369,uniform random atlas bin (seed 20260702),
bg_1707,background,chr17,69680500,69680,uniform random atlas bin (seed 20260702),
bg_1708,background,chr17,71688500,71688,uniform random atlas bin (seed 20260702),
bg_1709,background,chr17,75443500,75443,uniform random atlas bin (seed 20260702),
bg_1710,background,chr17,78050500,78050,uniform random atlas bin (seed 20260702),
bg_1711,background,chr17,78165500,78165,uniform random atlas bin (seed 20260702),
bg_1712,background,chr17,78410500,78410,uniform random atlas bin (seed 20260702),
bg_1713,background,chr17,78950500,78950,uniform random atlas bin (seed 20260702),
bg_1714,background,chr17,79978500,79978,uniform random atlas bin (seed 20260702),
bg_1715,background,chr17,80180500,80180,uniform random atlas bin (seed 20260702),
bg_1716,background,chr17,80344500,80344,uniform random atlas bin (seed 20260702),
bg_1717,background,chr17,82711500,82711,uniform random atlas bin (seed 20260702),
bg_1718,background,chr18,2052500,2052,uniform random atlas bin (seed 20260702),
bg_1719,background,chr18,2057500,2057,uniform random atlas bin (seed 20260702),
bg_1720,background,chr18,3907500,3907,uniform random atlas bin (seed 20260702),
bg_1721,background,chr18,6106500,6106,uniform random atlas bin (seed 20260702),
bg_1722,background,chr18,7554500,7554,uniform random atlas bin (seed 20260702),
bg_1723,background,chr18,7929500,7929,uniform random atlas bin (seed 20260702),
bg_1724,background,chr18,8437500,8437,uniform random atlas bin (seed 20260702),
bg_1725,background,chr18,8493500,8493,uniform random atlas bin (seed 20260702),
bg_1726,background,chr18,9396500,9396,uniform random atlas bin (seed 20260702),
bg_1727,background,chr18,9602500,9602,uniform random atlas bin (seed 20260702),
bg_1728,background,chr18,13746500,13746,uniform random atlas bin (seed 20260702),
bg_1729,background,chr18,13799500,13799,uniform random atlas bin (seed 20260702),
bg_1730,background,chr18,16128500,16128,uniform random atlas bin (seed 20260702),
bg_1731,background,chr18,17115500,17115,uniform random atlas bin (seed 20260702),
bg_1732,background,chr18,19761500,19761,uniform random atlas bin (seed 20260702),
bg_1733,background,chr18,19799500,19799,uniform random atlas bin (seed 20260702),
bg_1734,background,chr18,20736500,20736,uniform random atlas bin (seed 20260702),
bg_1735,background,chr18,21238500,21238,uniform random atlas bin (seed 20260702),
bg_1736,background,chr18,22076500,22076,uniform random atlas bin (seed 20260702),
bg_1737,background,chr18,22929500,22929,uniform random atlas bin (seed 20260702),
bg_1738,background,chr18,23585500,23585,uniform random atlas bin (seed 20260702),
bg_1739,background,chr18,25362500,25362,uniform random atlas bin (seed 20260702),
bg_1740,background,chr18,28270500,28270,uniform random atlas bin (seed 20260702),
bg_1741,background,chr18,36906500,36906,uniform random atlas bin (seed 20260702),
bg_1742,background,chr18,37461500,37461,uniform random atlas bin (seed 20260702),
bg_1743,background,chr18,37954500,37954,uniform random atlas bin (seed 20260702),
bg_1744,background,chr18,39259500,39259,uniform random atlas bin (seed 20260702),
bg_1745,background,chr18,40733500,40733,uniform random atlas bin (seed 20260702),
bg_1746,background,chr18,41429500,41429,uniform random atlas bin (seed 20260702),
bg_1747,background,chr18,41516500,41516,uniform random atlas bin (seed 20260702),
bg_1748,background,chr18,43925500,43925,uniform random atlas bin (seed 20260702),
bg_1749,background,chr18,44799500,44799,uniform random atlas bin (seed 20260702),
bg_1750,background,chr18,45967500,45967,uniform random atlas bin (seed 20260702),
bg_1751,background,chr18,47635500,47635,uniform random atlas bin (seed 20260702),
bg_1752,background,chr18,51566500,51566,uniform random atlas bin (seed 20260702),
bg_1753,background,chr18,52092500,52092,uniform random atlas bin (seed 20260702),
bg_1754,background,chr18,53487500,53487,uniform random atlas bin (seed 20260702),
bg_1755,background,chr18,53696500,53696,uniform random atlas bin (seed 20260702),
bg_1756,background,chr18,54206500,54206,uniform random atlas bin (seed 20260702),
bg_1757,background,chr18,56043500,56043,uniform random atlas bin (seed 20260702),
bg_1758,background,chr18,56850500,56850,uniform random atlas bin (seed 20260702),
bg_1759,background,chr18,57017500,57017,uniform random atlas bin (seed 20260702),
bg_1760,background,chr18,61212500,61212,uniform random atlas bin (seed 20260702),
bg_1761,background,chr18,61445500,61445,uniform random atlas bin (seed 20260702),
bg_1762,background,chr18,62311500,62311,uniform random atlas bin (seed 20260702),
bg_1763,background,chr18,63598500,63598,uniform random atlas bin (seed 20260702),
bg_1764,background,chr18,63886500,63886,uniform random atlas bin (seed 20260702),
bg_1765,background,chr18,68627500,68627,uniform random atlas bin (seed 20260702),
bg_1766,background,chr18,69915500,69915,uniform random atlas bin (seed 20260702),
bg_1767,background,chr18,71765500,71765,uniform random atlas bin (seed 20260702),
bg_1768,background,chr18,71821500,71821,uniform random atlas bin (seed 20260702),
bg_1769,background,chr18,72067500,72067,uniform random atlas bin (seed 20260702),
bg_1770,background,chr19,826500,826,uniform random atlas bin (seed 20260702),
bg_1771,background,chr19,1366500,1366,uniform random atlas bin (seed 20260702),
bg_1772,background,chr19,10892500,10892,uniform random atlas bin (seed 20260702),
bg_1773,background,chr19,14260500,14260,uniform random atlas bin (seed 20260702),
bg_1774,background,chr19,14291500,14291,uniform random atlas bin (seed 20260702),
bg_1775,background,chr19,17372500,17372,uniform random atlas bin (seed 20260702),
bg_1776,background,chr19,19515500,19515,uniform random atlas bin (seed 20260702),
bg_1777,background,chr19,20171500,20171,uniform random atlas bin (seed 20260702),
bg_1778,background,chr19,20471500,20471,uniform random atlas bin (seed 20260702),
bg_1779,background,chr19,22364500,22364,uniform random atlas bin (seed 20260702),
bg_1780,background,chr19,23687500,23687,uniform random atlas bin (seed 20260702),
bg_1781,background,chr19,25188500,25188,uniform random atlas bin (seed 20260702),
bg_1782,background,chr19,25434500,25434,uniform random atlas bin (seed 20260702),
bg_1783,background,chr19,26938500,26938,uniform random atlas bin (seed 20260702),
bg_1784,background,chr19,27151500,27151,uniform random atlas bin (seed 20260702),
bg_1785,background,chr19,27569500,27569,uniform random atlas bin (seed 20260702),
bg_1786,background,chr19,28366500,28366,uniform random atlas bin (seed 20260702),
bg_1787,background,chr19,28865500,28865,uniform random atlas bin (seed 20260702),
bg_1788,background,chr19,29233500,29233,uniform random atlas bin (seed 20260702),
bg_1789,background,chr19,30232500,30232,uniform random atlas bin (seed 20260702),
bg_1790,background,chr19,32644500,32644,uniform random atlas bin (seed 20260702),
bg_1791,background,chr19,36193500,36193,uniform random atlas bin (seed 20260702),
bg_1792,background,chr19,37444500,37444,uniform random atlas bin (seed 20260702),
bg_1793,background,chr19,38238500,38238,uniform random atlas bin (seed 20260702),
bg_1794,background,chr19,38952500,38952,uniform random atlas bin (seed 20260702),
bg_1795,background,chr19,42271500,42271,uniform random atlas bin (seed 20260702),
bg_1796,background,chr19,43635500,43635,uniform random atlas bin (seed 20260702),
bg_1797,background,chr19,45265500,45265,uniform random atlas bin (seed 20260702),
bg_1798,background,chr19,48743500,48743,uniform random atlas bin (seed 20260702),
bg_1799,background,chr19,49095500,49095,uniform random atlas bin (seed 20260702),
bg_1800,background,chr19,49677500,49677,uniform random atlas bin (seed 20260702),
bg_1801,background,chr19,51030500,51030,uniform random atlas bin (seed 20260702),
bg_1802,background,chr19,51186500,51186,uniform random atlas bin (seed 20260702),
bg_1803,background,chr19,53160500,53160,uniform random atlas bin (seed 20260702),
bg_1804,background,chr19,55721500,55721,uniform random atlas bin (seed 20260702),
bg_1805,background,chr19,57784500,57784,uniform random atlas bin (seed 20260702),
bg_1806,background,chr20,1174500,1174,uniform random atlas bin (seed 20260702),
bg_1807,background,chr20,1415500,1415,uniform random atlas bin (seed 20260702),
bg_1808,background,chr20,5459500,5459,uniform random atlas bin (seed 20260702),
bg_1809,background,chr20,11943500,11943,uniform random atlas bin (seed 20260702),
bg_1810,background,chr20,14503500,14503,uniform random atlas bin (seed 20260702),
bg_1811,background,chr20,17140500,17140,uniform random atlas bin (seed 20260702),
bg_1812,background,chr20,19445500,19445,uniform random atlas bin (seed 20260702),
bg_1813,background,chr20,20447500,20447,uniform random atlas bin (seed 20260702),
bg_1814,background,chr20,21434500,21434,uniform random atlas bin (seed 20260702),
bg_1815,background,chr20,21659500,21659,uniform random atlas bin (seed 20260702),
bg_1816,background,chr20,24345500,24345,uniform random atlas bin (seed 20260702),
bg_1817,background,chr20,24586500,24586,uniform random atlas bin (seed 20260702),
bg_1818,background,chr20,25460500,25460,uniform random atlas bin (seed 20260702),
bg_1819,background,chr20,29440500,29440,uniform random atlas bin (seed 20260702),
bg_1820,background,chr20,31782500,31782,uniform random atlas bin (seed 20260702),
bg_1821,background,chr20,32078500,32078,uniform random atlas bin (seed 20260702),
bg_1822,background,chr20,32100500,32100,uniform random atlas bin (seed 20260702),
bg_1823,background,chr20,32259500,32259,uniform random atlas bin (seed 20260702),
bg_1824,background,chr20,35228500,35228,uniform random atlas bin (seed 20260702),
bg_1825,background,chr20,38719500,38719,uniform random atlas bin (seed 20260702),
bg_1826,background,chr20,39449500,39449,uniform random atlas bin (seed 20260702),
bg_1827,background,chr20,39524500,39524,uniform random atlas bin (seed 20260702),
bg_1828,background,chr20,41302500,41302,uniform random atlas bin (seed 20260702),
bg_1829,background,chr20,44234500,44234,uniform random atlas bin (seed 20260702),
bg_1830,background,chr20,44508500,44508,uniform random atlas bin (seed 20260702),
bg_1831,background,chr20,46743500,46743,uniform random atlas bin (seed 20260702),
bg_1832,background,chr20,47481500,47481,uniform random atlas bin (seed 20260702),
bg_1833,background,chr20,47622500,47622,uniform random atlas bin (seed 20260702),
bg_1834,background,chr20,50569500,50569,uniform random atlas bin (seed 20260702),
bg_1835,background,chr20,52555500,52555,uniform random atlas bin (seed 20260702),
bg_1836,background,chr20,52991500,52991,uniform random atlas bin (seed 20260702),
bg_1837,background,chr20,56213500,56213,uniform random atlas bin (seed 20260702),
bg_1838,background,chr20,59954500,59954,uniform random atlas bin (seed 20260702),
bg_1839,background,chr20,59987500,59987,uniform random atlas bin (seed 20260702),
bg_1840,background,chr21,1025500,1025,uniform random atlas bin (seed 20260702),
bg_1841,background,chr21,1278500,1278,uniform random atlas bin (seed 20260702),
bg_1842,background,chr21,2171500,2171,uniform random atlas bin (seed 20260702),
bg_1843,background,chr21,3755500,3755,uniform random atlas bin (seed 20260702),
bg_1844,background,chr21,4805500,4805,uniform random atlas bin (seed 20260702),
bg_1845,background,chr21,5233500,5233,uniform random atlas bin (seed 20260702),
bg_1846,background,chr21,5838500,5838,uniform random atlas bin (seed 20260702),
bg_1847,background,chr21,7287500,7287,uniform random atlas bin (seed 20260702),
bg_1848,background,chr21,8242500,8242,uniform random atlas bin (seed 20260702),
bg_1849,background,chr21,8396500,8396,uniform random atlas bin (seed 20260702),
bg_1850,background,chr21,11188500,11188,uniform random atlas bin (seed 20260702),
bg_1851,background,chr21,14638500,14638,uniform random atlas bin (seed 20260702),
bg_1852,background,chr21,14685500,14685,uniform random atlas bin (seed 20260702),
bg_1853,background,chr21,15070500,15070,uniform random atlas bin (seed 20260702),
bg_1854,background,chr21,15126500,15126,uniform random atlas bin (seed 20260702),
bg_1855,background,chr21,16648500,16648,uniform random atlas bin (seed 20260702),
bg_1856,background,chr21,16669500,16669,uniform random atlas bin (seed 20260702),
bg_1857,background,chr21,17787500,17787,uniform random atlas bin (seed 20260702),
bg_1858,background,chr21,18866500,18866,uniform random atlas bin (seed 20260702),
bg_1859,background,chr21,20933500,20933,uniform random atlas bin (seed 20260702),
bg_1860,background,chr21,22178500,22178,uniform random atlas bin (seed 20260702),
bg_1861,background,chr21,22439500,22439,uniform random atlas bin (seed 20260702),
bg_1862,background,chr21,24242500,24242,uniform random atlas bin (seed 20260702),
bg_1863,background,chr21,24629500,24629,uniform random atlas bin (seed 20260702),
bg_1864,background,chr21,25685500,25685,uniform random atlas bin (seed 20260702),
bg_1865,background,chr21,26221500,26221,uniform random atlas bin (seed 20260702),
bg_1866,background,chr21,27395500,27395,uniform random atlas bin (seed 20260702),
bg_1867,background,chr21,29262500,29262,uniform random atlas bin (seed 20260702),
bg_1868,background,chr21,29421500,29421,uniform random atlas bin (seed 20260702),
bg_1869,background,chr21,31751500,31751,uniform random atlas bin (seed 20260702),
bg_1870,background,chr21,34511500,34511,uniform random atlas bin (seed 20260702),
bg_1871,background,chr21,36149500,36149,uniform random atlas bin (seed 20260702),
bg_1872,background,chr21,36457500,36457,uniform random atlas bin (seed 20260702),
bg_1873,background,chr21,37933500,37933,uniform random atlas bin (seed 20260702),
bg_1874,background,chr21,42462500,42462,uniform random atlas bin (seed 20260702),
bg_1875,background,chr21,43581500,43581,uniform random atlas bin (seed 20260702),
bg_1876,background,chr21,45478500,45478,uniform random atlas bin (seed 20260702),
bg_1877,background,chr22,840500,840,uniform random atlas bin (seed 20260702),
bg_1878,background,chr22,887500,887,uniform random atlas bin (seed 20260702),
bg_1879,background,chr22,1260500,1260,uniform random atlas bin (seed 20260702),
bg_1880,background,chr22,2647500,2647,uniform random atlas bin (seed 20260702),
bg_1881,background,chr22,5233500,5233,uniform random atlas bin (seed 20260702),
bg_1882,background,chr22,5615500,5615,uniform random atlas bin (seed 20260702),
bg_1883,background,chr22,6232500,6232,uniform random atlas bin (seed 20260702),
bg_1884,background,chr22,6988500,6988,uniform random atlas bin (seed 20260702),
bg_1885,background,chr22,7106500,7106,uniform random atlas bin (seed 20260702),
bg_1886,background,chr22,8201500,8201,uniform random atlas bin (seed 20260702),
bg_1887,background,chr22,8658500,8658,uniform random atlas bin (seed 20260702),
bg_1888,background,chr22,9101500,9101,uniform random atlas bin (seed 20260702),
bg_1889,background,chr22,10874500,10874,uniform random atlas bin (seed 20260702),
bg_1890,background,chr22,11066500,11066,uniform random atlas bin (seed 20260702),
bg_1891,background,chr22,11765500,11765,uniform random atlas bin (seed 20260702),
bg_1892,background,chr22,12560500,12560,uniform random atlas bin (seed 20260702),
bg_1893,background,chr22,13044500,13044,uniform random atlas bin (seed 20260702),
bg_1894,background,chr22,13740500,13740,uniform random atlas bin (seed 20260702),
bg_1895,background,chr22,17806500,17806,uniform random atlas bin (seed 20260702),
bg_1896,background,chr22,19439500,19439,uniform random atlas bin (seed 20260702),
bg_1897,background,chr22,22728500,22728,uniform random atlas bin (seed 20260702),
bg_1898,background,chr22,25087500,25087,uniform random atlas bin (seed 20260702),
bg_1899,background,chr22,27578500,27578,uniform random atlas bin (seed 20260702),
bg_1900,background,chr22,28630500,28630,uniform random atlas bin (seed 20260702),
bg_1901,background,chr22,30177500,30177,uniform random atlas bin (seed 20260702),
bg_1902,background,chr22,30824500,30824,uniform random atlas bin (seed 20260702),
bg_1903,background,chr22,32803500,32803,uniform random atlas bin (seed 20260702),
bg_1904,background,chr22,35083500,35083,uniform random atlas bin (seed 20260702),
bg_1905,background,chr22,35464500,35464,uniform random atlas bin (seed 20260702),
bg_1906,background,chr22,38745500,38745,uniform random atlas bin (seed 20260702),
bg_1907,background,chr22,38903500,38903,uniform random atlas bin (seed 20260702),
bg_1908,background,chr22,44094500,44094,uniform random atlas bin (seed 20260702),
bg_1909,background,chr22,48341500,48341,uniform random atlas bin (seed 20260702),
bg_1910,background,chr22,48403500,48403,uniform random atlas bin (seed 20260702),
bg_1911,background,chr22,48858500,48858,uniform random atlas bin (seed 20260702),
bg_1912,background,chrX,1549500,1549,uniform random atlas bin (seed 20260702),
bg_1913,background,chrX,3810500,3810,uniform random atlas bin (seed 20260702),
bg_1914,background,chrX,4222500,4222,uniform random atlas bin (seed 20260702),
bg_1915,background,chrX,8891500,8891,uniform random atlas bin (seed 20260702),
bg_1916,background,chrX,10422500,10422,uniform random atlas bin (seed 20260702),
bg_1917,background,chrX,11610500,11610,uniform random atlas bin (seed 20260702),
bg_1918,background,chrX,12801500,12801,uniform random atlas bin (seed 20260702),
bg_1919,background,chrX,17609500,17609,uniform random atlas bin (seed 20260702),
bg_1920,background,chrX,18600500,18600,uniform random atlas bin (seed 20260702),
bg_1921,background,chrX,18723500,18723,uniform random atlas bin (seed 20260702),
bg_1922,background,chrX,19504500,19504,uniform random atlas bin (seed 20260702),
bg_1923,background,chrX,19598500,19598,uniform random atlas bin (seed 20260702),
bg_1924,background,chrX,20248500,20248,uniform random atlas bin (seed 20260702),
bg_1925,background,chrX,24433500,24433,uniform random atlas bin (seed 20260702),
bg_1926,background,chrX,24504500,24504,uniform random atlas bin (seed 20260702),
bg_1927,background,chrX,24673500,24673,uniform random atlas bin (seed 20260702),
bg_1928,background,chrX,30219500,30219,uniform random atlas bin (seed 20260702),
bg_1929,background,chrX,31042500,31042,uniform random atlas bin (seed 20260702),
bg_1930,background,chrX,32140500,32140,uniform random atlas bin (seed 20260702),
bg_1931,background,chrX,33376500,33376,uniform random atlas bin (seed 20260702),
bg_1932,background,chrX,35290500,35290,uniform random atlas bin (seed 20260702),
bg_1933,background,chrX,35454500,35454,uniform random atlas bin (seed 20260702),
bg_1934,background,chrX,36080500,36080,uniform random atlas bin (seed 20260702),
bg_1935,background,chrX,36390500,36390,uniform random atlas bin (seed 20260702),
bg_1936,background,chrX,39387500,39387,uniform random atlas bin (seed 20260702),
bg_1937,background,chrX,39391500,39391,uniform random atlas bin (seed 20260702),
bg_1938,background,chrX,41338500,41338,uniform random atlas bin (seed 20260702),
bg_1939,background,chrX,43442500,43442,uniform random atlas bin (seed 20260702),
bg_1940,background,chrX,44825500,44825,uniform random atlas bin (seed 20260702),
bg_1941,background,chrX,48970500,48970,uniform random atlas bin (seed 20260702),
bg_1942,background,chrX,52243500,52243,uniform random atlas bin (seed 20260702),
bg_1943,background,chrX,52620500,52620,uniform random atlas bin (seed 20260702),
bg_1944,background,chrX,57865500,57865,uniform random atlas bin (seed 20260702),
bg_1945,background,chrX,61851500,61851,uniform random atlas bin (seed 20260702),
bg_1946,background,chrX,63769500,63769,uniform random atlas bin (seed 20260702),
bg_1947,background,chrX,64789500,64789,uniform random atlas bin (seed 20260702),
bg_1948,background,chrX,65627500,65627,uniform random atlas bin (seed 20260702),
bg_1949,background,chrX,67000500,67000,uniform random atlas bin (seed 20260702),
bg_1950,background,chrX,67072500,67072,uniform random atlas bin (seed 20260702),
bg_1951,background,chrX,69239500,69239,uniform random atlas bin (seed 20260702),
bg_1952,background,chrX,71383500,71383,uniform random atlas bin (seed 20260702),
bg_1953,background,chrX,71637500,71637,uniform random atlas bin (seed 20260702),
bg_1954,background,chrX,73945500,73945,uniform random atlas bin (seed 20260702),
bg_1955,background,chrX,74543500,74543,uniform random atlas bin (seed 20260702),
bg_1956,background,chrX,79183500,79183,uniform random atlas bin (seed 20260702),
bg_1957,background,chrX,81811500,81811,uniform random atlas bin (seed 20260702),
bg_1958,background,chrX,82759500,82759,uniform random atlas bin (seed 20260702),
bg_1959,background,chrX,83123500,83123,uniform random atlas bin (seed 20260702),
bg_1960,background,chrX,85750500,85750,uniform random atlas bin (seed 20260702),
bg_1961,background,chrX,86719500,86719,uniform random atlas bin (seed 20260702),
bg_1962,background,chrX,86973500,86973,uniform random atlas bin (seed 20260702),
bg_1963,background,chrX,88472500,88472,uniform random atlas bin (seed 20260702),
bg_1964,background,chrX,89428500,89428,uniform random atlas bin (seed 20260702),
bg_1965,background,chrX,92990500,92990,uniform random atlas bin (seed 20260702),
bg_1966,background,chrX,94249500,94249,uniform random atlas bin (seed 20260702),
bg_1967,background,chrX,95934500,95934,uniform random atlas bin (seed 20260702),
bg_1968,background,chrX,96510500,96510,uniform random atlas bin (seed 20260702),
bg_1969,background,chrX,100823500,100823,uniform random atlas bin (seed 20260702),
bg_1970,background,chrX,105030500,105030,uniform random atlas bin (seed 20260702),
bg_1971,background,chrX,107927500,107927,uniform random atlas bin (seed 20260702),
bg_1972,background,chrX,109704500,109704,uniform random atlas bin (seed 20260702),
bg_1973,background,chrX,113098500,113098,uniform random atlas bin (seed 20260702),
bg_1974,background,chrX,113568500,113568,uniform random atlas bin (seed 20260702),
bg_1975,background,chrX,116032500,116032,uniform random atlas bin (seed 20260702),
bg_1976,background,chrX,117588500,117588,uniform random atlas bin (seed 20260702),
bg_1977,background,chrX,119114500,119114,uniform random atlas bin (seed 20260702),
bg_1978,background,chrX,119936500,119936,uniform random atlas bin (seed 20260702),
bg_1979,background,chrX,121635500,121635,uniform random atlas bin (seed 20260702),
bg_1980,background,chrX,122013500,122013,uniform random atlas bin (seed 20260702),
bg_1981,background,chrX,124052500,124052,uniform random atlas bin (seed 20260702),
bg_1982,background,chrX,126157500,126157,uniform random atlas bin (seed 20260702),
bg_1983,background,chrX,126935500,126935,uniform random atlas bin (seed 20260702),
bg_1984,background,chrX,128358500,128358,uniform random atlas bin (seed 20260702),
bg_1985,background,chrX,129793500,129793,uniform random atlas bin (seed 20260702),
bg_1986,background,chrX,130937500,130937,uniform random atlas bin (seed 20260702),
bg_1987,background,chrX,133952500,133952,uniform random atlas bin (seed 20260702),
bg_1988,background,chrX,137501500,137501,uniform random atlas bin (seed 20260702),
bg_1989,background,chrX,139045500,139045,uniform random atlas bin (seed 20260702),
bg_1990,background,chrX,139719500,139719,uniform random atlas bin (seed 20260702),
bg_1991,background,chrX,141128500,141128,uniform random atlas bin (seed 20260702),
bg_1992,background,chrX,142082500,142082,uniform random atlas bin (seed 20260702),
bg_1993,background,chrX,142413500,142413,uniform random atlas bin (seed 20260702),
bg_1994,background,chrX,143037500,143037,uniform random atlas bin (seed 20260702),
bg_1995,background,chrX,144426500,144426,uniform random atlas bin (seed 20260702),
bg_1996,background,chrX,145209500,145209,uniform random atlas bin (seed 20260702),
bg_1997,background,chrX,145348500,145348,uniform random atlas bin (seed 20260702),
bg_1998,background,chrX,149063500,149063,uniform random atlas bin (seed 20260702),
bg_1999,background,chrX,149539500,149539,uniform random atlas bin (seed 20260702),
