chromosome,position_hg38
chr1,352500
chr1,1033500
chr1,1215500
chr1,1254500
chr1,1359500
chr1,1498500
chr1,1504500
chr1,3650500
chr1,4815500
chr1,4902500
chr1,5285500
chr1,5304500
chr1,5985500
chr1,5995500
chr1,6029500
chr1,6347500
chr1,6531500
chr1,6948500
chr1,7678500
chr1,8251500
chr1,8298500
chr1,9162500
chr1,10377500
chr1,10957500
chr1,11133500
chr1,11332500
chr1,11449500
chr1,11713500
chr1,12384500
chr1,12799500
chr1,12949500
chr1,13545500
chr1,13955500
chr1,14166500
chr1,15429500
chr1,16335500
chr1,17018500
chr1,17057500
chr1,17142500
chr1,17974500
chr1,18588500
chr1,18770500
chr1,19045500
chr1,19132500
chr1,19763500
chr1,20127500
chr1,20631500
chr1,21173500
chr1,21313500
chr1,21724500
chr1,21745500
chr1,22123500
chr1,22418500
chr1,22793500
chr1,22842500
chr1,23067500
chr1,23139500
chr1,23221500
chr1,23638500
chr1,23649500
chr1,24376500
chr1,24620500
chr1,25049500
chr1,25191500
chr1,25463500
chr1,27027500
chr1,27394500
chr1,27538500
chr1,27562500
chr1,28332500
chr1,29349500
chr1,29604500
chr1,29803500
chr1,29855500
chr1,30680500
chr1,31694500
chr1,31733500
chr1,32368500
chr1,33212500
chr1,33224500
chr1,33344500
chr1,33844500
chr1,33902500
chr1,33939500
chr1,34028500
chr1,34060500
chr1,34289500
chr1,34471500
chr1,34947500
chr1,35242500
chr1,35280500
chr1,35619500
chr1,35880500
chr1,35972500
chr1,36073500
chr1,36087500
chr1,36187500
chr1,37208500
chr1,37483500
chr1,38374500
chr1,38378500
chr1,38953500
chr1,39210500
chr1,39491500
chr1,39515500
chr1,39551500
chr1,39558500
chr1,39987500
chr1,40032500
chr1,40190500
chr1,40220500
chr1,40258500
chr1,40447500
chr1,40689500
chr1,42471500
chr1,43255500
chr1,43286500
chr1,44388500
chr1,44607500
chr1,44877500
chr1,45080500
chr1,45177500
chr1,45344500
chr1,45580500
chr1,46974500
chr1,47468500
chr1,47971500
chr1,48210500
chr1,48226500
chr1,48499500
chr1,48704500
chr1,48747500
chr1,48973500
chr1,49100500
chr1,49580500
chr1,49702500
chr1,49812500
chr1,51307500
chr1,51316500
chr1,51764500
chr1,51812500
chr1,52222500
chr1,52360500
chr1,52752500
chr1,53675500
chr1,53769500
chr1,54184500
chr1,54276500
chr1,54365500
chr1,54909500
chr1,54940500
chr1,55514500
chr1,56078500
chr1,57051500
chr1,58823500
chr1,59423500
chr1,59902500
chr1,60069500
chr1,60477500
chr1,60688500
chr1,60878500
chr1,61517500
chr1,61684500
chr1,61729500
chr1,61842500
chr1,61859500
chr1,63455500
chr1,63686500
chr1,64127500
chr1,66047500
chr1,66628500
chr1,67018500
chr1,67107500
chr1,67268500
chr1,67365500
chr1,67424500
chr1,67601500
chr1,67898500
chr1,68187500
chr1,68386500
chr1,69049500
chr1,69577500
chr1,69824500
chr1,69958500
chr1,70036500
chr1,70496500
chr1,70533500
chr1,71174500
chr1,71299500
chr1,71450500
chr1,71561500
chr1,71900500
chr1,72461500
chr1,72814500
chr1,72919500
chr1,73546500
chr1,73825500
chr1,73930500
chr1,74080500
chr1,74117500
chr1,74727500
chr1,75181500
chr1,75222500
chr1,76550500
chr1,76627500
chr1,76725500
chr1,78219500
chr1,78418500
chr1,78602500
chr1,78758500
chr1,79555500
chr1,80494500
chr1,82055500
chr1,82543500
chr1,82998500
chr1,84014500
chr1,84321500
chr1,84803500
chr1,85256500
chr1,85933500
chr1,86080500
chr1,86966500
chr1,87194500
chr1,87318500
chr1,87571500
chr1,87732500
chr1,87891500
chr1,89253500
chr1,90207500
chr1,90314500
chr1,90504500
chr1,90934500
chr1,91142500
chr1,91190500
chr1,92285500
chr1,92668500
chr1,92828500
chr1,94383500
chr1,94973500
chr1,95271500
chr1,96057500
chr1,96211500
chr1,96332500
chr1,96833500
chr1,98498500
chr1,98789500
chr1,98875500
chr1,99187500
chr1,99252500
chr1,100113500
chr1,100381500
chr1,100504500
chr1,101023500
chr1,101582500
chr1,102220500
chr1,102463500
chr1,103270500
chr1,103456500
chr1,103870500
chr1,104279500
chr1,104327500
chr1,104469500
chr1,104757500
chr1,104830500
chr1,105100500
chr1,105649500
chr1,106182500
chr1,106289500
chr1,106726500
chr1,106764500
chr1,107735500
chr1,108061500
chr1,108171500
chr1,109639500
chr1,110382500
chr1,110681500
chr1,111162500
chr1,111956500
chr1,113031500
chr1,114270500
chr1,115309500
chr1,115797500
chr1,116023500
chr1,116280500
chr1,116503500
chr1,116700500
chr1,118693500
chr1,119749500
chr1,119930500
chr1,119993500
chr1,120136500
chr1,120235500
chr1,120305500
chr1,120449500
chr1,121653500
chr1,121833500
chr1,121982500
chr1,122155500
chr1,122255500
chr1,122305500
chr1,122652500
chr1,123319500
chr1,123945500
chr1,124242500
chr1,124780500
chr1,125181500
chr1,125572500
chr1,126554500
chr1,126803500
chr1,127810500
chr1,128302500
chr1,128314500
chr1,128452500
chr1,128850500
chr1,128992500
chr1,129539500
chr1,129658500
chr1,129722500
chr1,129912500
chr1,129939500
chr1,130361500
chr1,130398500
chr1,130562500
chr1,131539500
chr1,131856500
chr1,131896500
chr1,132461500
chr1,132709500
chr1,132714500
chr1,132758500
chr1,132769500
chr1,132950500
chr1,132990500
chr1,133149500
chr1,133349500
chr1,133487500
chr1,134091500
chr1,134627500
chr1,135143500
chr1,135678500
chr1,135926500
chr1,136012500
chr1,136017500
chr1,136176500
chr1,136276500
chr1,136326500
chr1,136408500
chr1,136494500
chr1,136783500
chr1,138024500
chr1,138470500
chr1,138506500
chr1,138777500
chr1,139384500
chr1,139456500
chr1,140106500
chr1,140692500
chr1,141721500
chr1,141826500
chr1,142178500
chr1,142671500
chr1,142916500
chr1,143426500
chr1,143553500
chr1,143700500
chr1,144054500
chr1,144073500
chr1,144448500
chr1,144555500
chr1,144753500
chr1,146050500
chr1,146228500
chr1,146401500
chr1,146488500
chr1,146666500
chr1,147089500
chr1,147249500
chr1,147275500
chr1,147522500
chr1,147809500
chr1,148226500
chr1,148318500
chr1,148431500
chr1,148800500
chr1,148899500
chr1,149478500
chr1,150369500
chr1,150491500
chr1,150746500
chr1,150908500
chr1,151153500
chr1,151553500
chr1,151750500
chr1,152092500
chr1,152611500
chr1,153245500
chr1,153638500
chr1,153794500
chr1,154560500
chr1,154577500
chr1,154636500
chr1,155139500
chr1,155218500
chr1,155422500
chr1,155647500
chr1,155838500
chr1,156242500
chr1,156637500
chr1,156701500
chr1,157434500
chr1,157470500
chr1,158159500
chr1,158304500
chr1,159175500
chr1,159545500
chr1,159853500
chr1,160077500
chr1,160142500
chr1,160467500
chr1,160701500
chr1,160765500
chr1,161392500
chr1,162374500
chr1,163165500
chr1,163558500
chr1,163625500
chr1,163805500
chr1,164499500
chr1,164824500
chr1,165016500
chr1,165189500
chr1,165266500
chr1,166174500
chr1,167078500
chr1,167239500
chr1,167460500
chr1,167623500
chr1,168430500
chr1,168452500
chr1,168508500
chr1,169335500
chr1,169442500
chr1,169496500
chr1,170160500
chr1,170605500
chr1,170762500
chr1,171359500
chr1,171968500
chr1,172259500
chr1,172283500
chr1,172724500
chr1,173080500
chr1,173944500
chr1,174645500
chr1,174813500
chr1,175576500
chr1,176318500
chr1,176352500
chr1,176744500
chr1,176796500
chr1,177166500
chr1,177290500
chr1,177677500
chr1,177845500
chr1,178712500
chr1,178750500
chr1,178830500
chr1,178880500
chr1,179005500
chr1,179463500
chr1,179983500
chr1,180330500
chr1,180344500
chr1,180523500
chr1,180739500
chr1,182299500
chr1,182574500
chr1,183125500
chr1,183887500
chr1,183905500
chr1,183940500
chr1,184116500
chr1,184155500
chr1,184184500
chr1,184304500
chr1,184533500
chr1,184558500
chr1,185084500
chr1,185871500
chr1,187021500
chr1,187151500
chr1,187603500
chr1,188751500
chr1,188864500
chr1,189126500
chr1,189409500
chr1,189738500
chr1,190399500
chr1,190792500
chr1,190922500
chr1,190984500
chr1,191283500
chr1,192022500
chr1,192144500
chr1,192594500
chr1,192839500
chr1,193421500
chr1,193529500
chr1,193837500
chr1,193984500
chr1,194213500
chr1,194315500
chr1,194498500
chr1,195026500
chr1,195285500
chr1,195696500
chr1,196033500
chr1,196345500
chr1,196667500
chr1,197427500
chr1,197481500
chr1,197603500
chr1,198326500
chr1,198353500
chr1,198424500
chr1,198626500
chr1,198707500
chr1,198766500
chr1,198863500
chr1,198925500
chr1,198935500
chr1,199090500
chr1,199466500
chr1,200491500
chr1,200551500
chr1,202595500
chr1,203020500
chr1,203700500
chr1,204771500
chr1,205511500
chr1,205664500
chr1,206276500
chr1,206661500
chr1,206928500
chr1,207507500
chr1,207923500
chr1,208172500
chr1,208416500
chr1,208435500
chr1,208609500
chr1,208847500
chr1,208886500
chr1,208900500
chr1,208989500
chr1,209422500
chr1,210739500
chr1,210822500
chr1,211409500
chr1,211568500
chr1,211960500
chr1,211965500
chr1,212222500
chr1,212543500
chr1,212615500
chr1,212816500
chr1,213078500
chr1,213160500
chr1,213852500
chr1,214412500
chr1,214595500
chr1,215310500
chr1,216319500
chr1,216683500
chr1,217116500
chr1,217191500
chr1,217216500
chr1,217495500
chr1,217539500
chr1,217734500
chr1,218084500
chr1,218750500
chr1,218839500
chr1,219032500
chr1,219158500
chr1,219332500
chr1,219340500
chr1,219464500
chr1,219669500
chr1,220026500
chr1,220045500
chr1,220162500
chr1,220237500
chr1,221074500
chr1,221175500
chr1,221506500
chr1,221709500
chr1,221899500
chr1,222144500
chr1,222477500
chr1,222673500
chr1,223172500
chr1,223965500
chr1,224365500
chr1,224755500
chr1,225416500
chr1,225763500
chr1,225950500
chr1,227006500
chr1,227162500
chr1,227500500
chr1,227529500
chr1,227803500
chr1,227909500
chr1,228522500
chr1,228582500
chr1,228835500
chr1,228915500
chr1,229002500
chr1,229110500
chr1,229504500
chr1,229679500
chr1,229885500
chr1,230780500
chr1,231012500
chr1,231029500
chr1,231765500
chr1,231773500
chr1,232898500
chr1,233186500
chr1,233288500
chr1,233629500
chr1,233686500
chr1,234072500
chr1,234310500
chr1,235092500
chr1,235437500
chr1,236119500
chr1,236401500
chr1,236507500
chr1,236575500
chr1,236917500
chr1,237045500
chr1,237387500
chr1,237444500
chr1,237806500
chr1,237845500
chr1,238478500
chr1,238637500
chr1,238805500
chr1,238974500
chr1,239242500
chr1,239334500
chr1,239836500
chr1,240293500
chr1,240338500
chr1,240717500
chr1,241304500
chr1,241398500
chr1,241752500
chr1,243515500
chr1,244120500
chr1,244206500
chr1,244908500
chr1,246054500
chr1,247510500
chr1,247642500
chr1,247707500
chr1,248226500
chr1,248266500
chr1,248448500
chr1,248480500
chr2,242500
chr2,525500
chr2,1231500
chr2,1414500
chr2,2173500
chr2,2961500
chr2,3221500
chr2,4047500
chr2,4320500
chr2,5628500
chr2,5857500
chr2,6981500
chr2,6999500
chr2,7218500
chr2,7479500
chr2,7644500
chr2,9212500
chr2,9311500
chr2,9454500
chr2,9663500
chr2,9979500
chr2,10436500
chr2,10535500
chr2,11703500
chr2,11922500
chr2,12109500
chr2,12191500
chr2,12197500
chr2,12403500
chr2,12560500
chr2,12934500
chr2,13776500
chr2,13894500
chr2,14496500
chr2,14583500
chr2,14635500
chr2,14723500
chr2,14969500
chr2,15261500
chr2,15456500
chr2,15570500
chr2,16445500
chr2,16818500
chr2,17013500
chr2,17440500
chr2,18094500
chr2,18389500
chr2,18662500
chr2,18676500
chr2,19483500
chr2,19624500
chr2,20468500
chr2,21277500
chr2,22407500
chr2,22427500
chr2,22776500
chr2,22940500
chr2,23078500
chr2,23142500
chr2,23323500
chr2,24398500
chr2,24552500
chr2,24776500
chr2,25530500
chr2,25576500
chr2,25717500
chr2,25853500
chr2,26958500
chr2,27403500
chr2,27408500
chr2,27499500
chr2,27767500
chr2,27970500
chr2,29280500
chr2,29318500
chr2,29548500
chr2,30441500
chr2,30573500
chr2,30899500
chr2,31350500
chr2,31706500
chr2,31747500
chr2,31839500
chr2,32368500
chr2,32729500
chr2,33330500
chr2,33610500
chr2,34303500
chr2,34428500
chr2,34947500
chr2,35077500
chr2,35569500
chr2,36464500
chr2,36540500
chr2,36741500
chr2,37952500
chr2,38249500
chr2,38299500
chr2,38635500
chr2,39299500
chr2,39321500
chr2,39499500
chr2,39510500
chr2,39769500
chr2,41272500
chr2,41479500
chr2,41599500
chr2,41656500
chr2,41737500
chr2,41798500
chr2,41982500
chr2,42246500
chr2,42542500
chr2,42567500
chr2,43006500
chr2,43024500
chr2,43533500
chr2,43787500
chr2,43902500
chr2,44594500
chr2,44889500
chr2,45574500
chr2,46053500
chr2,46809500
chr2,46995500
chr2,47800500
chr2,49476500
chr2,49990500
chr2,50489500
chr2,50593500
chr2,51971500
chr2,52069500
chr2,52073500
chr2,52388500
chr2,52580500
chr2,52952500
chr2,54244500
chr2,54459500
chr2,55662500
chr2,55835500
chr2,56495500
chr2,57606500
chr2,57620500
chr2,57897500
chr2,58618500
chr2,58654500
chr2,58824500
chr2,59113500
chr2,60275500
chr2,60695500
chr2,60886500
chr2,61582500
chr2,62613500
chr2,63199500
chr2,63925500
chr2,63988500
chr2,64255500
chr2,64366500
chr2,65098500
chr2,65307500
chr2,65417500
chr2,65823500
chr2,65974500
chr2,66313500
chr2,66362500
chr2,66455500
chr2,66905500
chr2,67153500
chr2,67371500
chr2,67598500
chr2,67805500
chr2,67840500
chr2,68317500
chr2,68369500
chr2,68660500
chr2,68927500
chr2,69023500
chr2,69435500
chr2,69544500
chr2,70286500
chr2,70615500
chr2,71313500
chr2,71437500
chr2,71627500
chr2,71831500
chr2,72196500
chr2,72695500
chr2,73002500
chr2,73557500
chr2,73705500
chr2,73750500
chr2,73764500
chr2,73904500
chr2,73925500
chr2,75409500
chr2,75534500
chr2,75717500
chr2,76550500
chr2,76726500
chr2,76843500
chr2,76918500
chr2,77039500
chr2,77059500
chr2,77821500
chr2,78052500
chr2,78294500
chr2,78486500
chr2,78861500
chr2,79119500
chr2,79407500
chr2,79491500
chr2,79615500
chr2,79688500
chr2,79825500
chr2,80424500
chr2,80559500
chr2,80851500
chr2,81104500
chr2,81145500
chr2,81601500
chr2,81953500
chr2,82076500
chr2,82133500
chr2,82291500
chr2,82729500
chr2,82919500
chr2,83874500
chr2,84326500
chr2,84353500
chr2,84395500
chr2,84681500
chr2,84830500
chr2,84969500
chr2,85400500
chr2,85949500
chr2,87401500
chr2,87749500
chr2,88674500
chr2,88725500
chr2,89068500
chr2,89240500
chr2,89624500
chr2,89758500
chr2,89998500
chr2,90420500
chr2,90685500
chr2,91246500
chr2,91341500
chr2,91395500
chr2,91868500
chr2,91908500
chr2,91996500
chr2,92654500
chr2,92715500
chr2,92890500
chr2,93212500
chr2,93216500
chr2,93629500
chr2,94343500
chr2,94559500
chr2,94901500
chr2,94960500
chr2,95460500
chr2,95819500
chr2,96142500
chr2,96184500
chr2,96414500
chr2,96746500
chr2,96751500
chr2,97116500
chr2,97987500
chr2,98131500
chr2,99617500
chr2,99965500
chr2,101177500
chr2,101350500
chr2,102201500
chr2,102310500
chr2,102440500
chr2,102571500
chr2,103449500
chr2,103807500
chr2,103999500
chr2,104455500
chr2,104672500
chr2,104972500
chr2,105289500
chr2,105660500
chr2,106028500
chr2,106322500
chr2,106331500
chr2,106544500
chr2,107729500
chr2,108536500
chr2,108557500
chr2,108573500
chr2,109937500
chr2,110118500
chr2,110213500
chr2,110440500
chr2,110727500
chr2,111108500
chr2,112370500
chr2,112455500
chr2,113138500
chr2,113845500
chr2,115162500
chr2,115839500
chr2,116177500
chr2,116287500
chr2,117416500
chr2,117500500
chr2,117561500
chr2,117722500
chr2,117914500
chr2,118203500
chr2,118463500
chr2,118493500
chr2,119114500
chr2,119871500
chr2,119943500
chr2,121332500
chr2,121473500
chr2,121869500
chr2,122846500
chr2,123142500
chr2,123514500
chr2,123725500
chr2,124705500
chr2,125103500
chr2,125230500
chr2,125385500
chr2,125537500
chr2,125681500
chr2,125737500
chr2,127361500
chr2,127657500
chr2,127908500
chr2,127932500
chr2,128184500
chr2,128394500
chr2,129427500
chr2,129715500
chr2,129911500
chr2,130197500
chr2,130280500
chr2,130406500
chr2,130463500
chr2,131130500
chr2,131223500
chr2,131639500
chr2,131920500
chr2,132020500
chr2,132218500
chr2,132423500
chr2,132826500
chr2,133605500
chr2,134424500
chr2,134670500
chr2,134900500
chr2,135116500
chr2,137247500
chr2,138654500
chr2,138660500
chr2,138685500
chr2,139536500
chr2,139737500
chr2,140311500
chr2,140411500
chr2,140943500
chr2,141120500
chr2,141719500
chr2,141978500
chr2,142562500
chr2,143457500
chr2,143516500
chr2,143836500
chr2,143923500
chr2,144078500
chr2,144195500
chr2,144368500
chr2,144760500
chr2,144865500
chr2,145939500
chr2,146044500
chr2,146520500
chr2,146568500
chr2,147046500
chr2,147600500
chr2,147834500
chr2,147863500
chr2,148078500
chr2,148278500
chr2,149668500
chr2,150177500
chr2,152552500
chr2,153005500
chr2,153046500
chr2,153230500
chr2,153291500
chr2,153692500
chr2,153823500
chr2,153904500
chr2,153926500
chr2,154197500
chr2,154535500
chr2,154620500
chr2,154781500
chr2,155071500
chr2,155291500
chr2,155614500
chr2,155816500
chr2,155873500
chr2,155955500
chr2,156122500
chr2,156157500
chr2,156202500
chr2,156516500
chr2,157638500
chr2,157843500
chr2,158112500
chr2,159979500
chr2,160044500
chr2,160136500
chr2,160245500
chr2,160529500
chr2,160721500
chr2,160933500
chr2,161054500
chr2,162030500
chr2,162347500
chr2,163127500
chr2,164164500
chr2,164710500
chr2,165540500
chr2,165662500
chr2,165818500
chr2,166543500
chr2,166787500
chr2,167507500
chr2,167545500
chr2,168196500
chr2,168328500
chr2,168657500
chr2,168767500
chr2,168880500
chr2,169238500
chr2,169267500
chr2,169284500
chr2,169435500
chr2,172118500
chr2,172300500
chr2,172598500
chr2,173004500
chr2,173180500
chr2,173621500
chr2,174108500
chr2,174205500
chr2,174434500
chr2,174909500
chr2,175105500
chr2,175251500
chr2,175663500
chr2,175665500
chr2,176123500
chr2,176457500
chr2,176912500
chr2,177227500
chr2,177387500
chr2,177666500
chr2,178467500
chr2,178498500
chr2,178587500
chr2,178948500
chr2,178967500
chr2,179196500
chr2,179307500
chr2,179349500
chr2,179516500
chr2,179572500
chr2,179587500
chr2,180138500
chr2,180311500
chr2,180504500
chr2,180695500
chr2,180828500
chr2,181216500
chr2,181574500
chr2,181718500
chr2,181819500
chr2,181869500
chr2,182965500
chr2,183687500
chr2,184488500
chr2,184617500
chr2,184683500
chr2,184925500
chr2,185708500
chr2,187133500
chr2,187871500
chr2,188772500
chr2,189544500
chr2,189784500
chr2,190132500
chr2,191616500
chr2,193229500
chr2,193859500
chr2,194480500
chr2,194981500
chr2,195260500
chr2,195343500
chr2,195453500
chr2,195905500
chr2,196363500
chr2,196881500
chr2,196897500
chr2,197049500
chr2,197085500
chr2,197761500
chr2,197842500
chr2,198272500
chr2,198541500
chr2,199452500
chr2,199618500
chr2,199731500
chr2,199873500
chr2,199885500
chr2,200189500
chr2,200674500
chr2,200927500
chr2,201002500
chr2,201007500
chr2,201407500
chr2,201666500
chr2,201945500
chr2,202239500
chr2,202798500
chr2,203074500
chr2,203988500
chr2,204223500
chr2,204420500
chr2,204888500
chr2,205713500
chr2,206111500
chr2,206128500
chr2,206200500
chr2,206424500
chr2,206459500
chr2,206480500
chr2,206638500
chr2,206679500
chr2,206962500
chr2,207216500
chr2,208558500
chr2,208928500
chr2,208961500
chr2,209421500
chr2,209752500
chr2,209836500
chr2,209977500
chr2,210404500
chr2,211456500
chr2,211707500
chr2,212209500
chr2,212354500
chr2,213210500
chr2,214240500
chr2,214530500
chr2,214898500
chr2,215644500
chr2,216429500
chr2,216825500
chr2,216871500
chr2,217914500
chr2,218023500
chr2,219820500
chr2,220427500
chr2,220623500
chr2,220852500
chr2,221993500
chr2,222000500
chr2,222048500
chr2,222436500
chr2,222824500
chr2,222877500
chr2,223185500
chr2,223368500
chr2,224321500
chr2,226192500
chr2,226480500
chr2,226670500
chr2,229288500
chr2,229376500
chr2,229672500
chr2,229884500
chr2,229927500
chr2,230113500
chr2,230196500
chr2,230504500
chr2,230803500
chr2,230938500
chr2,231593500
chr2,231914500
chr2,231977500
chr2,232557500
chr2,232906500
chr2,233015500
chr2,233603500
chr2,234141500
chr2,234922500
chr2,235018500
chr2,235324500
chr2,235541500
chr2,235745500
chr2,235778500
chr2,236629500
chr2,236756500
chr2,237182500
chr2,237782500
chr2,237809500
chr2,238117500
chr2,238505500
chr2,238727500
chr2,238779500
chr2,239376500
chr2,239627500
chr2,239910500
chr2,240037500
chr2,240421500
chr2,240694500
chr2,241902500
chr3,449500
chr3,498500
chr3,671500
chr3,877500
chr3,1763500
chr3,2134500
chr3,2399500
chr3,2821500
chr3,3841500
chr3,4566500
chr3,4917500
chr3,5138500
chr3,6444500
chr3,6652500
chr3,6953500
chr3,6958500
chr3,7013500
chr3,7113500
chr3,7145500
chr3,7203500
chr3,7256500
chr3,7425500
chr3,7579500
chr3,7726500
chr3,8113500
chr3,8793500
chr3,8947500
chr3,9080500
chr3,9157500
chr3,9222500
chr3,9259500
chr3,10373500
chr3,10423500
chr3,10964500
chr3,11009500
chr3,11690500
chr3,11768500
chr3,11885500
chr3,12084500
chr3,12830500
chr3,13045500
chr3,13175500
chr3,13195500
chr3,13657500
chr3,14231500
chr3,14328500
chr3,14585500
chr3,14866500
chr3,15175500
chr3,15898500
chr3,16145500
chr3,16440500
chr3,16709500
chr3,16943500
chr3,17208500
chr3,17212500
chr3,17371500
chr3,17408500
chr3,17466500
chr3,17828500
chr3,18009500
chr3,18683500
chr3,18713500
chr3,19247500
chr3,19436500
chr3,19517500
chr3,19769500
chr3,22067500
chr3,22437500
chr3,22489500
chr3,22724500
chr3,22804500
chr3,22980500
chr3,23251500
chr3,23350500
chr3,23690500
chr3,23792500
chr3,23845500
chr3,23996500
chr3,24515500
chr3,24578500
chr3,25013500
chr3,25102500
chr3,25200500
chr3,25370500
chr3,25374500
chr3,25647500
chr3,25879500
chr3,26117500
chr3,26503500
chr3,26864500
chr3,27149500
chr3,27488500
chr3,27554500
chr3,27591500
chr3,27846500
chr3,29201500
chr3,29788500
chr3,29919500
chr3,30877500
chr3,30887500
chr3,30958500
chr3,31720500
chr3,31796500
chr3,31810500
chr3,32265500
chr3,32577500
chr3,34056500
chr3,34129500
chr3,34380500
chr3,34644500
chr3,35137500
chr3,35230500
chr3,35419500
chr3,35525500
chr3,35688500
chr3,35861500
chr3,36563500
chr3,36782500
chr3,36913500
chr3,37239500
chr3,37965500
chr3,38321500
chr3,39373500
chr3,39764500
chr3,39819500
chr3,39986500
chr3,40540500
chr3,41719500
chr3,42094500
chr3,42315500
chr3,42643500
chr3,42785500
chr3,43274500
chr3,44816500
chr3,44836500
chr3,44966500
chr3,45107500
chr3,45125500
chr3,45144500
chr3,45610500
chr3,45713500
chr3,46053500
chr3,46178500
chr3,46723500
chr3,47003500
chr3,47341500
chr3,47394500
chr3,47623500
chr3,48272500
chr3,48275500
chr3,48362500
chr3,48795500
chr3,48986500
chr3,49019500
chr3,49497500
chr3,50054500
chr3,50292500
chr3,50519500
chr3,50554500
chr3,50710500
chr3,51237500
chr3,51403500
chr3,52353500
chr3,53164500
chr3,53342500
chr3,54013500
chr3,54174500
chr3,54444500
chr3,54918500
chr3,55664500
chr3,55928500
chr3,56501500
chr3,56712500
chr3,56863500
chr3,57155500
chr3,57396500
chr3,57557500
chr3,58013500
chr3,58027500
chr3,58183500
chr3,58937500
chr3,59239500
chr3,59624500
chr3,59674500
chr3,61165500
chr3,61205500
chr3,61247500
chr3,61352500
chr3,61788500
chr3,62943500
chr3,63135500
chr3,63759500
chr3,64116500
chr3,64387500
chr3,64844500
chr3,64985500
chr3,65211500
chr3,65600500
chr3,65656500
chr3,65989500
chr3,66322500
chr3,66368500
chr3,66582500
chr3,66706500
chr3,66742500
chr3,66770500
chr3,66983500
chr3,67093500
chr3,67659500
chr3,67723500
chr3,68009500
chr3,68012500
chr3,68030500
chr3,68246500
chr3,68544500
chr3,69512500
chr3,71234500
chr3,71317500
chr3,71440500
chr3,71453500
chr3,71764500
chr3,71945500
chr3,72076500
chr3,72189500
chr3,73005500
chr3,73429500
chr3,73529500
chr3,74090500
chr3,74760500
chr3,74992500
chr3,75039500
chr3,76199500
chr3,76327500
chr3,77210500
chr3,77247500
chr3,77264500
chr3,77490500
chr3,77606500
chr3,78049500
chr3,78128500
chr3,78397500
chr3,78615500
chr3,78819500
chr3,78857500
chr3,79274500
chr3,79456500
chr3,79511500
chr3,79587500
chr3,79849500
chr3,80101500
chr3,80276500
chr3,80380500
chr3,80780500
chr3,80945500
chr3,81542500
chr3,82699500
chr3,83015500
chr3,83142500
chr3,83487500
chr3,83808500
chr3,84333500
chr3,84392500
chr3,84683500
chr3,85476500
chr3,85736500
chr3,85899500
chr3,85994500
chr3,86058500
chr3,86830500
chr3,86901500
chr3,87635500
chr3,87862500
chr3,88232500
chr3,88437500
chr3,89146500
chr3,89501500
chr3,89636500
chr3,90543500
chr3,90722500
chr3,90827500
chr3,91141500
chr3,92823500
chr3,93615500
chr3,94088500
chr3,94739500
chr3,95107500
chr3,95231500
chr3,95817500
chr3,96603500
chr3,96853500
chr3,97555500
chr3,97766500
chr3,98652500
chr3,98982500
chr3,99136500
chr3,99368500
chr3,99489500
chr3,101522500
chr3,101638500
chr3,102189500
chr3,103032500
chr3,103327500
chr3,103490500
chr3,103680500
chr3,104168500
chr3,104198500
chr3,105834500
chr3,105868500
chr3,106247500
chr3,106424500
chr3,106642500
chr3,106847500
chr3,107483500
chr3,108154500
chr3,108167500
chr3,108308500
chr3,108431500
chr3,108448500
chr3,108463500
chr3,109240500
chr3,109598500
chr3,109831500
chr3,110226500
chr3,110282500
chr3,110428500
chr3,110658500
chr3,111046500
chr3,112107500
chr3,113498500
chr3,113585500
chr3,113804500
chr3,113926500
chr3,114128500
chr3,117015500
chr3,117680500
chr3,117827500
chr3,118168500
chr3,118496500
chr3,118817500
chr3,118858500
chr3,119168500
chr3,119188500
chr3,119282500
chr3,119739500
chr3,120189500
chr3,120231500
chr3,120591500
chr3,121109500
chr3,121382500
chr3,121564500
chr3,121615500
chr3,122288500
chr3,122345500
chr3,122856500
chr3,122896500
chr3,122992500
chr3,123116500
chr3,123413500
chr3,123464500
chr3,123813500
chr3,123845500
chr3,124294500
chr3,124594500
chr3,125192500
chr3,126236500
chr3,126574500
chr3,126810500
chr3,126828500
chr3,127016500
chr3,127354500
chr3,128338500
chr3,128478500
chr3,128721500
chr3,129013500
chr3,129493500
chr3,130009500
chr3,130440500
chr3,130506500
chr3,130522500
chr3,131031500
chr3,131298500
chr3,131454500
chr3,131577500
chr3,131689500
chr3,132049500
chr3,132303500
chr3,133362500
chr3,133757500
chr3,133795500
chr3,134221500
chr3,135048500
chr3,135201500
chr3,135810500
chr3,136082500
chr3,136165500
chr3,136315500
chr3,136658500
chr3,136952500
chr3,136962500
chr3,137061500
chr3,137279500
chr3,137403500
chr3,137439500
chr3,137485500
chr3,137856500
chr3,137996500
chr3,138330500
chr3,138644500
chr3,139101500
chr3,139584500
chr3,140161500
chr3,140678500
chr3,140780500
chr3,141061500
chr3,141455500
chr3,141563500
chr3,141638500
chr3,141711500
chr3,141803500
chr3,142325500
chr3,142718500
chr3,143973500
chr3,144824500
chr3,145283500
chr3,145382500
chr3,145504500
chr3,146678500
chr3,147048500
chr3,147180500
chr3,147666500
chr3,147987500
chr3,148030500
chr3,148898500
chr3,149573500
chr3,149599500
chr3,149964500
chr3,149971500
chr3,150249500
chr3,151163500
chr3,151321500
chr3,151784500
chr3,151797500
chr3,151873500
chr3,151916500
chr3,151949500
chr3,151987500
chr3,151997500
chr3,153279500
chr3,153285500
chr3,153411500
chr3,154081500
chr3,154113500
chr3,154344500
chr3,155520500
chr3,155647500
chr3,155689500
chr3,155996500
chr3,156024500
chr3,156998500
chr3,157102500
chr3,157467500
chr3,157545500
chr3,157677500
chr3,158763500
chr3,159346500
chr3,159368500
chr3,159797500
chr3,160222500
chr3,160583500
chr3,160713500
chr3,161375500
chr3,162226500
chr3,162734500
chr3,163673500
chr3,164042500
chr3,164577500
chr3,165109500
chr3,166163500
chr3,166215500
chr3,166279500
chr3,166405500
chr3,166502500
chr3,166929500
chr3,167416500
chr3,167440500
chr3,167481500
chr3,167634500
chr3,167641500
chr3,167695500
chr3,168658500
chr3,169413500
chr3,169751500
chr3,171640500
chr3,171664500
chr3,173102500
chr3,173166500
chr3,173441500
chr3,173681500
chr3,174523500
chr3,174555500
chr3,174759500
chr3,175600500
chr3,175694500
chr3,176244500
chr3,176529500
chr3,177780500
chr3,177934500
chr3,178054500
chr3,178083500
chr3,178148500
chr3,178470500
chr3,178811500
chr3,179342500
chr3,179694500
chr3,179718500
chr3,179895500
chr3,180032500
chr3,180161500
chr3,180407500
chr3,181234500
chr3,181300500
chr3,181998500
chr3,182686500
chr3,183083500
chr3,183135500
chr3,183253500
chr3,183883500
chr3,183999500
chr3,184452500
chr3,184607500
chr3,185196500
chr3,186785500
chr3,187320500
chr3,187616500
chr3,188154500
chr3,188219500
chr3,188725500
chr3,188893500
chr3,188930500
chr3,189175500
chr3,189935500
chr3,190266500
chr3,190467500
chr3,190613500
chr3,190708500
chr3,191428500
chr3,191614500
chr3,191644500
chr3,192262500
chr3,192298500
chr3,192652500
chr3,193378500
chr3,194124500
chr3,194556500
chr3,194621500
chr3,195092500
chr3,195246500
chr3,195297500
chr3,196490500
chr3,196821500
chr3,197050500
chr3,197114500
chr3,197376500
chr3,197691500
chr3,197736500
chr3,197763500
chr3,197971500
chr4,68500
chr4,407500
chr4,762500
chr4,1937500
chr4,2181500
chr4,2540500
chr4,3060500
chr4,4105500
chr4,4630500
chr4,6015500
chr4,6125500
chr4,6550500
chr4,6598500
chr4,6646500
chr4,7450500
chr4,8003500
chr4,8890500
chr4,10433500
chr4,10899500
chr4,11545500
chr4,11714500
chr4,12835500
chr4,12935500
chr4,13073500
chr4,13305500
chr4,13565500
chr4,13656500
chr4,14286500
chr4,14492500
chr4,14704500
chr4,15415500
chr4,15636500
chr4,15758500
chr4,16101500
chr4,16310500
chr4,17086500
chr4,17149500
chr4,17188500
chr4,18205500
chr4,18454500
chr4,18464500
chr4,18791500
chr4,19743500
chr4,19908500
chr4,19947500
chr4,20148500
chr4,20355500
chr4,20848500
chr4,21299500
chr4,22569500
chr4,23461500
chr4,23539500
chr4,23655500
chr4,23862500
chr4,24365500
chr4,24527500
chr4,24571500
chr4,24832500
chr4,26035500
chr4,26347500
chr4,26719500
chr4,27879500
chr4,28519500
chr4,28845500
chr4,30124500
chr4,30384500
chr4,30564500
chr4,31234500
chr4,31741500
chr4,31762500
chr4,31769500
chr4,31938500
chr4,32111500
chr4,32478500
chr4,32538500
chr4,32796500
chr4,32830500
chr4,32928500
chr4,33098500
chr4,33169500
chr4,34025500
chr4,34524500
chr4,35148500
chr4,35980500
chr4,36564500
chr4,37005500
chr4,38227500
chr4,38779500
chr4,39138500
chr4,39439500
chr4,40047500
chr4,40721500
chr4,41830500
chr4,42193500
chr4,43146500
chr4,43490500
chr4,44431500
chr4,44601500
chr4,44625500
chr4,44755500
chr4,45215500
chr4,46050500
chr4,46754500
chr4,46873500
chr4,47181500
chr4,48055500
chr4,48336500
chr4,48858500
chr4,48996500
chr4,49017500
chr4,49805500
chr4,50687500
chr4,51228500
chr4,51243500
chr4,51533500
chr4,51889500
chr4,52555500
chr4,53778500
chr4,53974500
chr4,54104500
chr4,54208500
chr4,54975500
chr4,55204500
chr4,55533500
chr4,55595500
chr4,56225500
chr4,56455500
chr4,57055500
chr4,57195500
chr4,57204500
chr4,57207500
chr4,57724500
chr4,58244500
chr4,58409500
chr4,58747500
chr4,58826500
chr4,59434500
chr4,59963500
chr4,60316500
chr4,60629500
chr4,60870500
chr4,60938500
chr4,60995500
chr4,62777500
chr4,63116500
chr4,63481500
chr4,63672500
chr4,64634500
chr4,64811500
chr4,64982500
chr4,65131500
chr4,65495500
chr4,65589500
chr4,65812500
chr4,66344500
chr4,66365500
chr4,66453500
chr4,67433500
chr4,67523500
chr4,67672500
chr4,68530500
chr4,68629500
chr4,68734500
chr4,68788500
chr4,69227500
chr4,69871500
chr4,72038500
chr4,72370500
chr4,73162500
chr4,73563500
chr4,73654500
chr4,73877500
chr4,74074500
chr4,74508500
chr4,74861500
chr4,74919500
chr4,75040500
chr4,75069500
chr4,75270500
chr4,75707500
chr4,76384500
chr4,77039500
chr4,77397500
chr4,77401500
chr4,79093500
chr4,79210500
chr4,79414500
chr4,80586500
chr4,80892500
chr4,81089500
chr4,81517500
chr4,81739500
chr4,81772500
chr4,81970500
chr4,82849500
chr4,83328500
chr4,83622500
chr4,83797500
chr4,84394500
chr4,84399500
chr4,86139500
chr4,86431500
chr4,86649500
chr4,86910500
chr4,87004500
chr4,87276500
chr4,88228500
chr4,88836500
chr4,89004500
chr4,89027500
chr4,89795500
chr4,89840500
chr4,90296500
chr4,91024500
chr4,91346500
chr4,92542500
chr4,92905500
chr4,93505500
chr4,93966500
chr4,93990500
chr4,94351500
chr4,94497500
chr4,94943500
chr4,95034500
chr4,95386500
chr4,95450500
chr4,96128500
chr4,96272500
chr4,97632500
chr4,97920500
chr4,97972500
chr4,98056500
chr4,98790500
chr4,98839500
chr4,99090500
chr4,99705500
chr4,99781500
chr4,99859500
chr4,100043500
chr4,100047500
chr4,100241500
chr4,101145500
chr4,101210500
chr4,101320500
chr4,101338500
chr4,102516500
chr4,102563500
chr4,102589500
chr4,102666500
chr4,102821500
chr4,103043500
chr4,103333500
chr4,103936500
chr4,104353500
chr4,104955500
chr4,104965500
chr4,105046500
chr4,105965500
chr4,105981500
chr4,106062500
chr4,106435500
chr4,106562500
chr4,107374500
chr4,107442500
chr4,107978500
chr4,108504500
chr4,108581500
chr4,109094500
chr4,109297500
chr4,109429500
chr4,109492500
chr4,109572500
chr4,110213500
chr4,110546500
chr4,110718500
chr4,110741500
chr4,111228500
chr4,112947500
chr4,113218500
chr4,113281500
chr4,113295500
chr4,113635500
chr4,114052500
chr4,114074500
chr4,114681500
chr4,114898500
chr4,115062500
chr4,115384500
chr4,116003500
chr4,116059500
chr4,116187500
chr4,117115500
chr4,117395500
chr4,117806500
chr4,118738500
chr4,118782500
chr4,120028500
chr4,120938500
chr4,122035500
chr4,123257500
chr4,123508500
chr4,123977500
chr4,124071500
chr4,124301500
chr4,124606500
chr4,126137500
chr4,126332500
chr4,126464500
chr4,126757500
chr4,126827500
chr4,127158500
chr4,127278500
chr4,127651500
chr4,128451500
chr4,128606500
chr4,129445500
chr4,129499500
chr4,129512500
chr4,129548500
chr4,129710500
chr4,129853500
chr4,130303500
chr4,130761500
chr4,131124500
chr4,131347500
chr4,131483500
chr4,131525500
chr4,131659500
chr4,131669500
chr4,132202500
chr4,132466500
chr4,133199500
chr4,133940500
chr4,133944500
chr4,134297500
chr4,134669500
chr4,135033500
chr4,135203500
chr4,135284500
chr4,135474500
chr4,135537500
chr4,136829500
chr4,137246500
chr4,137323500
chr4,137523500
chr4,137948500
chr4,138172500
chr4,138188500
chr4,138205500
chr4,138423500
chr4,139624500
chr4,139839500
chr4,140400500
chr4,141135500
chr4,141457500
chr4,141791500
chr4,141958500
chr4,142186500
chr4,142412500
chr4,143359500
chr4,143366500
chr4,144889500
chr4,145246500
chr4,145426500
chr4,146182500
chr4,146356500
chr4,146399500
chr4,147019500
chr4,147029500
chr4,147272500
chr4,147418500
chr4,147961500
chr4,148168500
chr4,148194500
chr4,148953500
chr4,149433500
chr4,149468500
chr4,150788500
chr4,150963500
chr4,151075500
chr4,151707500
chr4,153033500
chr4,153220500
chr4,153233500
chr4,154262500
chr4,154448500
chr4,155239500
chr4,155371500
chr4,155990500
chr4,156396500
chr4,156676500
chr4,156947500
chr4,158276500
chr4,158482500
chr4,158582500
chr4,159155500
chr4,159173500
chr4,160507500
chr4,160752500
chr4,160834500
chr4,161304500
chr4,161529500
chr4,161867500
chr4,162404500
chr4,162735500
chr4,162790500
chr4,162958500
chr4,164420500
chr4,164849500
chr4,164980500
chr4,165310500
chr4,166510500
chr4,167267500
chr4,167467500
chr4,167582500
chr4,168059500
chr4,168664500
chr4,169510500
chr4,170136500
chr4,170154500
chr4,170176500
chr4,170435500
chr4,172555500
chr4,172618500
chr4,172784500
chr4,173044500
chr4,173091500
chr4,173165500
chr4,173193500
chr4,173708500
chr4,173743500
chr4,173994500
chr4,174155500
chr4,174209500
chr4,174623500
chr4,174857500
chr4,177059500
chr4,177257500
chr4,177801500
chr4,178015500
chr4,178189500
chr4,178393500
chr4,178512500
chr4,178777500
chr4,179011500
chr4,179062500
chr4,180007500
chr4,181033500
chr4,181119500
chr4,181281500
chr4,181533500
chr4,181557500
chr4,182072500
chr4,182228500
chr4,183892500
chr4,183998500
chr4,184223500
chr4,184518500
chr4,185018500
chr4,185151500
chr4,185325500
chr4,185523500
chr4,186081500
chr4,187918500
chr4,189187500
chr4,189362500
chr4,190153500
chr5,675500
chr5,727500
chr5,908500
chr5,2929500
chr5,3204500
chr5,3410500
chr5,4804500
chr5,5469500
chr5,5726500
chr5,6685500
chr5,6811500
chr5,6957500
chr5,6993500
chr5,8758500
chr5,9216500
chr5,9290500
chr5,10196500
chr5,10406500
chr5,10912500
chr5,11208500
chr5,11451500
chr5,11785500
chr5,12168500
chr5,12206500
chr5,12304500
chr5,12398500
chr5,12474500
chr5,14235500
chr5,14293500
chr5,14676500
chr5,14798500
chr5,15634500
chr5,15843500
chr5,16758500
chr5,16900500
chr5,17104500
chr5,17548500
chr5,17773500
chr5,19460500
chr5,19662500
chr5,19687500
chr5,19696500
chr5,20736500
chr5,21569500
chr5,22085500
chr5,22802500
chr5,23262500
chr5,24533500
chr5,24556500
chr5,24941500
chr5,25001500
chr5,25041500
chr5,25318500
chr5,25527500
chr5,25743500
chr5,26888500
chr5,27711500
chr5,28072500
chr5,29623500
chr5,29944500
chr5,30081500
chr5,31109500
chr5,31320500
chr5,31663500
chr5,32028500
chr5,32506500
chr5,32735500
chr5,34398500
chr5,35303500
chr5,35464500
chr5,36054500
chr5,36536500
chr5,36719500
chr5,36726500
chr5,37086500
chr5,37280500
chr5,37758500
chr5,38392500
chr5,39021500
chr5,39498500
chr5,39813500
chr5,39937500
chr5,40724500
chr5,41147500
chr5,42730500
chr5,43406500
chr5,43409500
chr5,43872500
chr5,44165500
chr5,44481500
chr5,45059500
chr5,45112500
chr5,45159500
chr5,45340500
chr5,45348500
chr5,45354500
chr5,45468500
chr5,45469500
chr5,45609500
chr5,45795500
chr5,46042500
chr5,46373500
chr5,46681500
chr5,47435500
chr5,47741500
chr5,48003500
chr5,48341500
chr5,48620500
chr5,49033500
chr5,49750500
chr5,49769500
chr5,49895500
chr5,49900500
chr5,50148500
chr5,50478500
chr5,50636500
chr5,51315500
chr5,51669500
chr5,51947500
chr5,52081500
chr5,52367500
chr5,53036500
chr5,53112500
chr5,53151500
chr5,54031500
chr5,54408500
chr5,54564500
chr5,54687500
chr5,55004500
chr5,56061500
chr5,56327500
chr5,56470500
chr5,57042500
chr5,57140500
chr5,57220500
chr5,57479500
chr5,58022500
chr5,58556500
chr5,58610500
chr5,59042500
chr5,60545500
chr5,60616500
chr5,62710500
chr5,62954500
chr5,64222500
chr5,65100500
chr5,65115500
chr5,65787500
chr5,66842500
chr5,66948500
chr5,67054500
chr5,67437500
chr5,67601500
chr5,67741500
chr5,67964500
chr5,68139500
chr5,69752500
chr5,69785500
chr5,70012500
chr5,70768500
chr5,71113500
chr5,71271500
chr5,71331500
chr5,71787500
chr5,71939500
chr5,73171500
chr5,73284500
chr5,73331500
chr5,73788500
chr5,74018500
chr5,74454500
chr5,74540500
chr5,75083500
chr5,75145500
chr5,75165500
chr5,75193500
chr5,75298500
chr5,75469500
chr5,75778500
chr5,75843500
chr5,75998500
chr5,76066500
chr5,76146500
chr5,76180500
chr5,77378500
chr5,77922500
chr5,78189500
chr5,78424500
chr5,78537500
chr5,78755500
chr5,78849500
chr5,79308500
chr5,79461500
chr5,79570500
chr5,80508500
chr5,80673500
chr5,82671500
chr5,82694500
chr5,82908500
chr5,83270500
chr5,83327500
chr5,83580500
chr5,83615500
chr5,83669500
chr5,84325500
chr5,84494500
chr5,84731500
chr5,84775500
chr5,85172500
chr5,85392500
chr5,86209500
chr5,86316500
chr5,86381500
chr5,86528500
chr5,87193500
chr5,87403500
chr5,87862500
chr5,88024500
chr5,88658500
chr5,88884500
chr5,89338500
chr5,89817500
chr5,90229500
chr5,90638500
chr5,90706500
chr5,90869500
chr5,91019500
chr5,91052500
chr5,91149500
chr5,91291500
chr5,91965500
chr5,92420500
chr5,92554500
chr5,93934500
chr5,94013500
chr5,94043500
chr5,94117500
chr5,96861500
chr5,98280500
chr5,99115500
chr5,99188500
chr5,99271500
chr5,99619500
chr5,100710500
chr5,101025500
chr5,101330500
chr5,101960500
chr5,102041500
chr5,102088500
chr5,102161500
chr5,102344500
chr5,102441500
chr5,102549500
chr5,102908500
chr5,103477500
chr5,103530500
chr5,103624500
chr5,103670500
chr5,103899500
chr5,104740500
chr5,106086500
chr5,106665500
chr5,107038500
chr5,107212500
chr5,107884500
chr5,108524500
chr5,108617500
chr5,109610500
chr5,109799500
chr5,110705500
chr5,111318500
chr5,111367500
chr5,112096500
chr5,112521500
chr5,112699500
chr5,113282500
chr5,113339500
chr5,113528500
chr5,113783500
chr5,114122500
chr5,114998500
chr5,115206500
chr5,115495500
chr5,115537500
chr5,116084500
chr5,116769500
chr5,117084500
chr5,117570500
chr5,117792500
chr5,118690500
chr5,119254500
chr5,120229500
chr5,120388500
chr5,120995500
chr5,121595500
chr5,121680500
chr5,122573500
chr5,122901500
chr5,123257500
chr5,123574500
chr5,123587500
chr5,123904500
chr5,124183500
chr5,124484500
chr5,124581500
chr5,124604500
chr5,125952500
chr5,126100500
chr5,127072500
chr5,127100500
chr5,127244500
chr5,127249500
chr5,127575500
chr5,127700500
chr5,127741500
chr5,128095500
chr5,128318500
chr5,128693500
chr5,128717500
chr5,128757500
chr5,128949500
chr5,129597500
chr5,129943500
chr5,131114500
chr5,131976500
chr5,132294500
chr5,132387500
chr5,133004500
chr5,133584500
chr5,133775500
chr5,134005500
chr5,134312500
chr5,134626500
chr5,134716500
chr5,135957500
chr5,136477500
chr5,136684500
chr5,136770500
chr5,137185500
chr5,137457500
chr5,137770500
chr5,137837500
chr5,137923500
chr5,138139500
chr5,139029500
chr5,139134500
chr5,139315500
chr5,139368500
chr5,139464500
chr5,139486500
chr5,139523500
chr5,139928500
chr5,140274500
chr5,140554500
chr5,140624500
chr5,140795500
chr5,141228500
chr5,141513500
chr5,141551500
chr5,142044500
chr5,142120500
chr5,142819500
chr5,143188500
chr5,143199500
chr5,143642500
chr5,144377500
chr5,144910500
chr5,145541500
chr5,145708500
chr5,145805500
chr5,146418500
chr5,147295500
chr5,148185500
chr5,149161500
chr5,150143500
chr5,150803500
chr5,151941500
chr5,152005500
chr5,152612500
chr5,153060500
chr5,153161500
chr5,153211500
chr5,153810500
chr5,154171500
chr5,154200500
chr5,154311500
chr5,154331500
chr5,154600500
chr5,154723500
chr5,155273500
chr5,155391500
chr5,155561500
chr5,155714500
chr5,156016500
chr5,156054500
chr5,156428500
chr5,156449500
chr5,157572500
chr5,157774500
chr5,160231500
chr5,161478500
chr5,161714500
chr5,162249500
chr5,162319500
chr5,162541500
chr5,163204500
chr5,163618500
chr5,164044500
chr5,164538500
chr5,164737500
chr5,165186500
chr5,165566500
chr5,165711500
chr5,166148500
chr5,166446500
chr5,166499500
chr5,166884500
chr5,167040500
chr5,167529500
chr5,167806500
chr5,168018500
chr5,168208500
chr5,168741500
chr5,168984500
chr5,169059500
chr5,169068500
chr5,169487500
chr5,169805500
chr5,169883500
chr5,170359500
chr5,170594500
chr5,171246500
chr5,171270500
chr5,172028500
chr5,172283500
chr5,172471500
chr5,173131500
chr5,173473500
chr5,174206500
chr5,174377500
chr5,175419500
chr5,175483500
chr5,175589500
chr5,175767500
chr5,176435500
chr5,176590500
chr5,178155500
chr5,178488500
chr5,178784500
chr5,178803500
chr5,179255500
chr5,179409500
chr5,180045500
chr5,180168500
chr5,180190500
chr5,180326500
chr5,180407500
chr5,180472500
chr5,180848500
chr5,181364500
chr5,181385500
chr6,121500
chr6,270500
chr6,1169500
chr6,1660500
chr6,1876500
chr6,1896500
chr6,2395500
chr6,3571500
chr6,3906500
chr6,4250500
chr6,4603500
chr6,5492500
chr6,5801500
chr6,6174500
chr6,6709500
chr6,7883500
chr6,8132500
chr6,9254500
chr6,9263500
chr6,9905500
chr6,10143500
chr6,10287500
chr6,10786500
chr6,11256500
chr6,11293500
chr6,12994500
chr6,14062500
chr6,14107500
chr6,14273500
chr6,15001500
chr6,15397500
chr6,16057500
chr6,16108500
chr6,16141500
chr6,16641500
chr6,16778500
chr6,16835500
chr6,16965500
chr6,17077500
chr6,17222500
chr6,18683500
chr6,19629500
chr6,19630500
chr6,19631500
chr6,19641500
chr6,20058500
chr6,20596500
chr6,20819500
chr6,20918500
chr6,21039500
chr6,21513500
chr6,21642500
chr6,21885500
chr6,22059500
chr6,22424500
chr6,22757500
chr6,22897500
chr6,24247500
chr6,24574500
chr6,25755500
chr6,25774500
chr6,26098500
chr6,26242500
chr6,26393500
chr6,27622500
chr6,28853500
chr6,28908500
chr6,28997500
chr6,29213500
chr6,29239500
chr6,29412500
chr6,29626500
chr6,29712500
chr6,30033500
chr6,30227500
chr6,30812500
chr6,30838500
chr6,31231500
chr6,31292500
chr6,32003500
chr6,32066500
chr6,35817500
chr6,35847500
chr6,36201500
chr6,37225500
chr6,37256500
chr6,37311500
chr6,38272500
chr6,38711500
chr6,39407500
chr6,40160500
chr6,40405500
chr6,40796500
chr6,41483500
chr6,41862500
chr6,41922500
chr6,42226500
chr6,42592500
chr6,42727500
chr6,43770500
chr6,44021500
chr6,44239500
chr6,44425500
chr6,44608500
chr6,44747500
chr6,45535500
chr6,45557500
chr6,45585500
chr6,46496500
chr6,46814500
chr6,47078500
chr6,48258500
chr6,48371500
chr6,48531500
chr6,48565500
chr6,48923500
chr6,49135500
chr6,49208500
chr6,51510500
chr6,51546500
chr6,52453500
chr6,52707500
chr6,52840500
chr6,52977500
chr6,53004500
chr6,53436500
chr6,53742500
chr6,53848500
chr6,53853500
chr6,53862500
chr6,54210500
chr6,54524500
chr6,55142500
chr6,55345500
chr6,55857500
chr6,55931500
chr6,56338500
chr6,56603500
chr6,56673500
chr6,56693500
chr6,57355500
chr6,57471500
chr6,57612500
chr6,58516500
chr6,58738500
chr6,59143500
chr6,59519500
chr6,59690500
chr6,59720500
chr6,59926500
chr6,61365500
chr6,61367500
chr6,61687500
chr6,61736500
chr6,62181500
chr6,62351500
chr6,63179500
chr6,63462500
chr6,63905500
chr6,64454500
chr6,64518500
chr6,64593500
chr6,65077500
chr6,65105500
chr6,65383500
chr6,65435500
chr6,65517500
chr6,66466500
chr6,66742500
chr6,67330500
chr6,67625500
chr6,68035500
chr6,68526500
chr6,68831500
chr6,69745500
chr6,70933500
chr6,71044500
chr6,71143500
chr6,71291500
chr6,72611500
chr6,73251500
chr6,73257500
chr6,73268500
chr6,73787500
chr6,75350500
chr6,75632500
chr6,76349500
chr6,76459500
chr6,76462500
chr6,76848500
chr6,76877500
chr6,77216500
chr6,77519500
chr6,77653500
chr6,77918500
chr6,78708500
chr6,79308500
chr6,79379500
chr6,80080500
chr6,80368500
chr6,80637500
chr6,80971500
chr6,81054500
chr6,81278500
chr6,81571500
chr6,82989500
chr6,83425500
chr6,84675500
chr6,84709500
chr6,85174500
chr6,85398500
chr6,86215500
chr6,86534500
chr6,87228500
chr6,87468500
chr6,87626500
chr6,87798500
chr6,87826500
chr6,87916500
chr6,87959500
chr6,90956500
chr6,91342500
chr6,91405500
chr6,92275500
chr6,92724500
chr6,93973500
chr6,94022500
chr6,94058500
chr6,94875500
chr6,95136500
chr6,95274500
chr6,95577500
chr6,95881500
chr6,96090500
chr6,96626500
chr6,96812500
chr6,98271500
chr6,98316500
chr6,98389500
chr6,98652500
chr6,98747500
chr6,98934500
chr6,99025500
chr6,99520500
chr6,99565500
chr6,99705500
chr6,99973500
chr6,101036500
chr6,101710500
chr6,101737500
chr6,101819500
chr6,102351500
chr6,102578500
chr6,103048500
chr6,103261500
chr6,103565500
chr6,103614500
chr6,104118500
chr6,104237500
chr6,104479500
chr6,104772500
chr6,105528500
chr6,105553500
chr6,105738500
chr6,106825500
chr6,106868500
chr6,107382500
chr6,107433500
chr6,107820500
chr6,108104500
chr6,108910500
chr6,108971500
chr6,109622500
chr6,109626500
chr6,109840500
chr6,109975500
chr6,110177500
chr6,110323500
chr6,110764500
chr6,110787500
chr6,111112500
chr6,112071500
chr6,113266500
chr6,113422500
chr6,113461500
chr6,113919500
chr6,113974500
chr6,114232500
chr6,114408500
chr6,114566500
chr6,115487500
chr6,115691500
chr6,116071500
chr6,116805500
chr6,116881500
chr6,118549500
chr6,119146500
chr6,119762500
chr6,121183500
chr6,121625500
chr6,122616500
chr6,122800500
chr6,123039500
chr6,123083500
chr6,123665500
chr6,124048500
chr6,124391500
chr6,125289500
chr6,125499500
chr6,125676500
chr6,125925500
chr6,126182500
chr6,126792500
chr6,126958500
chr6,128453500
chr6,128861500
chr6,128892500
chr6,130061500
chr6,130164500
chr6,130458500
chr6,131602500
chr6,131796500
chr6,132378500
chr6,132432500
chr6,132865500
chr6,132922500
chr6,133188500
chr6,133619500
chr6,134119500
chr6,134173500
chr6,134296500
chr6,134517500
chr6,135213500
chr6,135226500
chr6,135666500
chr6,135689500
chr6,135741500
chr6,136304500
chr6,136499500
chr6,136555500
chr6,137095500
chr6,137699500
chr6,138025500
chr6,138252500
chr6,138290500
chr6,138459500
chr6,139399500
chr6,139644500
chr6,140180500
chr6,140253500
chr6,140310500
chr6,140385500
chr6,140865500
chr6,140980500
chr6,141036500
chr6,143236500
chr6,144035500
chr6,144047500
chr6,144609500
chr6,145033500
chr6,145045500
chr6,145853500
chr6,146835500
chr6,147117500
chr6,147126500
chr6,147803500
chr6,148175500
chr6,148934500
chr6,149002500
chr6,149554500
chr6,149808500
chr6,150723500
chr6,150826500
chr6,151386500
chr6,152049500
chr6,153355500
chr6,153946500
chr6,154533500
chr6,155360500
chr6,155518500
chr6,155520500
chr6,155701500
chr6,156219500
chr6,156674500
chr6,156676500
chr6,156759500
chr6,156820500
chr6,156855500
chr6,156903500
chr6,157686500
chr6,157916500
chr6,158038500
chr6,158110500
chr6,158420500
chr6,158685500
chr6,159013500
chr6,159829500
chr6,160085500
chr6,161089500
chr6,161406500
chr6,161495500
chr6,162223500
chr6,162725500
chr6,162817500
chr6,163198500
chr6,163756500
chr6,163798500
chr6,163817500
chr6,164351500
chr6,166789500
chr6,168424500
chr6,168708500
chr6,168749500
chr6,168775500
chr6,169321500
chr6,169506500
chr6,169882500
chr6,170310500
chr7,359500
chr7,467500
chr7,821500
chr7,2290500
chr7,2786500
chr7,2929500
chr7,2992500
chr7,2999500
chr7,3317500
chr7,3467500
chr7,4454500
chr7,4716500
chr7,4862500
chr7,4959500
chr7,5242500
chr7,5781500
chr7,5843500
chr7,6405500
chr7,6871500
chr7,7415500
chr7,7515500
chr7,7622500
chr7,8723500
chr7,9079500
chr7,9160500
chr7,9662500
chr7,10015500
chr7,10450500
chr7,10742500
chr7,10880500
chr7,10905500
chr7,11207500
chr7,11275500
chr7,11296500
chr7,12272500
chr7,12959500
chr7,13423500
chr7,14082500
chr7,14604500
chr7,14622500
chr7,14628500
chr7,15206500
chr7,15250500
chr7,15471500
chr7,15599500
chr7,15723500
chr7,16027500
chr7,16668500
chr7,16907500
chr7,17492500
chr7,17815500
chr7,17956500
chr7,18211500
chr7,18304500
chr7,18391500
chr7,18687500
chr7,19344500
chr7,19389500
chr7,20154500
chr7,20556500
chr7,20669500
chr7,21174500
chr7,21573500
chr7,22126500
chr7,22493500
chr7,22598500
chr7,22707500
chr7,22835500
chr7,22981500
chr7,23472500
chr7,23896500
chr7,23942500
chr7,24091500
chr7,24508500
chr7,25438500
chr7,25534500
chr7,25832500
chr7,26135500
chr7,26142500
chr7,26360500
chr7,26562500
chr7,28401500
chr7,29248500
chr7,29473500
chr7,29500500
chr7,30453500
chr7,30969500
chr7,31146500
chr7,31286500
chr7,31979500
chr7,32321500
chr7,32854500
chr7,33136500
chr7,33790500
chr7,33914500
chr7,33952500
chr7,34615500
chr7,35456500
chr7,36225500
chr7,36382500
chr7,36880500
chr7,37080500
chr7,39110500
chr7,39462500
chr7,39520500
chr7,39817500
chr7,39829500
chr7,39900500
chr7,39920500
chr7,40354500
chr7,41133500
chr7,41218500
chr7,41344500
chr7,42018500
chr7,42556500
chr7,44823500
chr7,44861500
chr7,44994500
chr7,45247500
chr7,46345500
chr7,46779500
chr7,47334500
chr7,48134500
chr7,48258500
chr7,48352500
chr7,48634500
chr7,49730500
chr7,50055500
chr7,50156500
chr7,50260500
chr7,50795500
chr7,50835500
chr7,50988500
chr7,51087500
chr7,51470500
chr7,51844500
chr7,51930500
chr7,52362500
chr7,52585500
chr7,52647500
chr7,53118500
chr7,53218500
chr7,53612500
chr7,54298500
chr7,54337500
chr7,54392500
chr7,54406500
chr7,54848500
chr7,56325500
chr7,56566500
chr7,56639500
chr7,56729500
chr7,56770500
chr7,57071500
chr7,57689500
chr7,57779500
chr7,57904500
chr7,58001500
chr7,58171500
chr7,58235500
chr7,58258500
chr7,59164500
chr7,59487500
chr7,59577500
chr7,60095500
chr7,60436500
chr7,60483500
chr7,60997500
chr7,61953500
chr7,62103500
chr7,62156500
chr7,62378500
chr7,62845500
chr7,63607500
chr7,63825500
chr7,64149500
chr7,64292500
chr7,64513500
chr7,65561500
chr7,65645500
chr7,66185500
chr7,66634500
chr7,67160500
chr7,67286500
chr7,67515500
chr7,67854500
chr7,68085500
chr7,68630500
chr7,68699500
chr7,68743500
chr7,69441500
chr7,69978500
chr7,69979500
chr7,70130500
chr7,70558500
chr7,71033500
chr7,71208500
chr7,72131500
chr7,72295500
chr7,72672500
chr7,72921500
chr7,73198500
chr7,73206500
chr7,73736500
chr7,73746500
chr7,74253500
chr7,74994500
chr7,75405500
chr7,75436500
chr7,75983500
chr7,76105500
chr7,76155500
chr7,76637500
chr7,77456500
chr7,78090500
chr7,78102500
chr7,78189500
chr7,78195500
chr7,78417500
chr7,78589500
chr7,78914500
chr7,79204500
chr7,79345500
chr7,79356500
chr7,79740500
chr7,79876500
chr7,80140500
chr7,80295500
chr7,80840500
chr7,81362500
chr7,81800500
chr7,81955500
chr7,82415500
chr7,82465500
chr7,83108500
chr7,83567500
chr7,84011500
chr7,84514500
chr7,84732500
chr7,84826500
chr7,84830500
chr7,84978500
chr7,84997500
chr7,85767500
chr7,86190500
chr7,86687500
chr7,86900500
chr7,87359500
chr7,87953500
chr7,88170500
chr7,88209500
chr7,88403500
chr7,89297500
chr7,89899500
chr7,90317500
chr7,90425500
chr7,90464500
chr7,90969500
chr7,90972500
chr7,91719500
chr7,92365500
chr7,92441500
chr7,92643500
chr7,93067500
chr7,93244500
chr7,93774500
chr7,93933500
chr7,94122500
chr7,94499500
chr7,95371500
chr7,95786500
chr7,96113500
chr7,96223500
chr7,96242500
chr7,96672500
chr7,96776500
chr7,97120500
chr7,97349500
chr7,97799500
chr7,97825500
chr7,97847500
chr7,98233500
chr7,98314500
chr7,98737500
chr7,98787500
chr7,99691500
chr7,100600500
chr7,100864500
chr7,101066500
chr7,101294500
chr7,101590500
chr7,101801500
chr7,102135500
chr7,102382500
chr7,102500500
chr7,102553500
chr7,102575500
chr7,102611500
chr7,103044500
chr7,103426500
chr7,103884500
chr7,104984500
chr7,105509500
chr7,105748500
chr7,106680500
chr7,107550500
chr7,107597500
chr7,108207500
chr7,108453500
chr7,108891500
chr7,109077500
chr7,109507500
chr7,109907500
chr7,110378500
chr7,110515500
chr7,110638500
chr7,111632500
chr7,111659500
chr7,111716500
chr7,112275500
chr7,113489500
chr7,113618500
chr7,113692500
chr7,113714500
chr7,113952500
chr7,114781500
chr7,115642500
chr7,115880500
chr7,117133500
chr7,117264500
chr7,118239500
chr7,118512500
chr7,118546500
chr7,118973500
chr7,119341500
chr7,119539500
chr7,119785500
chr7,120098500
chr7,120630500
chr7,121654500
chr7,122247500
chr7,122504500
chr7,123299500
chr7,123366500
chr7,124371500
chr7,124383500
chr7,124639500
chr7,125086500
chr7,125736500
chr7,125833500
chr7,126372500
chr7,126663500
chr7,126841500
chr7,127218500
chr7,127344500
chr7,127718500
chr7,127734500
chr7,128008500
chr7,128283500
chr7,128847500
chr7,128957500
chr7,129409500
chr7,130010500
chr7,130201500
chr7,130454500
chr7,130777500
chr7,130789500
chr7,131041500
chr7,131187500
chr7,131200500
chr7,131497500
chr7,131503500
chr7,131871500
chr7,132073500
chr7,132671500
chr7,132921500
chr7,133100500
chr7,133697500
chr7,133981500
chr7,134707500
chr7,134729500
chr7,137152500
chr7,137351500
chr7,137836500
chr7,137881500
chr7,138254500
chr7,138929500
chr7,138932500
chr7,139051500
chr7,139663500
chr7,139881500
chr7,140407500
chr7,140532500
chr7,141255500
chr7,141948500
chr7,142148500
chr7,142286500
chr7,142506500
chr7,143386500
chr7,143387500
chr7,143420500
chr7,143811500
chr7,144302500
chr7,145804500
chr7,146133500
chr7,146358500
chr7,146493500
chr7,146624500
chr7,146877500
chr7,147017500
chr7,147783500
chr7,147943500
chr7,148319500
chr7,148590500
chr7,148634500
chr7,148841500
chr7,149230500
chr7,149484500
chr7,149676500
chr7,149797500
chr7,150453500
chr7,150598500
chr7,151021500
chr7,151083500
chr7,151098500
chr7,151260500
chr7,151336500
chr7,151793500
chr7,153021500
chr7,153024500
chr7,153544500
chr7,154001500
chr7,155210500
chr7,155349500
chr7,155468500
chr7,155651500
chr7,155906500
chr7,156301500
chr7,157719500
chr7,157854500
chr7,158071500
chr7,158234500
chr7,158402500
chr8,386500
chr8,699500
chr8,938500
chr8,1905500
chr8,2129500
chr8,2577500
chr8,2591500
chr8,4903500
chr8,5143500
chr8,5275500
chr8,5315500
chr8,5610500
chr8,5800500
chr8,6521500
chr8,6942500
chr8,7447500
chr8,8289500
chr8,8315500
chr8,8805500
chr8,9128500
chr8,9428500
chr8,9808500
chr8,10592500
chr8,10746500
chr8,10748500
chr8,11043500
chr8,11102500
chr8,12401500
chr8,12605500
chr8,13021500
chr8,13112500
chr8,13285500
chr8,13691500
chr8,13836500
chr8,13985500
chr8,14416500
chr8,14643500
chr8,14679500
chr8,14812500
chr8,15025500
chr8,15029500
chr8,15416500
chr8,16155500
chr8,16192500
chr8,16315500
chr8,17003500
chr8,17715500
chr8,17921500
chr8,18103500
chr8,18244500
chr8,18417500
chr8,18486500
chr8,20451500
chr8,21989500
chr8,22553500
chr8,22952500
chr8,23025500
chr8,23331500
chr8,24440500
chr8,24565500
chr8,24627500
chr8,25725500
chr8,26041500
chr8,26135500
chr8,26166500
chr8,26209500
chr8,26242500
chr8,26281500
chr8,26295500
chr8,26789500
chr8,27000500
chr8,27047500
chr8,27258500
chr8,27401500
chr8,27749500
chr8,27943500
chr8,28227500
chr8,28787500
chr8,28925500
chr8,29854500
chr8,30139500
chr8,30311500
chr8,30546500
chr8,30684500
chr8,32024500
chr8,32109500
chr8,32181500
chr8,32969500
chr8,33909500
chr8,34111500
chr8,34218500
chr8,34362500
chr8,34577500
chr8,35140500
chr8,35385500
chr8,35767500
chr8,35804500
chr8,35884500
chr8,36774500
chr8,37613500
chr8,37688500
chr8,37919500
chr8,38380500
chr8,39858500
chr8,40544500
chr8,40830500
chr8,41003500
chr8,41393500
chr8,41725500
chr8,42709500
chr8,43197500
chr8,43843500
chr8,44356500
chr8,44491500
chr8,44514500
chr8,45964500
chr8,46207500
chr8,46588500
chr8,46665500
chr8,46922500
chr8,47110500
chr8,47221500
chr8,47904500
chr8,47910500
chr8,48543500
chr8,48748500
chr8,48866500
chr8,49517500
chr8,49534500
chr8,49888500
chr8,50250500
chr8,50569500
chr8,50800500
chr8,50957500
chr8,51215500
chr8,52115500
chr8,52274500
chr8,52427500
chr8,52744500
chr8,52973500
chr8,53223500
chr8,53303500
chr8,53330500
chr8,54239500
chr8,54364500
chr8,54841500
chr8,55306500
chr8,55433500
chr8,55782500
chr8,55973500
chr8,57004500
chr8,57216500
chr8,57392500
chr8,57498500
chr8,57535500
chr8,58109500
chr8,58152500
chr8,59267500
chr8,59331500
chr8,59536500
chr8,59544500
chr8,59873500
chr8,60741500
chr8,60833500
chr8,60928500
chr8,61015500
chr8,61684500
chr8,61738500
chr8,61942500
chr8,62032500
chr8,62043500
chr8,62485500
chr8,63089500
chr8,63169500
chr8,63466500
chr8,64948500
chr8,64949500
chr8,65475500
chr8,65843500
chr8,66275500
chr8,67316500
chr8,67800500
chr8,68389500
chr8,68587500
chr8,68710500
chr8,68963500
chr8,69140500
chr8,69363500
chr8,69795500
chr8,70855500
chr8,71008500
chr8,71289500
chr8,71478500
chr8,72064500
chr8,72629500
chr8,72819500
chr8,74048500
chr8,74111500
chr8,74418500
chr8,74546500
chr8,76260500
chr8,76845500
chr8,77348500
chr8,77873500
chr8,78197500
chr8,79334500
chr8,79623500
chr8,79721500
chr8,80294500
chr8,80325500
chr8,80611500
chr8,80987500
chr8,81145500
chr8,81484500
chr8,81827500
chr8,82605500
chr8,83387500
chr8,83448500
chr8,83578500
chr8,83976500
chr8,84694500
chr8,84853500
chr8,85104500
chr8,85322500
chr8,86633500
chr8,86754500
chr8,86923500
chr8,87059500
chr8,87118500
chr8,87212500
chr8,87261500
chr8,87751500
chr8,87980500
chr8,88310500
chr8,88413500
chr8,89018500
chr8,89291500
chr8,89517500
chr8,89825500
chr8,90487500
chr8,90817500
chr8,90851500
chr8,91627500
chr8,92577500
chr8,92860500
chr8,93335500
chr8,93625500
chr8,94080500
chr8,94857500
chr8,95061500
chr8,96097500
chr8,96834500
chr8,96877500
chr8,97238500
chr8,97299500
chr8,97371500
chr8,97956500
chr8,98656500
chr8,99438500
chr8,99778500
chr8,99840500
chr8,100129500
chr8,100240500
chr8,100383500
chr8,100535500
chr8,102047500
chr8,102264500
chr8,102555500
chr8,103099500
chr8,103305500
chr8,104408500
chr8,104799500
chr8,105063500
chr8,105316500
chr8,105350500
chr8,105691500
chr8,106404500
chr8,106600500
chr8,106834500
chr8,106879500
chr8,106966500
chr8,107250500
chr8,107482500
chr8,107700500
chr8,107880500
chr8,107884500
chr8,108760500
chr8,109170500
chr8,109494500
chr8,109825500
chr8,109907500
chr8,110327500
chr8,110524500
chr8,111833500
chr8,111871500
chr8,111880500
chr8,112490500
chr8,113504500
chr8,114580500
chr8,115262500
chr8,115938500
chr8,116392500
chr8,117377500
chr8,117394500
chr8,117568500
chr8,117774500
chr8,117831500
chr8,118165500
chr8,118386500
chr8,118800500
chr8,118983500
chr8,119060500
chr8,119973500
chr8,120294500
chr8,120460500
chr8,120573500
chr8,120765500
chr8,120917500
chr8,121355500
chr8,121771500
chr8,122276500
chr8,122510500
chr8,122540500
chr8,122636500
chr8,122812500
chr8,123392500
chr8,124529500
chr8,124555500
chr8,125112500
chr8,125195500
chr8,125483500
chr8,125680500
chr8,127066500
chr8,127067500
chr8,127161500
chr8,127681500
chr8,127696500
chr8,128694500
chr8,129031500
chr8,129297500
chr8,129731500
chr8,129790500
chr8,130880500
chr8,131369500
chr8,132140500
chr8,132207500
chr8,132248500
chr8,132517500
chr8,132930500
chr8,133159500
chr8,133530500
chr8,133690500
chr8,134060500
chr8,134189500
chr8,135248500
chr8,135930500
chr8,136039500
chr8,136553500
chr8,136653500
chr8,136988500
chr8,137035500
chr8,137596500
chr8,137685500
chr8,138142500
chr8,138732500
chr8,138806500
chr8,139565500
chr8,140086500
chr8,140155500
chr8,140819500
chr8,140919500
chr8,141355500
chr8,142218500
chr8,142372500
chr8,142871500
chr8,142929500
chr8,143091500
chr8,143292500
chr8,143518500
chr8,144415500
chr8,144772500
chr8,144832500
chr9,382500
chr9,1214500
chr9,2595500
chr9,2974500
chr9,3336500
chr9,3347500
chr9,4655500
chr9,5031500
chr9,6058500
chr9,7204500
chr9,8048500
chr9,8738500
chr9,8791500
chr9,8829500
chr9,8898500
chr9,9272500
chr9,9545500
chr9,9882500
chr9,10541500
chr9,11579500
chr9,11784500
chr9,12017500
chr9,12187500
chr9,12283500
chr9,13107500
chr9,13139500
chr9,13186500
chr9,13961500
chr9,14195500
chr9,14409500
chr9,14737500
chr9,15185500
chr9,15296500
chr9,15353500
chr9,15860500
chr9,15880500
chr9,15996500
chr9,16061500
chr9,16410500
chr9,16623500
chr9,16696500
chr9,17264500
chr9,18121500
chr9,18180500
chr9,18281500
chr9,18293500
chr9,19218500
chr9,19314500
chr9,19440500
chr9,19581500
chr9,19598500
chr9,19976500
chr9,20029500
chr9,20082500
chr9,20449500
chr9,20522500
chr9,20613500
chr9,20883500
chr9,22043500
chr9,22257500
chr9,25010500
chr9,25691500
chr9,25759500
chr9,26261500
chr9,26816500
chr9,26867500
chr9,27378500
chr9,27555500
chr9,27758500
chr9,28661500
chr9,28841500
chr9,28926500
chr9,28979500
chr9,28998500
chr9,29296500
chr9,29305500
chr9,29373500
chr9,29413500
chr9,30507500
chr9,30541500
chr9,30576500
chr9,30958500
chr9,31169500
chr9,31633500
chr9,31714500
chr9,32220500
chr9,33095500
chr9,33717500
chr9,34002500
chr9,34637500
chr9,34907500
chr9,35062500
chr9,36030500
chr9,36049500
chr9,36209500
chr9,36305500
chr9,37046500
chr9,37834500
chr9,37884500
chr9,38189500
chr9,38312500
chr9,38433500
chr9,38546500
chr9,39451500
chr9,40438500
chr9,40506500
chr9,40590500
chr9,40915500
chr9,41200500
chr9,41432500
chr9,41705500
chr9,41767500
chr9,42135500
chr9,42583500
chr9,42618500
chr9,43120500
chr9,43384500
chr9,43555500
chr9,43558500
chr9,43615500
chr9,44064500
chr9,44076500
chr9,44884500
chr9,45239500
chr9,45312500
chr9,46786500
chr9,47357500
chr9,47536500
chr9,48103500
chr9,48124500
chr9,48474500
chr9,48767500
chr9,48879500
chr9,48959500
chr9,49122500
chr9,50266500
chr9,50395500
chr9,50430500
chr9,50669500
chr9,50914500
chr9,50983500
chr9,51193500
chr9,51598500
chr9,51606500
chr9,51843500
chr9,51848500
chr9,52444500
chr9,52955500
chr9,53241500
chr9,53479500
chr9,54130500
chr9,54261500
chr9,54377500
chr9,55725500
chr9,55926500
chr9,55989500
chr9,57445500
chr9,57474500
chr9,57631500
chr9,58366500
chr9,58596500
chr9,58621500
chr9,58811500
chr9,59139500
chr9,59576500
chr9,59871500
chr9,60079500
chr9,60856500
chr9,60926500
chr9,60953500
chr9,61000500
chr9,61002500
chr9,61156500
chr9,62058500
chr9,62550500
chr9,62554500
chr9,63763500
chr9,63935500
chr9,63999500
chr9,64394500
chr9,64430500
chr9,64458500
chr9,64549500
chr9,64733500
chr9,65380500
chr9,65614500
chr9,66178500
chr9,66222500
chr9,66664500
chr9,67043500
chr9,67802500
chr9,68024500
chr9,68038500
chr9,69583500
chr9,70764500
chr9,70893500
chr9,71027500
chr9,71732500
chr9,71770500
chr9,72335500
chr9,72347500
chr9,72385500
chr9,72438500
chr9,73145500
chr9,73452500
chr9,73502500
chr9,73565500
chr9,73683500
chr9,73851500
chr9,74065500
chr9,74428500
chr9,74780500
chr9,74994500
chr9,75082500
chr9,76352500
chr9,76364500
chr9,76755500
chr9,77231500
chr9,77241500
chr9,77378500
chr9,78228500
chr9,79561500
chr9,79774500
chr9,80256500
chr9,80319500
chr9,80800500
chr9,80818500
chr9,81121500
chr9,81581500
chr9,81938500
chr9,82006500
chr9,82047500
chr9,82383500
chr9,82797500
chr9,82849500
chr9,82930500
chr9,83678500
chr9,83844500
chr9,84380500
chr9,85070500
chr9,85232500
chr9,85894500
chr9,86700500
chr9,87599500
chr9,88202500
chr9,88584500
chr9,88607500
chr9,88652500
chr9,88787500
chr9,89201500
chr9,89467500
chr9,89725500
chr9,89801500
chr9,89803500
chr9,89815500
chr9,89922500
chr9,90006500
chr9,90065500
chr9,90335500
chr9,90664500
chr9,91212500
chr9,91254500
chr9,91676500
chr9,92349500
chr9,93304500
chr9,93353500
chr9,93700500
chr9,94064500
chr9,94624500
chr9,95373500
chr9,95538500
chr9,96000500
chr9,96893500
chr9,97139500
chr9,97563500
chr9,97679500
chr9,99262500
chr9,99844500
chr9,100411500
chr9,100495500
chr9,100690500
chr9,100837500
chr9,101050500
chr9,101204500
chr9,101338500
chr9,101441500
chr9,101450500
chr9,101451500
chr9,101895500
chr9,101932500
chr9,102143500
chr9,102516500
chr9,102902500
chr9,102946500
chr9,102999500
chr9,103055500
chr9,103469500
chr9,103492500
chr9,103534500
chr9,103767500
chr9,103948500
chr9,104090500
chr9,105122500
chr9,105200500
chr9,105271500
chr9,105321500
chr9,105759500
chr9,105886500
chr9,107286500
chr9,107406500
chr9,107409500
chr9,107510500
chr9,108146500
chr9,108454500
chr9,109504500
chr9,109668500
chr9,110219500
chr9,110274500
chr9,110868500
chr9,110895500
chr9,110916500
chr9,111145500
chr9,111629500
chr9,112017500
chr9,112052500
chr9,112262500
chr9,112713500
chr9,112861500
chr9,112953500
chr9,113244500
chr9,113283500
chr9,114146500
chr9,114387500
chr9,115150500
chr9,115414500
chr9,115491500
chr9,115623500
chr9,115665500
chr9,115694500
chr9,115939500
chr9,116024500
chr9,116300500
chr9,116426500
chr9,117400500
chr9,117617500
chr9,118377500
chr9,119084500
chr9,120269500
chr9,120576500
chr9,121222500
chr9,121391500
chr9,121507500
chr9,121537500
chr9,122575500
chr9,122639500
chr9,122883500
chr9,122890500
chr9,122925500
chr9,123004500
chr9,123738500
chr9,124228500
chr9,124567500
chr9,124621500
chr9,124746500
chr9,125264500
chr9,125987500
chr9,127150500
chr9,127508500
chr9,127897500
chr9,128788500
chr9,128941500
chr9,129196500
chr9,129296500
chr9,129519500
chr9,129625500
chr9,129802500
chr9,130510500
chr9,130729500
chr9,131354500
chr9,131376500
chr9,131913500
chr9,132450500
chr9,132697500
chr9,132918500
chr9,133105500
chr9,134004500
chr9,134129500
chr9,135247500
chr9,135521500
chr9,135573500
chr9,136210500
chr9,136218500
chr9,136304500
chr9,136669500
chr9,136760500
chr9,136861500
chr9,136881500
chr9,136957500
chr9,136996500
chr9,137435500
chr9,137543500
chr9,137994500
chr9,138232500
chr10,455500
chr10,865500
chr10,875500
chr10,2196500
chr10,2893500
chr10,3478500
chr10,3756500
chr10,3886500
chr10,4249500
chr10,4412500
chr10,4515500
chr10,4537500
chr10,4541500
chr10,4729500
chr10,5077500
chr10,5151500
chr10,5287500
chr10,5784500
chr10,6072500
chr10,6146500
chr10,6224500
chr10,7107500
chr10,7318500
chr10,7388500
chr10,7983500
chr10,8794500
chr10,8947500
chr10,9804500
chr10,10055500
chr10,10493500
chr10,10620500
chr10,10880500
chr10,11388500
chr10,12333500
chr10,12718500
chr10,13090500
chr10,13499500
chr10,13558500
chr10,13909500
chr10,14629500
chr10,14698500
chr10,14891500
chr10,14943500
chr10,15032500
chr10,15613500
chr10,16353500
chr10,17071500
chr10,17090500
chr10,17334500
chr10,17793500
chr10,17928500
chr10,18065500
chr10,18951500
chr10,19064500
chr10,19259500
chr10,19780500
chr10,20144500
chr10,20368500
chr10,20482500
chr10,20619500
chr10,20788500
chr10,22438500
chr10,22990500
chr10,23571500
chr10,23642500
chr10,23737500
chr10,24277500
chr10,24978500
chr10,26025500
chr10,26813500
chr10,27141500
chr10,27210500
chr10,27455500
chr10,28109500
chr10,28428500
chr10,28996500
chr10,29020500
chr10,29096500
chr10,29540500
chr10,30015500
chr10,30030500
chr10,30094500
chr10,30288500
chr10,30462500
chr10,30654500
chr10,30680500
chr10,31245500
chr10,32294500
chr10,32840500
chr10,33153500
chr10,33228500
chr10,33263500
chr10,33723500
chr10,34104500
chr10,34394500
chr10,34737500
chr10,34843500
chr10,34970500
chr10,35245500
chr10,35356500
chr10,35359500
chr10,35576500
chr10,35733500
chr10,37175500
chr10,37264500
chr10,37445500
chr10,37804500
chr10,37859500
chr10,37893500
chr10,37915500
chr10,38143500
chr10,38193500
chr10,38390500
chr10,38650500
chr10,39034500
chr10,39072500
chr10,39194500
chr10,39354500
chr10,39484500
chr10,39497500
chr10,39563500
chr10,39609500
chr10,40204500
chr10,40735500
chr10,40838500
chr10,41074500
chr10,41421500
chr10,41970500
chr10,42337500
chr10,42631500
chr10,42714500
chr10,42896500
chr10,43283500
chr10,43461500
chr10,44182500
chr10,44453500
chr10,45095500
chr10,45191500
chr10,45316500
chr10,45405500
chr10,45513500
chr10,46088500
chr10,46123500
chr10,46308500
chr10,46370500
chr10,46533500
chr10,46616500
chr10,46787500
chr10,47186500
chr10,47188500
chr10,47800500
chr10,49204500
chr10,49964500
chr10,50191500
chr10,50298500
chr10,50407500
chr10,50838500
chr10,51158500
chr10,51520500
chr10,51785500
chr10,52219500
chr10,52541500
chr10,52962500
chr10,54087500
chr10,55018500
chr10,55171500
chr10,55583500
chr10,55593500
chr10,56373500
chr10,57412500
chr10,58654500
chr10,59126500
chr10,59697500
chr10,59747500
chr10,59888500
chr10,59937500
chr10,60883500
chr10,61020500
chr10,61124500
chr10,61149500
chr10,61515500
chr10,62125500
chr10,62146500
chr10,63461500
chr10,64176500
chr10,64642500
chr10,64739500
chr10,64808500
chr10,64838500
chr10,64885500
chr10,64909500
chr10,65403500
chr10,65602500
chr10,65623500
chr10,65694500
chr10,66083500
chr10,66217500
chr10,66401500
chr10,66675500
chr10,67731500
chr10,67884500
chr10,68554500
chr10,68995500
chr10,69328500
chr10,69624500
chr10,70103500
chr10,70138500
chr10,70219500
chr10,70459500
chr10,70487500
chr10,70518500
chr10,71547500
chr10,71953500
chr10,72092500
chr10,72651500
chr10,73025500
chr10,73090500
chr10,73247500
chr10,73738500
chr10,74378500
chr10,74574500
chr10,74795500
chr10,74949500
chr10,74954500
chr10,75651500
chr10,75681500
chr10,76150500
chr10,76572500
chr10,76937500
chr10,77229500
chr10,77426500
chr10,77886500
chr10,78114500
chr10,78157500
chr10,78772500
chr10,78846500
chr10,78911500
chr10,79862500
chr10,79904500
chr10,80104500
chr10,80134500
chr10,80686500
chr10,80810500
chr10,81281500
chr10,81440500
chr10,81892500
chr10,81903500
chr10,82706500
chr10,83105500
chr10,84388500
chr10,84924500
chr10,85127500
chr10,86107500
chr10,86690500
chr10,86986500
chr10,87509500
chr10,87737500
chr10,87858500
chr10,87982500
chr10,88011500
chr10,88925500
chr10,89405500
chr10,89597500
chr10,90834500
chr10,90956500
chr10,91421500
chr10,91567500
chr10,91835500
chr10,91916500
chr10,92045500
chr10,92196500
chr10,92295500
chr10,92599500
chr10,93197500
chr10,93279500
chr10,93518500
chr10,94009500
chr10,94963500
chr10,95034500
chr10,95042500
chr10,95660500
chr10,96411500
chr10,98063500
chr10,98660500
chr10,98786500
chr10,99346500
chr10,100302500
chr10,100367500
chr10,101856500
chr10,102025500
chr10,102953500
chr10,103005500
chr10,103295500
chr10,103649500
chr10,105199500
chr10,106075500
chr10,106351500
chr10,106740500
chr10,107350500
chr10,107820500
chr10,107898500
chr10,108479500
chr10,108641500
chr10,108646500
chr10,109148500
chr10,109206500
chr10,109450500
chr10,110064500
chr10,110442500
chr10,110446500
chr10,110497500
chr10,110626500
chr10,111368500
chr10,112076500
chr10,112522500
chr10,112524500
chr10,112952500
chr10,113324500
chr10,113510500
chr10,113559500
chr10,114139500
chr10,114167500
chr10,114361500
chr10,114806500
chr10,114900500
chr10,115382500
chr10,115546500
chr10,115599500
chr10,115920500
chr10,117443500
chr10,117529500
chr10,117749500
chr10,118423500
chr10,118796500
chr10,119020500
chr10,120485500
chr10,120644500
chr10,121618500
chr10,121939500
chr10,122611500
chr10,123120500
chr10,123395500
chr10,123423500
chr10,123530500
chr10,123739500
chr10,124445500
chr10,124620500
chr10,125961500
chr10,126519500
chr10,126591500
chr10,127555500
chr10,127767500
chr10,128484500
chr10,128809500
chr10,129455500
chr10,130180500
chr10,130210500
chr10,130276500
chr10,130610500
chr10,130732500
chr10,131058500
chr10,131169500
chr10,131739500
chr10,132073500
chr10,132467500
chr10,132690500
chr10,133557500
chr11,654500
chr11,1144500
chr11,1203500
chr11,1276500
chr11,1337500
chr11,1928500
chr11,2022500
chr11,2464500
chr11,2909500
chr11,2999500
chr11,3226500
chr11,3699500
chr11,3825500
chr11,4047500
chr11,4834500
chr11,4936500
chr11,6135500
chr11,6409500
chr11,6724500
chr11,7528500
chr11,7697500
chr11,8007500
chr11,8094500
chr11,8523500
chr11,9201500
chr11,9702500
chr11,9767500
chr11,9879500
chr11,11105500
chr11,11434500
chr11,11619500
chr11,12180500
chr11,12852500
chr11,12903500
chr11,12916500
chr11,13355500
chr11,13392500
chr11,13519500
chr11,13640500
chr11,14527500
chr11,14532500
chr11,14763500
chr11,15968500
chr11,17014500
chr11,17577500
chr11,18695500
chr11,18820500
chr11,19162500
chr11,19200500
chr11,19211500
chr11,19556500
chr11,19588500
chr11,19841500
chr11,19870500
chr11,20271500
chr11,20392500
chr11,20553500
chr11,22631500
chr11,23094500
chr11,24134500
chr11,24334500
chr11,25323500
chr11,25671500
chr11,25791500
chr11,27282500
chr11,27525500
chr11,28014500
chr11,28847500
chr11,29033500
chr11,29049500
chr11,29645500
chr11,29672500
chr11,31210500
chr11,31537500
chr11,31640500
chr11,31675500
chr11,32052500
chr11,32380500
chr11,32980500
chr11,33629500
chr11,33704500
chr11,34388500
chr11,34877500
chr11,34954500
chr11,35921500
chr11,36550500
chr11,36563500
chr11,37274500
chr11,37706500
chr11,37843500
chr11,38191500
chr11,38255500
chr11,38434500
chr11,38652500
chr11,38837500
chr11,38940500
chr11,39151500
chr11,39591500
chr11,39950500
chr11,40233500
chr11,40283500
chr11,40380500
chr11,40842500
chr11,41128500
chr11,41523500
chr11,41561500
chr11,41851500
chr11,42221500
chr11,42736500
chr11,43112500
chr11,43228500
chr11,43569500
chr11,44026500
chr11,44559500
chr11,45289500
chr11,45952500
chr11,46354500
chr11,46656500
chr11,46724500
chr11,46900500
chr11,47190500
chr11,47226500
chr11,47364500
chr11,47371500
chr11,47643500
chr11,48046500
chr11,48449500
chr11,48643500
chr11,48916500
chr11,49441500
chr11,50010500
chr11,50997500
chr11,51153500
chr11,52349500
chr11,52360500
chr11,52917500
chr11,53799500
chr11,54897500
chr11,55136500
chr11,55306500
chr11,55331500
chr11,55917500
chr11,55934500
chr11,56615500
chr11,56754500
chr11,57059500
chr11,57483500
chr11,58104500
chr11,59052500
chr11,59831500
chr11,60873500
chr11,60882500
chr11,61022500
chr11,61746500
chr11,62526500
chr11,62566500
chr11,63237500
chr11,63344500
chr11,63586500
chr11,63663500
chr11,64151500
chr11,64155500
chr11,64173500
chr11,64287500
chr11,65353500
chr11,66066500
chr11,66291500
chr11,66337500
chr11,66377500
chr11,66745500
chr11,67235500
chr11,67729500
chr11,67914500
chr11,68368500
chr11,68743500
chr11,69276500
chr11,69457500
chr11,70122500
chr11,70148500
chr11,70701500
chr11,72751500
chr11,73383500
chr11,73592500
chr11,73616500
chr11,73832500
chr11,73972500
chr11,74134500
chr11,74278500
chr11,75044500
chr11,75621500
chr11,76182500
chr11,76635500
chr11,77380500
chr11,77519500
chr11,78689500
chr11,78876500
chr11,78893500
chr11,79022500
chr11,79211500
chr11,79878500
chr11,80884500
chr11,80941500
chr11,81016500
chr11,81422500
chr11,81498500
chr11,81532500
chr11,81794500
chr11,81920500
chr11,82498500
chr11,82673500
chr11,82999500
chr11,83198500
chr11,83753500
chr11,83893500
chr11,84297500
chr11,84432500
chr11,84683500
chr11,84717500
chr11,86270500
chr11,86456500
chr11,86652500
chr11,87307500
chr11,87939500
chr11,88209500
chr11,88274500
chr11,88388500
chr11,88528500
chr11,89088500
chr11,89275500
chr11,89793500
chr11,90760500
chr11,90771500
chr11,91778500
chr11,92351500
chr11,92377500
chr11,92503500
chr11,92550500
chr11,92712500
chr11,93261500
chr11,93622500
chr11,94225500
chr11,94889500
chr11,95763500
chr11,96624500
chr11,96894500
chr11,97088500
chr11,97451500
chr11,98802500
chr11,98909500
chr11,99110500
chr11,99426500
chr11,99942500
chr11,100469500
chr11,100744500
chr11,101035500
chr11,101056500
chr11,101080500
chr11,102230500
chr11,102360500
chr11,102402500
chr11,103004500
chr11,104858500
chr11,105080500
chr11,105804500
chr11,106567500
chr11,106822500
chr11,106988500
chr11,108132500
chr11,109931500
chr11,110529500
chr11,110777500
chr11,111277500
chr11,112120500
chr11,112431500
chr11,112805500
chr11,113158500
chr11,113171500
chr11,113595500
chr11,113656500
chr11,114673500
chr11,114887500
chr11,114939500
chr11,115876500
chr11,115877500
chr11,116125500
chr11,116163500
chr11,116272500
chr11,116344500
chr11,116605500
chr11,117225500
chr11,118097500
chr11,118707500
chr11,119568500
chr11,119648500
chr11,119792500
chr11,119875500
chr11,119880500
chr11,119926500
chr11,120689500
chr11,120851500
chr11,121006500
chr11,121126500
chr11,121333500
chr11,122179500
chr11,122520500
chr11,123199500
chr11,123290500
chr11,123874500
chr11,125041500
chr11,125072500
chr11,125580500
chr11,125956500
chr11,127878500
chr11,128541500
chr11,129679500
chr11,130001500
chr11,130297500
chr11,130493500
chr11,130833500
chr11,130932500
chr11,131013500
chr11,131111500
chr11,132043500
chr11,132867500
chr11,133115500
chr11,134197500
chr11,134226500
chr11,134283500
chr11,134288500
chr11,134334500
chr11,134664500
chr11,134874500
chr12,451500
chr12,1304500
chr12,1322500
chr12,1352500
chr12,1421500
chr12,1521500
chr12,2492500
chr12,2588500
chr12,2947500
chr12,3231500
chr12,3344500
chr12,3567500
chr12,3589500
chr12,4244500
chr12,4282500
chr12,4646500
chr12,4716500
chr12,4801500
chr12,5091500
chr12,5196500
chr12,5266500
chr12,5432500
chr12,6085500
chr12,6291500
chr12,7071500
chr12,7153500
chr12,7522500
chr12,7716500
chr12,7864500
chr12,8242500
chr12,8622500
chr12,8735500
chr12,9034500
chr12,9839500
chr12,11164500
chr12,11367500
chr12,11486500
chr12,11637500
chr12,12001500
chr12,12766500
chr12,13516500
chr12,13814500
chr12,14392500
chr12,14427500
chr12,14675500
chr12,14865500
chr12,15240500
chr12,15300500
chr12,16266500
chr12,16329500
chr12,16392500
chr12,16593500
chr12,16742500
chr12,16909500
chr12,16915500
chr12,16951500
chr12,17499500
chr12,18205500
chr12,19604500
chr12,19903500
chr12,20023500
chr12,20087500
chr12,20912500
chr12,22580500
chr12,23043500
chr12,23107500
chr12,23354500
chr12,23477500
chr12,24068500
chr12,24633500
chr12,25373500
chr12,25742500
chr12,26473500
chr12,26893500
chr12,27008500
chr12,27188500
chr12,27254500
chr12,27261500
chr12,27541500
chr12,27692500
chr12,28436500
chr12,28663500
chr12,28780500
chr12,28852500
chr12,28922500
chr12,29220500
chr12,29552500
chr12,30373500
chr12,30451500
chr12,30593500
chr12,30708500
chr12,31100500
chr12,31143500
chr12,31765500
chr12,31815500
chr12,32168500
chr12,32382500
chr12,33537500
chr12,34271500
chr12,36087500
chr12,36136500
chr12,36412500
chr12,36572500
chr12,37017500
chr12,37106500
chr12,37296500
chr12,37329500
chr12,37345500
chr12,37749500
chr12,37758500
chr12,37789500
chr12,37978500
chr12,38267500
chr12,38309500
chr12,38607500
chr12,39342500
chr12,39399500
chr12,39712500
chr12,40141500
chr12,40173500
chr12,40649500
chr12,40814500
chr12,40833500
chr12,40946500
chr12,40960500
chr12,41081500
chr12,41451500
chr12,41700500
chr12,42045500
chr12,42435500
chr12,42913500
chr12,43420500
chr12,43657500
chr12,43804500
chr12,44174500
chr12,44391500
chr12,44439500
chr12,45043500
chr12,45705500
chr12,45916500
chr12,46683500
chr12,46801500
chr12,47567500
chr12,47738500
chr12,47941500
chr12,47950500
chr12,47961500
chr12,49040500
chr12,49639500
chr12,50230500
chr12,50551500
chr12,51031500
chr12,51041500
chr12,51150500
chr12,51236500
chr12,51969500
chr12,52083500
chr12,52134500
chr12,52345500
chr12,52582500
chr12,53769500
chr12,53902500
chr12,54878500
chr12,54966500
chr12,55425500
chr12,55991500
chr12,56662500
chr12,56850500
chr12,57027500
chr12,57103500
chr12,57326500
chr12,57720500
chr12,59374500
chr12,59390500
chr12,59676500
chr12,60094500
chr12,60115500
chr12,60404500
chr12,60601500
chr12,60642500
chr12,60710500
chr12,61646500
chr12,61752500
chr12,62307500
chr12,62497500
chr12,62874500
chr12,63076500
chr12,63194500
chr12,63218500
chr12,63336500
chr12,63348500
chr12,66115500
chr12,66320500
chr12,66501500
chr12,67313500
chr12,68124500
chr12,68131500
chr12,68256500
chr12,69410500
chr12,69475500
chr12,69629500
chr12,70105500
chr12,70530500
chr12,71231500
chr12,71566500
chr12,71849500
chr12,71882500
chr12,72298500
chr12,72676500
chr12,72834500
chr12,73013500
chr12,74223500
chr12,74473500
chr12,75179500
chr12,75241500
chr12,75551500
chr12,75563500
chr12,75652500
chr12,75989500
chr12,76839500
chr12,76907500
chr12,76986500
chr12,77401500
chr12,77629500
chr12,79076500
chr12,79373500
chr12,79696500
chr12,79817500
chr12,79841500
chr12,79937500
chr12,79967500
chr12,80082500
chr12,80800500
chr12,81230500
chr12,81620500
chr12,81724500
chr12,82015500
chr12,83175500
chr12,83210500
chr12,83498500
chr12,83790500
chr12,84194500
chr12,84257500
chr12,84784500
chr12,84927500
chr12,84998500
chr12,85024500
chr12,85613500
chr12,86381500
chr12,86484500
chr12,86877500
chr12,87674500
chr12,89264500
chr12,89482500
chr12,89828500
chr12,90445500
chr12,91104500
chr12,91762500
chr12,92018500
chr12,92310500
chr12,92362500
chr12,92648500
chr12,92693500
chr12,92936500
chr12,93159500
chr12,93393500
chr12,94449500
chr12,94572500
chr12,94785500
chr12,96811500
chr12,97035500
chr12,97255500
chr12,97720500
chr12,97861500
chr12,97880500
chr12,98187500
chr12,99923500
chr12,100109500
chr12,100490500
chr12,102147500
chr12,103509500
chr12,104604500
chr12,104784500
chr12,105083500
chr12,105134500
chr12,105678500
chr12,106132500
chr12,106205500
chr12,106676500
chr12,107816500
chr12,108040500
chr12,108273500
chr12,108416500
chr12,108793500
chr12,109473500
chr12,109906500
chr12,109940500
chr12,110310500
chr12,111623500
chr12,111746500
chr12,111978500
chr12,112123500
chr12,112241500
chr12,112426500
chr12,112663500
chr12,113135500
chr12,113804500
chr12,113918500
chr12,114107500
chr12,114217500
chr12,115394500
chr12,115960500
chr12,116278500
chr12,116360500
chr12,116828500
chr12,116888500
chr12,116912500
chr12,117166500
chr12,117303500
chr12,117582500
chr12,118919500
chr12,118960500
chr12,119589500
chr12,119645500
chr12,119788500
chr12,120292500
chr12,120479500
chr12,120731500
chr12,121213500
chr12,121665500
chr12,122717500
chr12,123421500
chr12,123492500
chr12,123709500
chr12,123765500
chr12,123845500
chr12,123880500
chr12,123905500
chr12,124262500
chr12,124495500
chr12,124644500
chr12,124813500
chr12,125098500
chr12,125138500
chr12,125499500
chr12,125581500
chr12,125801500
chr12,126073500
chr12,126772500
chr12,127523500
chr12,128056500
chr12,128268500
chr12,128817500
chr12,129280500
chr12,129733500
chr12,130378500
chr12,130998500
chr12,131595500
chr12,131826500
chr12,132016500
chr12,132483500
chr12,132589500
chr12,132790500
chr12,133020500
chr12,133221500
chr13,20500
chr13,180500
chr13,963500
chr13,1520500
chr13,1611500
chr13,2098500
chr13,2313500
chr13,3682500
chr13,3879500
chr13,4050500
chr13,4051500
chr13,5035500
chr13,5155500
chr13,6272500
chr13,6840500
chr13,6963500
chr13,7876500
chr13,8020500
chr13,8389500
chr13,8432500
chr13,8448500
chr13,9126500
chr13,10116500
chr13,10190500
chr13,10209500
chr13,10654500
chr13,11264500
chr13,11499500
chr13,11834500
chr13,11873500
chr13,12207500
chr13,12646500
chr13,13611500
chr13,14150500
chr13,15161500
chr13,16280500
chr13,16651500
chr13,16681500
chr13,17663500
chr13,17980500
chr13,18074500
chr13,18470500
chr13,18659500
chr13,19655500
chr13,20149500
chr13,20178500
chr13,20837500
chr13,21415500
chr13,21457500
chr13,21660500
chr13,21750500
chr13,21859500
chr13,22128500
chr13,22247500
chr13,22625500
chr13,23053500
chr13,23364500
chr13,23445500
chr13,24027500
chr13,24886500
chr13,24890500
chr13,25126500
chr13,25184500
chr13,25460500
chr13,25674500
chr13,26577500
chr13,27490500
chr13,27632500
chr13,27970500
chr13,28379500
chr13,28799500
chr13,29628500
chr13,30373500
chr13,30601500
chr13,31241500
chr13,31674500
chr13,31863500
chr13,31951500
chr13,32866500
chr13,33912500
chr13,33976500
chr13,34170500
chr13,34812500
chr13,35265500
chr13,35813500
chr13,36918500
chr13,37108500
chr13,37339500
chr13,37560500
chr13,37715500
chr13,38109500
chr13,38330500
chr13,38428500
chr13,38623500
chr13,38838500
chr13,39444500
chr13,40331500
chr13,40710500
chr13,40935500
chr13,41070500
chr13,41593500
chr13,42245500
chr13,42318500
chr13,42528500
chr13,42728500
chr13,42743500
chr13,42919500
chr13,43228500
chr13,43591500
chr13,43785500
chr13,44032500
chr13,44772500
chr13,44839500
chr13,44850500
chr13,45029500
chr13,45384500
chr13,45557500
chr13,46844500
chr13,47451500
chr13,48042500
chr13,48053500
chr13,48139500
chr13,48331500
chr13,48480500
chr13,48543500
chr13,49105500
chr13,50278500
chr13,50509500
chr13,50595500
chr13,50623500
chr13,50700500
chr13,50989500
chr13,51956500
chr13,52124500
chr13,52921500
chr13,53080500
chr13,55843500
chr13,56335500
chr13,56400500
chr13,56827500
chr13,56845500
chr13,57210500
chr13,58256500
chr13,58292500
chr13,58965500
chr13,59356500
chr13,59535500
chr13,59831500
chr13,59982500
chr13,59987500
chr13,60576500
chr13,61435500
chr13,61567500
chr13,61616500
chr13,61707500
chr13,62345500
chr13,62414500
chr13,62457500
chr13,62654500
chr13,62845500
chr13,63926500
chr13,64063500
chr13,64526500
chr13,64952500
chr13,65233500
chr13,65409500
chr13,65712500
chr13,65720500
chr13,65926500
chr13,66019500
chr13,66107500
chr13,66124500
chr13,67483500
chr13,67622500
chr13,67749500
chr13,67988500
chr13,67991500
chr13,68575500
chr13,70450500
chr13,70501500
chr13,70526500
chr13,70763500
chr13,70961500
chr13,72049500
chr13,72067500
chr13,72074500
chr13,72321500
chr13,72397500
chr13,72918500
chr13,73732500
chr13,73862500
chr13,73975500
chr13,74075500
chr13,74246500
chr13,75177500
chr13,75271500
chr13,77280500
chr13,77289500
chr13,77561500
chr13,77722500
chr13,77724500
chr13,79706500
chr13,80111500
chr13,80323500
chr13,80485500
chr13,80810500
chr13,80947500
chr13,81160500
chr13,81577500
chr13,81862500
chr13,82272500
chr13,82732500
chr13,82785500
chr13,83699500
chr13,83947500
chr13,84472500
chr13,84847500
chr13,84933500
chr13,85615500
chr13,85648500
chr13,85746500
chr13,85895500
chr13,86036500
chr13,86343500
chr13,86599500
chr13,87038500
chr13,87308500
chr13,87452500
chr13,87880500
chr13,87928500
chr13,88857500
chr13,88922500
chr13,89468500
chr13,89777500
chr13,89862500
chr13,89935500
chr13,90020500
chr13,90363500
chr13,90418500
chr13,90595500
chr13,90962500
chr13,91040500
chr13,91247500
chr13,91256500
chr13,91508500
chr13,92966500
chr13,93223500
chr13,93356500
chr13,93389500
chr13,93791500
chr13,93823500
chr13,94245500
chr13,94334500
chr13,94730500
chr13,94856500
chr13,95262500
chr13,95265500
chr13,95975500
chr13,96441500
chr13,96573500
chr13,98883500
chr13,99082500
chr13,99408500
chr13,99418500
chr13,99518500
chr13,99827500
chr13,100354500
chr13,100812500
chr13,100950500
chr13,101502500
chr13,102345500
chr13,103495500
chr13,103666500
chr13,104114500
chr13,104453500
chr13,104683500
chr13,104742500
chr13,104955500
chr13,105257500
chr13,106259500
chr13,106613500
chr13,107007500
chr13,107390500
chr13,107835500
chr13,108152500
chr13,108183500
chr13,108364500
chr13,108392500
chr13,108595500
chr13,108697500
chr13,108788500
chr13,108934500
chr13,109456500
chr13,109845500
chr13,110102500
chr13,110830500
chr13,110881500
chr13,110903500
chr13,111139500
chr13,111642500
chr13,112123500
chr13,112256500
chr13,113045500
chr13,113645500
chr13,113681500
chr14,1471500
chr14,1700500
chr14,3179500
chr14,3740500
chr14,4086500
chr14,4107500
chr14,4307500
chr14,4367500
chr14,4822500
chr14,5901500
chr14,6151500
chr14,6638500
chr14,6756500
chr14,7018500
chr14,8742500
chr14,9255500
chr14,9354500
chr14,9642500
chr14,9684500
chr14,9708500
chr14,10360500
chr14,10380500
chr14,10936500
chr14,11685500
chr14,12188500
chr14,12612500
chr14,12937500
chr14,14407500
chr14,14586500
chr14,14632500
chr14,14719500
chr14,15382500
chr14,15851500
chr14,15908500
chr14,15981500
chr14,16165500
chr14,16338500
chr14,16497500
chr14,16701500
chr14,16862500
chr14,16904500
chr14,17034500
chr14,17435500
chr14,17561500
chr14,17585500
chr14,17652500
chr14,17690500
chr14,17839500
chr14,17890500
chr14,18407500
chr14,18756500
chr14,19443500
chr14,19779500
chr14,19813500
chr14,19883500
chr14,20458500
chr14,20813500
chr14,20911500
chr14,22639500
chr14,22837500
chr14,24768500
chr14,24783500
chr14,25146500
chr14,25943500
chr14,26174500
chr14,27210500
chr14,27682500
chr14,28103500
chr14,28142500
chr14,28662500
chr14,28836500
chr14,28893500
chr14,29010500
chr14,29900500
chr14,30324500
chr14,30780500
chr14,30869500
chr14,31616500
chr14,31780500
chr14,31969500
chr14,32059500
chr14,32154500
chr14,34304500
chr14,34906500
chr14,35027500
chr14,36909500
chr14,37260500
chr14,37316500
chr14,37716500
chr14,37940500
chr14,37983500
chr14,38202500
chr14,38710500
chr14,39001500
chr14,39008500
chr14,39489500
chr14,39911500
chr14,39965500
chr14,40466500
chr14,40909500
chr14,41486500
chr14,41870500
chr14,41968500
chr14,42516500
chr14,43103500
chr14,43161500
chr14,43174500
chr14,43184500
chr14,43341500
chr14,43550500
chr14,43748500
chr14,44345500
chr14,44769500
chr14,46934500
chr14,46962500
chr14,46983500
chr14,47002500
chr14,47141500
chr14,47516500
chr14,47726500
chr14,48120500
chr14,48737500
chr14,48975500
chr14,50466500
chr14,50501500
chr14,51086500
chr14,51557500
chr14,51713500
chr14,51890500
chr14,52022500
chr14,52996500
chr14,53510500
chr14,53559500
chr14,53660500
chr14,53994500
chr14,54011500
chr14,54218500
chr14,55154500
chr14,55874500
chr14,59395500
chr14,59480500
chr14,59574500
chr14,60172500
chr14,60433500
chr14,61315500
chr14,61367500
chr14,61728500
chr14,62406500
chr14,62763500
chr14,62999500
chr14,64104500
chr14,64153500
chr14,64682500
chr14,64732500
chr14,65376500
chr14,65685500
chr14,66622500
chr14,66684500
chr14,66689500
chr14,66800500
chr14,67432500
chr14,68272500
chr14,68620500
chr14,68934500
chr14,69474500
chr14,69596500
chr14,69698500
chr14,69994500
chr14,70858500
chr14,71305500
chr14,71538500
chr14,71709500
chr14,71812500
chr14,71858500
chr14,73100500
chr14,73758500
chr14,74190500
chr14,74298500
chr14,74892500
chr14,75243500
chr14,75593500
chr14,75677500
chr14,76466500
chr14,76795500
chr14,77285500
chr14,77606500
chr14,77815500
chr14,78218500
chr14,78611500
chr14,78669500
chr14,79215500
chr14,79521500
chr14,79975500
chr14,80650500
chr14,80701500
chr14,81664500
chr14,81919500
chr14,82414500
chr14,82444500
chr14,82736500
chr14,82834500
chr14,83296500
chr14,83404500
chr14,83610500
chr14,83653500
chr14,85299500
chr14,85397500
chr14,85472500
chr14,85723500
chr14,86265500
chr14,86414500
chr14,86627500
chr14,86645500
chr14,86710500
chr14,86805500
chr14,86842500
chr14,86979500
chr14,87382500
chr14,87691500
chr14,88167500
chr14,88467500
chr14,89057500
chr14,89356500
chr14,89582500
chr14,89638500
chr14,89695500
chr14,89982500
chr14,90266500
chr14,91568500
chr14,91597500
chr14,92102500
chr14,92260500
chr14,92998500
chr14,93336500
chr14,93834500
chr14,94413500
chr14,95157500
chr14,96364500
chr14,96710500
chr14,96746500
chr14,96842500
chr14,97392500
chr14,97534500
chr14,97957500
chr14,97959500
chr14,98447500
chr14,98694500
chr14,98952500
chr14,100200500
chr14,100681500
chr14,100694500
chr14,100715500
chr14,101089500
chr14,101139500
chr14,101556500
chr14,103084500
chr14,103161500
chr14,103443500
chr14,103720500
chr14,103800500
chr14,104589500
chr14,105062500
chr14,105496500
chr14,105860500
chr14,106238500
chr14,106734500
chr14,106934500
chr14,106988500
chr15,1266500
chr15,1356500
chr15,1376500
chr15,1686500
chr15,2469500
chr15,3531500
chr15,3811500
chr15,3922500
chr15,5061500
chr15,6508500
chr15,6542500
chr15,7144500
chr15,7186500
chr15,7531500
chr15,8130500
chr15,8305500
chr15,8412500
chr15,8479500
chr15,8692500
chr15,8693500
chr15,9602500
chr15,10262500
chr15,10507500
chr15,12110500
chr15,12372500
chr15,12583500
chr15,12584500
chr15,12890500
chr15,13021500
chr15,13449500
chr15,13926500
chr15,13959500
chr15,14422500
chr15,14467500
chr15,14498500
chr15,14574500
chr15,15423500
chr15,15432500
chr15,15537500
chr15,15960500
chr15,15978500
chr15,16099500
chr15,16170500
chr15,16198500
chr15,16377500
chr15,17206500
chr15,17387500
chr15,18014500
chr15,18019500
chr15,18765500
chr15,19493500
chr15,19889500
chr15,19986500
chr15,20046500
chr15,20091500
chr15,20397500
chr15,20979500
chr15,20987500
chr15,20993500
chr15,22037500
chr15,22165500
chr15,22293500
chr15,22711500
chr15,22933500
chr15,23223500
chr15,23425500
chr15,23498500
chr15,23785500
chr15,23883500
chr15,24307500
chr15,24497500
chr15,24570500
chr15,24664500
chr15,25530500
chr15,26696500
chr15,26802500
chr15,27701500
chr15,27789500
chr15,27793500
chr15,28087500
chr15,28135500
chr15,30008500
chr15,30694500
chr15,30929500
chr15,31475500
chr15,31870500
chr15,32490500
chr15,32753500
chr15,33128500
chr15,33449500
chr15,33814500
chr15,33917500
chr15,34352500
chr15,34461500
chr15,34509500
chr15,34510500
chr15,34772500
chr15,35042500
chr15,35393500
chr15,35480500
chr15,35759500
chr15,36405500
chr15,36489500
chr15,36619500
chr15,36691500
chr15,37655500
chr15,37834500
chr15,39325500
chr15,39528500
chr15,39810500
chr15,39973500
chr15,40548500
chr15,40947500
chr15,41215500
chr15,41356500
chr15,42013500
chr15,42298500
chr15,42955500
chr15,43111500
chr15,43279500
chr15,44288500
chr15,44581500
chr15,45206500
chr15,45298500
chr15,45440500
chr15,45619500
chr15,45775500
chr15,46349500
chr15,46914500
chr15,47183500
chr15,47469500
chr15,47945500
chr15,47990500
chr15,48090500
chr15,50483500
chr15,50754500
chr15,52016500
chr15,52158500
chr15,52222500
chr15,52364500
chr15,52603500
chr15,52700500
chr15,53494500
chr15,53497500
chr15,54389500
chr15,54450500
chr15,54518500
chr15,55473500
chr15,55628500
chr15,56342500
chr15,57039500
chr15,58631500
chr15,58784500
chr15,58911500
chr15,59240500
chr15,59361500
chr15,60042500
chr15,60332500
chr15,60549500
chr15,60684500
chr15,60877500
chr15,61456500
chr15,61706500
chr15,61725500
chr15,61750500
chr15,62217500
chr15,62735500
chr15,63165500
chr15,63340500
chr15,63412500
chr15,63926500
chr15,64240500
chr15,64718500
chr15,64941500
chr15,65007500
chr15,65451500
chr15,65815500
chr15,67667500
chr15,67699500
chr15,68079500
chr15,68309500
chr15,68375500
chr15,68680500
chr15,68838500
chr15,69323500
chr15,69980500
chr15,70488500
chr15,70943500
chr15,71185500
chr15,72114500
chr15,72422500
chr15,73092500
chr15,73775500
chr15,75099500
chr15,75389500
chr15,75415500
chr15,76061500
chr15,76373500
chr15,76579500
chr15,76631500
chr15,76722500
chr15,77799500
chr15,80192500
chr15,80317500
chr15,80959500
chr15,81182500
chr15,81235500
chr15,81258500
chr15,81877500
chr15,81898500
chr15,81946500
chr15,82013500
chr15,82091500
chr15,82353500
chr15,82487500
chr15,82697500
chr15,82906500
chr15,83174500
chr15,84005500
chr15,85002500
chr15,85131500
chr15,85142500
chr15,85571500
chr15,85615500
chr15,85695500
chr15,85991500
chr15,86347500
chr15,86489500
chr15,86867500
chr15,87409500
chr15,87622500
chr15,88370500
chr15,88634500
chr15,88736500
chr15,89964500
chr15,89967500
chr15,90698500
chr15,90966500
chr15,91011500
chr15,92738500
chr15,92828500
chr15,93131500
chr15,93243500
chr15,93461500
chr15,93898500
chr15,94562500
chr15,94751500
chr15,95368500
chr15,95571500
chr15,95961500
chr15,96184500
chr15,96341500
chr15,96382500
chr15,96664500
chr15,97781500
chr15,98430500
chr15,98644500
chr15,99016500
chr15,99536500
chr15,99730500
chr15,99850500
chr15,100072500
chr15,100171500
chr15,101467500
chr15,101528500
chr15,101825500
chr16,255500
chr16,352500
chr16,1013500
chr16,1213500
chr16,1789500
chr16,2393500
chr16,2719500
chr16,3014500
chr16,3204500
chr16,3913500
chr16,4314500
chr16,4477500
chr16,5365500
chr16,5577500
chr16,6813500
chr16,7190500
chr16,7477500
chr16,7596500
chr16,8220500
chr16,9260500
chr16,9370500
chr16,9984500
chr16,10473500
chr16,11313500
chr16,11340500
chr16,11487500
chr16,11657500
chr16,11683500
chr16,12195500
chr16,12268500
chr16,12543500
chr16,12601500
chr16,13051500
chr16,13108500
chr16,13245500
chr16,13885500
chr16,14593500
chr16,14627500
chr16,15806500
chr16,16594500
chr16,17253500
chr16,17257500
chr16,17298500
chr16,17508500
chr16,17603500
chr16,17624500
chr16,18268500
chr16,18308500
chr16,18781500
chr16,20475500
chr16,20488500
chr16,20771500
chr16,21621500
chr16,21842500
chr16,21932500
chr16,22536500
chr16,22568500
chr16,22959500
chr16,23125500
chr16,23165500
chr16,23372500
chr16,24337500
chr16,25033500
chr16,25193500
chr16,25425500
chr16,25717500
chr16,25968500
chr16,26252500
chr16,26962500
chr16,27379500
chr16,27923500
chr16,28968500
chr16,28987500
chr16,29356500
chr16,29706500
chr16,29722500
chr16,29874500
chr16,29909500
chr16,30520500
chr16,30810500
chr16,31596500
chr16,32057500
chr16,33461500
chr16,33731500
chr16,33774500
chr16,34528500
chr16,34805500
chr16,35381500
chr16,36214500
chr16,36535500
chr16,36557500
chr16,36746500
chr16,36941500
chr16,38648500
chr16,38657500
chr16,38900500
chr16,38923500
chr16,39083500
chr16,40133500
chr16,40385500
chr16,41440500
chr16,41690500
chr16,41839500
chr16,41953500
chr16,42634500
chr16,43126500
chr16,43147500
chr16,43652500
chr16,43684500
chr16,44178500
chr16,44276500
chr16,44445500
chr16,45618500
chr16,46019500
chr16,47218500
chr16,47438500
chr16,48061500
chr16,48937500
chr16,49018500
chr16,49386500
chr16,49643500
chr16,49905500
chr16,51327500
chr16,52232500
chr16,53349500
chr16,53841500
chr16,53976500
chr16,54081500
chr16,54239500
chr16,54605500
chr16,54761500
chr16,55036500
chr16,55113500
chr16,55213500
chr16,55269500
chr16,55472500
chr16,55581500
chr16,55637500
chr16,55845500
chr16,56759500
chr16,56765500
chr16,57122500
chr16,57337500
chr16,57548500
chr16,58070500
chr16,58261500
chr16,58399500
chr16,59140500
chr16,59228500
chr16,59358500
chr16,59429500
chr16,59605500
chr16,59845500
chr16,60438500
chr16,60733500
chr16,61025500
chr16,61299500
chr16,61309500
chr16,62215500
chr16,62340500
chr16,62722500
chr16,62883500
chr16,62930500
chr16,62977500
chr16,63634500
chr16,63729500
chr16,63980500
chr16,63996500
chr16,64683500
chr16,64730500
chr16,65707500
chr16,66732500
chr16,66790500
chr16,67810500
chr16,67908500
chr16,67911500
chr16,68901500
chr16,69158500
chr16,69568500
chr16,69815500
chr16,69970500
chr16,70469500
chr16,70843500
chr16,70864500
chr16,70930500
chr16,70943500
chr16,70986500
chr16,71729500
chr16,71866500
chr16,72570500
chr16,72659500
chr16,72709500
chr16,72732500
chr16,73200500
chr16,73512500
chr16,73572500
chr16,73623500
chr16,75020500
chr16,75510500
chr16,75594500
chr16,75747500
chr16,75842500
chr16,76084500
chr16,77221500
chr16,77413500
chr16,77778500
chr16,77863500
chr16,77897500
chr16,78264500
chr16,78266500
chr16,78519500
chr16,79135500
chr16,79250500
chr16,79369500
chr16,79818500
chr16,80032500
chr16,80318500
chr16,81202500
chr16,83170500
chr16,83539500
chr16,84113500
chr16,84519500
chr16,84577500
chr16,85163500
chr16,85425500
chr16,85552500
chr16,86862500
chr16,86977500
chr16,87109500
chr16,87564500
chr16,87967500
chr16,88216500
chr16,88864500
chr16,88915500
chr16,89434500
chr16,89462500
chr16,89494500
chr16,90004500
chr17,9500
chr17,627500
chr17,940500
chr17,1745500
chr17,1749500
chr17,1753500
chr17,1843500
chr17,2087500
chr17,2418500
chr17,2769500
chr17,2894500
chr17,3494500
chr17,4076500
chr17,4471500
chr17,5114500
chr17,5492500
chr17,5813500
chr17,5912500
chr17,5934500
chr17,5969500
chr17,6093500
chr17,6387500
chr17,6930500
chr17,8060500
chr17,8534500
chr17,9221500
chr17,9380500
chr17,9384500
chr17,9795500
chr17,10568500
chr17,11578500
chr17,12640500
chr17,12791500
chr17,13176500
chr17,13457500
chr17,14134500
chr17,14374500
chr17,14619500
chr17,15190500
chr17,16334500
chr17,16616500
chr17,16626500
chr17,17300500
chr17,17912500
chr17,18381500
chr17,18407500
chr17,18493500
chr17,18526500
chr17,18675500
chr17,18976500
chr17,19325500
chr17,19356500
chr17,19458500
chr17,20224500
chr17,20610500
chr17,21020500
chr17,21285500
chr17,21992500
chr17,22210500
chr17,22223500
chr17,23251500
chr17,23726500
chr17,23842500
chr17,25409500
chr17,25573500
chr17,25595500
chr17,25966500
chr17,26181500
chr17,26325500
chr17,26603500
chr17,27924500
chr17,28407500
chr17,28529500
chr17,29915500
chr17,30067500
chr17,30128500
chr17,30371500
chr17,30536500
chr17,31000500
chr17,32190500
chr17,32490500
chr17,32685500
chr17,34545500
chr17,35384500
chr17,35568500
chr17,35949500
chr17,35995500
chr17,36835500
chr17,37150500
chr17,37158500
chr17,37197500
chr17,38170500
chr17,38833500
chr17,39141500
chr17,39339500
chr17,39808500
chr17,40428500
chr17,40790500
chr17,42100500
chr17,42492500
chr17,42736500
chr17,42752500
chr17,42878500
chr17,43098500
chr17,43241500
chr17,43707500
chr17,43786500
chr17,44678500
chr17,44854500
chr17,45160500
chr17,46213500
chr17,46670500
chr17,46678500
chr17,47227500
chr17,47336500
chr17,47795500
chr17,47887500
chr17,48375500
chr17,48686500
chr17,48699500
chr17,48905500
chr17,49482500
chr17,50081500
chr17,50494500
chr17,50532500
chr17,50702500
chr17,51505500
chr17,51596500
chr17,52142500
chr17,52858500
chr17,53804500
chr17,54301500
chr17,54339500
chr17,54752500
chr17,55448500
chr17,55860500
chr17,55901500
chr17,56205500
chr17,56287500
chr17,56435500
chr17,56543500
chr17,56700500
chr17,57308500
chr17,57323500
chr17,58551500
chr17,59637500
chr17,59663500
chr17,59673500
chr17,59948500
chr17,60149500
chr17,60267500
chr17,61083500
chr17,61353500
chr17,61575500
chr17,61808500
chr17,62237500
chr17,62737500
chr17,62822500
chr17,62993500
chr17,63171500
chr17,63423500
chr17,64027500
chr17,64101500
chr17,64286500
chr17,64324500
chr17,64628500
chr17,64634500
chr17,64956500
chr17,65048500
chr17,65431500
chr17,66103500
chr17,66125500
chr17,66636500
chr17,67225500
chr17,68310500
chr17,68551500
chr17,68954500
chr17,69007500
chr17,70384500
chr17,70733500
chr17,72825500
chr17,72987500
chr17,73102500
chr17,73196500
chr17,73348500
chr17,73556500
chr17,73885500
chr17,74911500
chr17,75113500
chr17,75278500
chr17,77483500
chr17,77641500
chr17,77736500
chr17,78471500
chr17,80083500
chr17,80220500
chr17,80225500
chr17,80239500
chr17,80677500
chr17,81086500
chr17,81969500
chr17,82073500
chr18,571500
chr18,702500
chr18,826500
chr18,1024500
chr18,1948500
chr18,2143500
chr18,2208500
chr18,2469500
chr18,2745500
chr18,2762500
chr18,2842500
chr18,3060500
chr18,3350500
chr18,3406500
chr18,4307500
chr18,4406500
chr18,4513500
chr18,4601500
chr18,4913500
chr18,4964500
chr18,5120500
chr18,6204500
chr18,6936500
chr18,7502500
chr18,8646500
chr18,8700500
chr18,8856500
chr18,9612500
chr18,9798500
chr18,10402500
chr18,10570500
chr18,11024500
chr18,11118500
chr18,11813500
chr18,12010500
chr18,12054500
chr18,12831500
chr18,13025500
chr18,13086500
chr18,13166500
chr18,13183500
chr18,13284500
chr18,14098500
chr18,14301500
chr18,14532500
chr18,14653500
chr18,14690500
chr18,14926500
chr18,15623500
chr18,15959500
chr18,16125500
chr18,16487500
chr18,16719500
chr18,16962500
chr18,17073500
chr18,17812500
chr18,17930500
chr18,18467500
chr18,19029500
chr18,19037500
chr18,19262500
chr18,19278500
chr18,20243500
chr18,20446500
chr18,21942500
chr18,22054500
chr18,22270500
chr18,22308500
chr18,22317500
chr18,23144500
chr18,23583500
chr18,23994500
chr18,24304500
chr18,24407500
chr18,24437500
chr18,24607500
chr18,24865500
chr18,24883500
chr18,25407500
chr18,25441500
chr18,26035500
chr18,26597500
chr18,26729500
chr18,27297500
chr18,27360500
chr18,27654500
chr18,27777500
chr18,27821500
chr18,28659500
chr18,28726500
chr18,28893500
chr18,28894500
chr18,29867500
chr18,30354500
chr18,30756500
chr18,31025500
chr18,31028500
chr18,31289500
chr18,31507500
chr18,31755500
chr18,31763500
chr18,31860500
chr18,32129500
chr18,32142500
chr18,32317500
chr18,32590500
chr18,32809500
chr18,32979500
chr18,33683500
chr18,33894500
chr18,34114500
chr18,34671500
chr18,35584500
chr18,36280500
chr18,36364500
chr18,37422500
chr18,37550500
chr18,37848500
chr18,38769500
chr18,38900500
chr18,39026500
chr18,39485500
chr18,39634500
chr18,39642500
chr18,40808500
chr18,41152500
chr18,41277500
chr18,42474500
chr18,43149500
chr18,43777500
chr18,43862500
chr18,46194500
chr18,46332500
chr18,46397500
chr18,46611500
chr18,46919500
chr18,46962500
chr18,47147500
chr18,47429500
chr18,47973500
chr18,48238500
chr18,48313500
chr18,48365500
chr18,48522500
chr18,48876500
chr18,49032500
chr18,49534500
chr18,49646500
chr18,49748500
chr18,49892500
chr18,50863500
chr18,51647500
chr18,51770500
chr18,51816500
chr18,52311500
chr18,53366500
chr18,53705500
chr18,54493500
chr18,56004500
chr18,56236500
chr18,56379500
chr18,57100500
chr18,57680500
chr18,58375500
chr18,58384500
chr18,58673500
chr18,58930500
chr18,59852500
chr18,60266500
chr18,60896500
chr18,61344500
chr18,61410500
chr18,61639500
chr18,63406500
chr18,63519500
chr18,64049500
chr18,64189500
chr18,64690500
chr18,64866500
chr18,65086500
chr18,65148500
chr18,66046500
chr18,66240500
chr18,66537500
chr18,66593500
chr18,66838500
chr18,66991500
chr18,67376500
chr18,67732500
chr18,67946500
chr18,67964500
chr18,68031500
chr18,68079500
chr18,68186500
chr18,68228500
chr18,69863500
chr18,70105500
chr18,71246500
chr18,71368500
chr18,72231500
chr18,72999500
chr18,73328500
chr18,74291500
chr18,75080500
chr18,75306500
chr18,75854500
chr18,75886500
chr18,75938500
chr18,76479500
chr18,77110500
chr18,77459500
chr18,77464500
chr18,77710500
chr18,78000500
chr18,78427500
chr18,79940500
chr19,3534500
chr19,5278500
chr19,5354500
chr19,5533500
chr19,5606500
chr19,5708500
chr19,5890500
chr19,6143500
chr19,6517500
chr19,7678500
chr19,8968500
chr19,8996500
chr19,9201500
chr19,9747500
chr19,10192500
chr19,10510500
chr19,11184500
chr19,12074500
chr19,13972500
chr19,14058500
chr19,14211500
chr19,14500500
chr19,14830500
chr19,14865500
chr19,15164500
chr19,15642500
chr19,16054500
chr19,16322500
chr19,17055500
chr19,17280500
chr19,18377500
chr19,18947500
chr19,18954500
chr19,19498500
chr19,19501500
chr19,19793500
chr19,19875500
chr19,19987500
chr19,20120500
chr19,21620500
chr19,21680500
chr19,21723500
chr19,21834500
chr19,22225500
chr19,22251500
chr19,22695500
chr19,23045500
chr19,23379500
chr19,23420500
chr19,23545500
chr19,23912500
chr19,24462500
chr19,24868500
chr19,24909500
chr19,24980500
chr19,26128500
chr19,26254500
chr19,26572500
chr19,27316500
chr19,27443500
chr19,27706500
chr19,29550500
chr19,30029500
chr19,30108500
chr19,30345500
chr19,30856500
chr19,31207500
chr19,31628500
chr19,32107500
chr19,32150500
chr19,32587500
chr19,32807500
chr19,32899500
chr19,33371500
chr19,33611500
chr19,33980500
chr19,34336500
chr19,34437500
chr19,34574500
chr19,35359500
chr19,35788500
chr19,36361500
chr19,36924500
chr19,37084500
chr19,37187500
chr19,38042500
chr19,38286500
chr19,38512500
chr19,38728500
chr19,39245500
chr19,39576500
chr19,39914500
chr19,40091500
chr19,40157500
chr19,40956500
chr19,41378500
chr19,41581500
chr19,41873500
chr19,42530500
chr19,42829500
chr19,43384500
chr19,43594500
chr19,43735500
chr19,44157500
chr19,44315500
chr19,44362500
chr19,44699500
chr19,44857500
chr19,45122500
chr19,45668500
chr19,45823500
chr19,46007500
chr19,46685500
chr19,46744500
chr19,46885500
chr19,47793500
chr19,48134500
chr19,48410500
chr19,48589500
chr19,49013500
chr19,49727500
chr19,49773500
chr19,50329500
chr19,51220500
chr19,52220500
chr19,52386500
chr19,53533500
chr19,54378500
chr19,54552500
chr19,54620500
chr19,54819500
chr19,55281500
chr19,55769500
chr19,55783500
chr19,55868500
chr19,55983500
chr19,56376500
chr19,57250500
chr19,57731500
chr19,57892500
chr19,57913500
chr20,51500
chr20,588500
chr20,1216500
chr20,1981500
chr20,2093500
chr20,2686500
chr20,3489500
chr20,3771500
chr20,3910500
chr20,4547500
chr20,4784500
chr20,6521500
chr20,7758500
chr20,8279500
chr20,8454500
chr20,9075500
chr20,9217500
chr20,9305500
chr20,9422500
chr20,9799500
chr20,10077500
chr20,10429500
chr20,11031500
chr20,11253500
chr20,11698500
chr20,11708500
chr20,11816500
chr20,11956500
chr20,12408500
chr20,12543500
chr20,13074500
chr20,13577500
chr20,14009500
chr20,15009500
chr20,15463500
chr20,15995500
chr20,16025500
chr20,16220500
chr20,16829500
chr20,17616500
chr20,17794500
chr20,18046500
chr20,18616500
chr20,18672500
chr20,18901500
chr20,19089500
chr20,19140500
chr20,19350500
chr20,20014500
chr20,20126500
chr20,20395500
chr20,20608500
chr20,21125500
chr20,22189500
chr20,22339500
chr20,23024500
chr20,23033500
chr20,23676500
chr20,23986500
chr20,24543500
chr20,24761500
chr20,25217500
chr20,25490500
chr20,26140500
chr20,26325500
chr20,26618500
chr20,26639500
chr20,26800500
chr20,26863500
chr20,27378500
chr20,27949500
chr20,28848500
chr20,29761500
chr20,31666500
chr20,31758500
chr20,32787500
chr20,33247500
chr20,33473500
chr20,33901500
chr20,33977500
chr20,34050500
chr20,34387500
chr20,34523500
chr20,34657500
chr20,35217500
chr20,35267500
chr20,35647500
chr20,35803500
chr20,35825500
chr20,35839500
chr20,36077500
chr20,37113500
chr20,38164500
chr20,38574500
chr20,38752500
chr20,39026500
chr20,39323500
chr20,39633500
chr20,39807500
chr20,41080500
chr20,41257500
chr20,41296500
chr20,41993500
chr20,42133500
chr20,42281500
chr20,42827500
chr20,42914500
chr20,43166500
chr20,43715500
chr20,43936500
chr20,44235500
chr20,44262500
chr20,45075500
chr20,45211500
chr20,45374500
chr20,45437500
chr20,45467500
chr20,45531500
chr20,45818500
chr20,46406500
chr20,46772500
chr20,47039500
chr20,47057500
chr20,47290500
chr20,47493500
chr20,47620500
chr20,48077500
chr20,48301500
chr20,48634500
chr20,48941500
chr20,48945500
chr20,49921500
chr20,50393500
chr20,50708500
chr20,50979500
chr20,51540500
chr20,52221500
chr20,52907500
chr20,52941500
chr20,53191500
chr20,53704500
chr20,54363500
chr20,54443500
chr20,54474500
chr20,54640500
chr20,54910500
chr20,55155500
chr20,55924500
chr20,56653500
chr20,58326500
chr20,58621500
chr20,58692500
chr20,59190500
chr20,59758500
chr20,59935500
chr20,60187500
chr20,60345500
chr20,60545500
chr20,61079500
chr20,61133500
chr20,61246500
chr20,61393500
chr20,61721500
chr20,61983500
chr20,62101500
chr20,62658500
chr20,62982500
chr20,63616500
chr20,63706500
chr20,63712500
chr20,64134500
chr20,64163500
chr20,64194500
chr21,306500
chr21,1147500
chr21,1466500
chr21,1680500
chr21,1751500
chr21,1858500
chr21,2707500
chr21,2859500
chr21,3481500
chr21,4511500
chr21,5188500
chr21,5253500
chr21,5424500
chr21,5645500
chr21,5820500
chr21,5970500
chr21,6278500
chr21,6520500
chr21,6588500
chr21,6762500
chr21,7271500
chr21,7536500
chr21,8207500
chr21,8381500
chr21,8764500
chr21,9089500
chr21,9137500
chr21,9423500
chr21,9522500
chr21,9578500
chr21,9581500
chr21,10406500
chr21,10562500
chr21,11095500
chr21,11118500
chr21,11168500
chr21,11196500
chr21,11243500
chr21,11616500
chr21,11874500
chr21,12234500
chr21,12416500
chr21,12441500
chr21,12689500
chr21,13238500
chr21,13289500
chr21,13310500
chr21,13437500
chr21,13567500
chr21,13687500
chr21,13933500
chr21,13960500
chr21,14651500
chr21,14804500
chr21,14834500
chr21,15372500
chr21,15734500
chr21,16002500
chr21,16128500
chr21,16298500
chr21,16617500
chr21,16878500
chr21,17233500
chr21,17250500
chr21,17656500
chr21,17952500
chr21,18223500
chr21,18293500
chr21,18621500
chr21,18676500
chr21,19060500
chr21,19745500
chr21,20115500
chr21,20616500
chr21,20652500
chr21,20988500
chr21,21050500
chr21,21821500
chr21,22558500
chr21,23416500
chr21,23686500
chr21,23844500
chr21,23884500
chr21,25238500
chr21,25541500
chr21,26007500
chr21,26172500
chr21,26199500
chr21,26425500
chr21,27150500
chr21,28923500
chr21,29092500
chr21,30561500
chr21,30867500
chr21,30916500
chr21,32341500
chr21,33877500
chr21,34568500
chr21,34797500
chr21,34929500
chr21,36859500
chr21,37021500
chr21,37232500
chr21,37977500
chr21,38336500
chr21,38387500
chr21,38465500
chr21,39368500
chr21,39870500
chr21,39949500
chr21,40039500
chr21,40981500
chr21,41926500
chr21,41971500
chr21,42344500
chr21,42437500
chr21,42757500
chr21,43729500
chr21,44469500
chr21,45154500
chr21,45899500
chr21,46309500
chr21,46496500
chr21,46670500
chr21,46693500
chr22,612500
chr22,1213500
chr22,1366500
chr22,1374500
chr22,1483500
chr22,2094500
chr22,2577500
chr22,2720500
chr22,2780500
chr22,3033500
chr22,3078500
chr22,3139500
chr22,3438500
chr22,3472500
chr22,3697500
chr22,4312500
chr22,4411500
chr22,5121500
chr22,5243500
chr22,5434500
chr22,6133500
chr22,6927500
chr22,7410500
chr22,7550500
chr22,8059500
chr22,8106500
chr22,8403500
chr22,9437500
chr22,9536500
chr22,10209500
chr22,11018500
chr22,11254500
chr22,11755500
chr22,12164500
chr22,13220500
chr22,13530500
chr22,13707500
chr22,13795500
chr22,14026500
chr22,14479500
chr22,14568500
chr22,14818500
chr22,14889500
chr22,14907500
chr22,15381500
chr22,15388500
chr22,15898500
chr22,16015500
chr22,16269500
chr22,16663500
chr22,16817500
chr22,17076500
chr22,17115500
chr22,18872500
chr22,19065500
chr22,19429500
chr22,19707500
chr22,19925500
chr22,20006500
chr22,20408500
chr22,20499500
chr22,21101500
chr22,21457500
chr22,21916500
chr22,22010500
chr22,22966500
chr22,23185500
chr22,24509500
chr22,24919500
chr22,25157500
chr22,25206500
chr22,25937500
chr22,26362500
chr22,26674500
chr22,26942500
chr22,27132500
chr22,27172500
chr22,27731500
chr22,27992500
chr22,28023500
chr22,28286500
chr22,28766500
chr22,29104500
chr22,29123500
chr22,29408500
chr22,29698500
chr22,29786500
chr22,30464500
chr22,30792500
chr22,31299500
chr22,31317500
chr22,31383500
chr22,31678500
chr22,33062500
chr22,33218500
chr22,33550500
chr22,34067500
chr22,34105500
chr22,34168500
chr22,35356500
chr22,38401500
chr22,38788500
chr22,39369500
chr22,40054500
chr22,40095500
chr22,41275500
chr22,41511500
chr22,41942500
chr22,42188500
chr22,42487500
chr22,42638500
chr22,42700500
chr22,42899500
chr22,43154500
chr22,43787500
chr22,43918500
chr22,44444500
chr22,44806500
chr22,44846500
chr22,45523500
chr22,46168500
chr22,46260500
chr22,46415500
chr22,46537500
chr22,46645500
chr22,46758500
chr22,46781500
chr22,47161500
chr22,47168500
chr22,47488500
chr22,48903500
chr22,48964500
chr22,49315500
chr22,49347500
chr22,49504500
chr22,49803500
chrX,250500
chrX,437500
chrX,625500
chrX,994500
chrX,1025500
chrX,1352500
chrX,1567500
chrX,1973500
chrX,2262500
chrX,2322500
chrX,2733500
chrX,2923500
chrX,2932500
chrX,2967500
chrX,3167500
chrX,3868500
chrX,3966500
chrX,4227500
chrX,4646500
chrX,4651500
chrX,4697500
chrX,5268500
chrX,5394500
chrX,5480500
chrX,5801500
chrX,5810500
chrX,5883500
chrX,6612500
chrX,6834500
chrX,7072500
chrX,7103500
chrX,8047500
chrX,8135500
chrX,8772500
chrX,8893500
chrX,9549500
chrX,9762500
chrX,10359500
chrX,10523500
chrX,10585500
chrX,10887500
chrX,11100500
chrX,11218500
chrX,11223500
chrX,11249500
chrX,11627500
chrX,11857500
chrX,11870500
chrX,12145500
chrX,12335500
chrX,12600500
chrX,12858500
chrX,12981500
chrX,13760500
chrX,13829500
chrX,13855500
chrX,14317500
chrX,14476500
chrX,14505500
chrX,14912500
chrX,15242500
chrX,15512500
chrX,15550500
chrX,16053500
chrX,16183500
chrX,16569500
chrX,16776500
chrX,17209500
chrX,17363500
chrX,17598500
chrX,18022500
chrX,18068500
chrX,18681500
chrX,18753500
chrX,18858500
chrX,18919500
chrX,18988500
chrX,19196500
chrX,19259500
chrX,19324500
chrX,21304500
chrX,21797500
chrX,22168500
chrX,22174500
chrX,22928500
chrX,22967500
chrX,23457500
chrX,23880500
chrX,24455500
chrX,24642500
chrX,25278500
chrX,26082500
chrX,26371500
chrX,26663500
chrX,27193500
chrX,27607500
chrX,29519500
chrX,29682500
chrX,29874500
chrX,30057500
chrX,30306500
chrX,30613500
chrX,30754500
chrX,31348500
chrX,32060500
chrX,32078500
chrX,32540500
chrX,32755500
chrX,33462500
chrX,33606500
chrX,33610500
chrX,33666500
chrX,33938500
chrX,34033500
chrX,34140500
chrX,34206500
chrX,34977500
chrX,35554500
chrX,36413500
chrX,36498500
chrX,36683500
chrX,36840500
chrX,37420500
chrX,37435500
chrX,37442500
chrX,37653500
chrX,39032500
chrX,39374500
chrX,39516500
chrX,40320500
chrX,40624500
chrX,40629500
chrX,40641500
chrX,40643500
chrX,41002500
chrX,41240500
chrX,41956500
chrX,42401500
chrX,43171500
chrX,43276500
chrX,44727500
chrX,44870500
chrX,45453500
chrX,45843500
chrX,46181500
chrX,46390500
chrX,46437500
chrX,46815500
chrX,48136500
chrX,48616500
chrX,48977500
chrX,49267500
chrX,49975500
chrX,50095500
chrX,50253500
chrX,50264500
chrX,50358500
chrX,50864500
chrX,50914500
chrX,51155500
chrX,51219500
chrX,52048500
chrX,52728500
chrX,52729500
chrX,52970500
chrX,53502500
chrX,54025500
chrX,54637500
chrX,55430500
chrX,55507500
chrX,56027500
chrX,56565500
chrX,57021500
chrX,57944500
chrX,58832500
chrX,58961500
chrX,59125500
chrX,59795500
chrX,60179500
chrX,61167500
chrX,61240500
chrX,62231500
chrX,63401500
chrX,63520500
chrX,63985500
chrX,64191500
chrX,64219500
chrX,64518500
chrX,65030500
chrX,65543500
chrX,65589500
chrX,65794500
chrX,66204500
chrX,66336500
chrX,68098500
chrX,68118500
chrX,68225500
chrX,68314500
chrX,68696500
chrX,68860500
chrX,69329500
chrX,69510500
chrX,69518500
chrX,70292500
chrX,70777500
chrX,70841500
chrX,71495500
chrX,72285500
chrX,72315500
chrX,72396500
chrX,72548500
chrX,72651500
chrX,72663500
chrX,73327500
chrX,73698500
chrX,73707500
chrX,74110500
chrX,74919500
chrX,75950500
chrX,75962500
chrX,76896500
chrX,77260500
chrX,77621500
chrX,77969500
chrX,78170500
chrX,78806500
chrX,78981500
chrX,79548500
chrX,79783500
chrX,79882500
chrX,80849500
chrX,80950500
chrX,81102500
chrX,82553500
chrX,82600500
chrX,83179500
chrX,83230500
chrX,83553500
chrX,83643500
chrX,84923500
chrX,85268500
chrX,85722500
chrX,86034500
chrX,87107500
chrX,88364500
chrX,90047500
chrX,90247500
chrX,90389500
chrX,90620500
chrX,90677500
chrX,91134500
chrX,91304500
chrX,91727500
chrX,92269500
chrX,93281500
chrX,94925500
chrX,94931500
chrX,95802500
chrX,95948500
chrX,97332500
chrX,97767500
chrX,97824500
chrX,98894500
chrX,99125500
chrX,99676500
chrX,99974500
chrX,101110500
chrX,101409500
chrX,101659500
chrX,101765500
chrX,102002500
chrX,102017500
chrX,102392500
chrX,102999500
chrX,103791500
chrX,104336500
chrX,104443500
chrX,105031500
chrX,106202500
chrX,106286500
chrX,106569500
chrX,106898500
chrX,107178500
chrX,107363500
chrX,107515500
chrX,107516500
chrX,107647500
chrX,107741500
chrX,108057500
chrX,108216500
chrX,108821500
chrX,108850500
chrX,108934500
chrX,109022500
chrX,109700500
chrX,110003500
chrX,110106500
chrX,110131500
chrX,110741500
chrX,110879500
chrX,111542500
chrX,111658500
chrX,112211500
chrX,113181500
chrX,113203500
chrX,114002500
chrX,114677500
chrX,115080500
chrX,115181500
chrX,115699500
chrX,116077500
chrX,116095500
chrX,116757500
chrX,116853500
chrX,116883500
chrX,117050500
chrX,117946500
chrX,118011500
chrX,118066500
chrX,118110500
chrX,119713500
chrX,119883500
chrX,119975500
chrX,120094500
chrX,120114500
chrX,120212500
chrX,120988500
chrX,121782500
chrX,122294500
chrX,122408500
chrX,123089500
chrX,123396500
chrX,123843500
chrX,124526500
chrX,124558500
chrX,124880500
chrX,124984500
chrX,125647500
chrX,125903500
chrX,126177500
chrX,126425500
chrX,126509500
chrX,126733500
chrX,126978500
chrX,127992500
chrX,128038500
chrX,128119500
chrX,129459500
chrX,129607500
chrX,130210500
chrX,131434500
chrX,131536500
chrX,131602500
chrX,132109500
chrX,132927500
chrX,132930500
chrX,133075500
chrX,133182500
chrX,133339500
chrX,133599500
chrX,133750500
chrX,133813500
chrX,134414500
chrX,134511500
chrX,134919500
chrX,135116500
chrX,135155500
chrX,135626500
chrX,136107500
chrX,136439500
chrX,137062500
chrX,137620500
chrX,138027500
chrX,138448500
chrX,139228500
chrX,139366500
chrX,139686500
chrX,140036500
chrX,140277500
chrX,140483500
chrX,140744500
chrX,141452500
chrX,142517500
chrX,142868500
chrX,143075500
chrX,143108500
chrX,143324500
chrX,143551500
chrX,143810500
chrX,144530500
chrX,144572500
chrX,145488500
chrX,145974500
chrX,146466500
chrX,147182500
chrX,147275500
chrX,147570500
chrX,147814500
chrX,148073500
chrX,148797500
chrX,149330500
chrX,150792500
chrX,151079500
chrX,151248500
chrX,151700500
chrX,152231500
chrX,152668500
chrX,152694500
chrX,153011500
chrX,153032500
chrX,153548500
chrX,153825500
chrX,154092500
chrX,154139500
chrX,154266500
chrX,154595500
chrX,154724500
chrX,154971500
chrX,155122500
chrX,155154500
chrX,155471500
chrX,155532500
