epridict_efficiency,p_durable,chromosome,position_hg38
51.17037963867188,0.960565861992415,chr1,1033500
45.86154174804688,0.7889851348598385,chr1,1215500
45.78296661376953,0.6974062752044594,chr1,1254500
52.81578826904297,0.8241911354166154,chr1,1359500
36.79288864135742,0.8554632189868259,chr1,1498500
50.53933334350586,0.7560804220569143,chr1,1504500
49.228641510009766,0.7505819572817517,chr1,3650500
41.17026138305664,0.6040062636086317,chr1,4815500
23.717947006225582,0.7169354672819961,chr1,4902500
20.911651611328125,0.46165617737431897,chr1,5285500
43.24397659301758,0.6753442543664718,chr1,5304500
48.265438079833984,0.7225391660711209,chr1,5985500
52.72072219848633,0.42478469177438605,chr1,5995500
48.89370346069336,0.8634652293557439,chr1,6029500
48.64356994628906,0.7411814905191167,chr1,6347500
46.2075309753418,0.8490456675794953,chr1,6531500
42.59946823120117,0.7740895102542475,chr1,6948500
40.92496871948242,0.7885232067160446,chr1,7678500
43.161529541015625,0.7591861634619111,chr1,8251500
41.33378982543945,0.7586292079752324,chr1,8298500
42.45268630981445,0.7335930865356777,chr1,9162500
50.26673126220703,0.7794552904015695,chr1,10377500
41.85655975341797,0.8034255028204107,chr1,10957500
48.25152206420898,0.7989662579369786,chr1,11133500
40.98159408569336,0.6319992268647867,chr1,11332500
40.34514999389648,0.7556376013823257,chr1,11449500
43.39695739746094,0.8037260867838956,chr1,11713500
45.42243194580078,0.8978618043161632,chr1,12384500
34.13875961303711,0.8016792393355217,chr1,12799500
38.27792739868164,0.7419437008899943,chr1,13545500
46.30309677124024,0.7992652824035157,chr1,13955500
38.63862609863281,0.7065034555162479,chr1,14166500
49.47985458374024,0.8519371584389349,chr1,15429500
50.613765716552734,0.8483839297377216,chr1,16335500
49.68803405761719,0.8191135912235896,chr1,17018500
48.42935180664063,0.5763728803870598,chr1,17057500
41.88956069946289,0.8348761841274921,chr1,17142500
41.39748764038086,0.8535161885341451,chr1,17974500
43.90460586547852,0.6091261339976869,chr1,18588500
42.60783767700195,0.6848730377710869,chr1,18770500
41.777950286865234,0.7287265375089849,chr1,19045500
45.5802116394043,0.7047207528403434,chr1,19132500
42.89907836914063,0.6423069586222665,chr1,19763500
45.75094985961914,0.7460666312261531,chr1,20127500
50.86094665527344,0.7497221518067676,chr1,20631500
52.10359954833984,0.8747358026996686,chr1,21173500
49.7365608215332,0.6765984293783137,chr1,21313500
50.34747314453125,0.8808112946061787,chr1,21724500
51.05772018432617,0.7897965098778981,chr1,21745500
50.4126091003418,0.671085522966448,chr1,22123500
44.7721061706543,0.8012259187996682,chr1,22418500
43.02432632446289,0.7032197745353536,chr1,22793500
41.15063095092773,0.7969018302029791,chr1,22842500
49.44375228881836,0.6306600963566167,chr1,23067500
48.21084213256836,0.762641403495455,chr1,23139500
43.9642219543457,0.6361011883977217,chr1,23221500
47.686988830566406,0.8592264931384438,chr1,23638500
42.86025619506836,0.77453093708799,chr1,23649500
44.56069946289063,0.7244093161157013,chr1,24376500
42.09759521484375,0.6892817505284672,chr1,24620500
41.21801376342773,0.8081543895510965,chr1,25049500
41.1415901184082,0.7974650650395637,chr1,25191500
53.05179214477539,0.7743372931588675,chr1,25463500
53.555572509765625,0.8895071314145251,chr1,27027500
52.79087066650391,0.8742851203716779,chr1,27394500
50.835411071777344,0.7598360809468789,chr1,27538500
53.33532333374024,0.8987656637112642,chr1,27562500
54.4516830444336,0.8422875107295632,chr1,28332500
48.2258415222168,0.8334568281980161,chr1,29349500
41.30343627929688,0.7079258025773394,chr1,29604500
42.61538696289063,0.7513206859276067,chr1,29803500
35.42327117919922,0.8449917285253343,chr1,29855500
42.27242660522461,0.6750660378063462,chr1,30680500
44.58536529541016,0.725656936357484,chr1,31694500
38.668094635009766,0.7657931867500534,chr1,31733500
48.869873046875,0.8309573424361705,chr1,32368500
32.9919548034668,0.7625113022219494,chr1,33212500
41.956485748291016,0.6768437875385225,chr1,33224500
51.062496185302734,0.8530682796823829,chr1,33344500
39.01798248291016,0.6654479290146684,chr1,33844500
45.833003997802734,0.8294696682624194,chr1,33902500
34.972007751464844,0.7012390835506761,chr1,33939500
43.64859390258789,0.7490075251374593,chr1,34028500
36.07877731323242,0.6843563214412368,chr1,34060500
39.51529693603516,0.593318050563491,chr1,34289500
36.12160873413086,0.7354857823709054,chr1,34471500
43.1607780456543,0.47031234608322403,chr1,34947500
48.26329040527344,0.8776304247938942,chr1,35242500
51.73987579345703,0.8296863146686196,chr1,35280500
50.65110397338867,0.8977405040117199,chr1,35619500
51.38547897338867,0.8152426742482372,chr1,35880500
46.99209976196289,0.6517391015677034,chr1,35972500
45.78279113769531,0.7445037444819556,chr1,36073500
53.15926361083984,0.8731544379106697,chr1,36087500
51.4610710144043,0.79430334120191,chr1,36187500
32.45682144165039,0.360138963358864,chr1,37208500
46.97016525268555,0.7366851262963008,chr1,37483500
34.55895233154297,0.6801698925426412,chr1,38374500
37.30196762084961,0.7047344294800111,chr1,38378500
54.743770599365234,0.928952827403455,chr1,38953500
51.60602188110352,0.8416234602664441,chr1,39210500
41.54525375366211,0.948471916366849,chr1,39491500
29.424341201782227,0.678334918204627,chr1,39515500
46.79318618774414,0.849332096322264,chr1,39551500
45.302696228027344,0.8013736437832482,chr1,39558500
48.27799224853516,0.7375920634942015,chr1,39987500
50.44683074951172,0.8477419816970372,chr1,40032500
48.85610961914063,0.7768939001395992,chr1,40190500
55.31370544433594,0.9324647760781086,chr1,40220500
54.114742279052734,0.9912531153199003,chr1,40258500
47.038944244384766,0.8371656671454591,chr1,40447500
53.05857849121094,0.8115860037671097,chr1,40689500
38.69305038452149,0.743183880038902,chr1,42471500
34.60133743286133,0.7792011944899175,chr1,43255500
41.639198303222656,0.697605662856267,chr1,43286500
44.16221618652344,0.4387818957821321,chr1,44388500
44.38272857666016,0.7614245281426306,chr1,44607500
50.06574630737305,0.8184473323320834,chr1,44877500
42.705753326416016,0.6846599922219712,chr1,45080500
44.00672149658203,0.7998628061134413,chr1,45177500
47.12761306762695,0.6132519078481008,chr1,45344500
43.54008483886719,0.772702245258297,chr1,45580500
39.95416641235352,0.7156445635441041,chr1,46974500
48.43181228637695,0.764394538331738,chr1,47468500
41.54058837890625,0.7682664942564444,chr1,47971500
38.98343276977539,0.5636443684211647,chr1,48210500
31.005495071411133,0.4924403926028532,chr1,48226500
38.8835334777832,0.6687554026011814,chr1,48499500
37.19732284545898,0.7162630794276451,chr1,48704500
35.083065032958984,0.7166462026976728,chr1,48747500
20.74997901916504,0.6878771218006176,chr1,48973500
22.012924194335938,0.6367687651410249,chr1,49100500
21.025094985961918,0.7341738128817847,chr1,49580500
25.839923858642575,0.8428139003974267,chr1,49702500
21.778961181640625,0.7923062687500173,chr1,49812500
50.25532913208008,0.7800324324306264,chr1,51307500
49.21000671386719,0.8412839120478749,chr1,51316500
47.42708969116211,0.914103569565214,chr1,51764500
46.89830780029297,0.7486295923958673,chr1,51812500
45.65813064575195,0.6652930525082632,chr1,52222500
39.029075622558594,0.8470417555380895,chr1,52360500
54.912994384765625,0.7107922072877833,chr1,52752500
38.55641174316406,0.6877718921833358,chr1,53675500
40.4583740234375,0.8396509919274384,chr1,53769500
46.19123840332031,0.8796780365386281,chr1,54184500
50.54216003417969,0.8629269588392281,chr1,54276500
53.70048141479492,0.8576126335015005,chr1,54365500
42.896522521972656,0.6865725288768685,chr1,54909500
39.79010772705078,0.7472333595967793,chr1,54940500
42.34541702270508,0.7300541582686477,chr1,55514500
21.212291717529297,0.789945547867021,chr1,56078500
41.77934646606445,0.7707189061415459,chr1,57051500
50.43204879760742,0.7446100251509589,chr1,58823500
48.54771041870117,0.7856135480007587,chr1,59423500
37.10165023803711,0.7518850411704052,chr1,59902500
33.64727020263672,0.8006595203513214,chr1,60069500
22.977519989013672,0.7406155663938334,chr1,60477500
34.331207275390625,0.6390622100818879,chr1,60688500
49.344482421875,0.8020460725322951,chr1,60878500
43.91152572631836,0.7718345725490313,chr1,61517500
47.61500549316406,0.7615198492947937,chr1,61684500
46.27812957763672,0.7892382452192551,chr1,61729500
42.350868225097656,0.6738277217811264,chr1,61842500
45.32084274291992,0.7879735201990525,chr1,61859500
44.698673248291016,0.8783701991429431,chr1,63455500
37.058868408203125,0.5688270446201031,chr1,63686500
38.16019058227539,0.3856786535017305,chr1,64127500
39.09651947021485,0.6105585075792912,chr1,66047500
35.416507720947266,0.8253577864755659,chr1,66628500
48.25733947753906,0.9066994193971961,chr1,67018500
48.22208786010742,0.8578661911619909,chr1,67107500
43.51739883422852,0.8627231076582571,chr1,67268500
48.47856903076172,0.6756117087164388,chr1,67365500
52.81446838378906,0.8321085085119233,chr1,67424500
49.28103256225586,0.8900200003905954,chr1,67601500
53.899169921875,0.9144576484524576,chr1,67898500
40.77863311767578,0.692474859520601,chr1,68187500
39.81462860107422,0.6375291168629929,chr1,68386500
23.817506790161133,0.6969866209016861,chr1,69049500
43.29677963256836,0.5110159212053627,chr1,69577500
37.42652893066406,0.6298107863433244,chr1,69824500
38.0327262878418,0.7271755884973568,chr1,69958500
51.26514053344727,0.538957580350718,chr1,70036500
47.89445114135742,0.7086134707638566,chr1,70496500
49.19746017456055,0.7223871492999936,chr1,70533500
25.226219177246094,0.8668358793765518,chr1,71174500
21.12735939025879,0.6404514152623755,chr1,71299500
25.97218513488769,0.8468162596476332,chr1,71450500
22.46920394897461,0.5929144108067328,chr1,71561500
24.79404067993164,0.7726696491163055,chr1,71900500
21.73740768432617,0.7969347703424124,chr1,72461500
22.6151123046875,0.36937073967055956,chr1,72814500
22.437122344970703,0.8007272680613888,chr1,72919500
21.35622978210449,0.8698597390611458,chr1,73546500
19.35888290405273,0.8251043623856686,chr1,73825500
21.182661056518555,0.6658608754074878,chr1,73930500
21.155977249145508,0.757500272250117,chr1,74080500
28.728837966918945,0.657747535673149,chr1,74117500
41.7347297668457,0.807342543264622,chr1,74727500
49.6166877746582,0.793023852523893,chr1,75181500
41.03017807006836,0.751398186065928,chr1,75222500
22.94420623779297,0.5972122373163418,chr1,76550500
24.341381072998047,0.7728402407874958,chr1,76627500
30.67304039001465,0.6043945738107708,chr1,76725500
34.38010025024414,0.6764261400147085,chr1,78219500
22.25490379333496,0.7227593922138216,chr1,78418500
32.567073822021484,0.7477968666752146,chr1,78602500
24.40428352355957,0.7445002427945181,chr1,78758500
21.518688201904297,0.5948772812198526,chr1,79555500
24.329896926879883,0.9223030935448726,chr1,80494500
28.13601303100586,0.8168852236127313,chr1,82055500
26.507768630981445,0.6549628131659151,chr1,82543500
21.784032821655277,0.6172086560862227,chr1,82998500
47.242069244384766,0.7549313155845838,chr1,84014500
40.92403793334961,0.6835074928617513,chr1,84321500
39.48762893676758,0.8270125379428201,chr1,84803500
51.394752502441406,0.7893521323864837,chr1,85256500
29.26227378845215,0.6655623019967369,chr1,85933500
30.567445755004883,0.7407837936066048,chr1,86080500
51.42734909057617,0.7599030977850907,chr1,86966500
43.1105842590332,0.6733061031102815,chr1,87194500
45.93722915649414,0.7183362472081429,chr1,87318500
44.31649398803711,0.5777032037337444,chr1,87571500
35.372257232666016,0.7114945887357473,chr1,87732500
31.73270606994629,0.8476899524804491,chr1,87891500
39.40244674682617,0.7420837692456221,chr1,89253500
40.107215881347656,0.8047394167125237,chr1,90207500
41.02801513671875,0.7148746290657686,chr1,90314500
41.929874420166016,0.7602548145918993,chr1,90504500
47.11448287963867,0.7603303796279357,chr1,90934500
45.18574142456055,0.789000823863003,chr1,91142500
36.05131149291992,0.5771249029194057,chr1,91190500
45.85258483886719,0.8430141154757425,chr1,92285500
45.0902214050293,0.7314526019824287,chr1,92668500
50.61543273925781,0.800471680643376,chr1,92828500
47.35367202758789,0.6303100257265841,chr1,94383500
44.29972839355469,0.6800609697028851,chr1,94973500
46.51896286010742,0.5946866139085644,chr1,95271500
26.22145271301269,0.5379985458311101,chr1,96057500
23.706653594970703,0.7622597193619195,chr1,96211500
21.31889915466309,0.7990880443241711,chr1,96332500
38.932918548583984,0.6115142390160653,chr1,96833500
22.30640983581543,0.6787101131901512,chr1,98498500
28.207061767578125,0.33306825107258453,chr1,98789500
26.345874786376957,0.8431000770438922,chr1,98875500
40.77584457397461,0.6894063413693556,chr1,99187500
41.831199645996094,0.6081219982540731,chr1,99252500
45.04801177978516,0.8206320781983063,chr1,100113500
50.58940124511719,0.768322269532302,chr1,100381500
46.870704650878906,0.8463923167191908,chr1,100504500
52.02106094360352,0.86973490506933,chr1,101023500
20.275814056396484,0.6212165414292001,chr1,101582500
23.513227462768555,0.7181366295806191,chr1,102220500
22.00650787353516,0.7406429828387453,chr1,102463500
23.958023071289062,0.692709435571752,chr1,103270500
23.0461483001709,0.7792206373491077,chr1,103456500
23.55472183227539,0.7220770227281504,chr1,103870500
23.593618392944336,0.6688202057817909,chr1,104279500
24.932371139526367,0.6071951246215428,chr1,104327500
22.340044021606445,0.5347658648812604,chr1,104469500
24.099018096923828,0.7722609475212299,chr1,104757500
25.23163414001465,0.5534947388094933,chr1,104830500
33.46041488647461,0.8422798432951313,chr1,105100500
27.38078498840332,0.8096404240228142,chr1,105649500
21.950225830078125,0.7303784573620844,chr1,106182500
23.093172073364254,0.6397855363655165,chr1,106289500
18.998262405395508,0.6710202960550101,chr1,106726500
23.80892944335937,0.6871059061493212,chr1,106764500
31.99893569946289,0.5639322895378716,chr1,107735500
44.16144561767578,0.435744969748612,chr1,108061500
43.74958038330078,0.7194400477595704,chr1,108171500
52.65485000610352,0.7837520070978055,chr1,109639500
49.634220123291016,0.7680488900790539,chr1,110382500
41.36318206787109,0.8559505580109839,chr1,110681500
52.66503143310547,0.9085031508437448,chr1,111162500
36.477787017822266,0.7613823236059356,chr1,111956500
47.823341369628906,0.6661373878317463,chr1,113031500
41.5914306640625,0.8302189647773046,chr1,114270500
39.46524810791016,0.7808587247619806,chr1,115309500
45.210750579833984,0.657942353120593,chr1,115797500
41.151180267333984,0.7162161829241913,chr1,116023500
48.21094512939453,0.6834817039026331,chr1,116280500
54.34915542602539,0.9297167567236485,chr1,116503500
50.71086883544922,0.788150175765596,chr1,116700500
24.62067985534668,0.786227390503232,chr1,118693500
40.40227508544922,0.6126559210811751,chr1,119749500
41.71658706665039,0.5994014166894865,chr1,119930500
36.18758773803711,0.5051119093463956,chr1,120136500
22.9976806640625,0.8975922481677565,chr1,120449500
22.10150718688965,0.6657781044546935,chr1,122652500
30.830951690673828,0.5938235373763542,chr1,125181500
34.86917495727539,0.6158490317187678,chr1,143553500
46.53655624389648,0.7349085278614803,chr1,143700500
31.094905853271484,0.5809170193390392,chr1,144448500
47.769187927246094,0.5404515894824037,chr1,144555500
55.29676055908203,0.8938630481285907,chr1,146050500
25.01860618591309,0.9505361482248444,chr1,146228500
40.20450592041016,0.7629405659048107,chr1,146401500
24.825590133666992,0.594892482342015,chr1,146488500
48.01739501953125,0.6996405909146832,chr1,147089500
52.380706787109375,0.9280292502365772,chr1,147249500
50.2676887512207,0.8446732088554109,chr1,147275500
36.19518661499024,0.8134082881167025,chr1,147522500
41.101749420166016,0.755141855125333,chr1,147809500
46.128204345703125,0.6184282868055129,chr1,148318500
45.4730110168457,0.7511973259609572,chr1,148431500
25.648460388183597,0.6670400598658777,chr1,148899500
23.079818725585938,0.5230855561369401,chr1,149478500
51.53195571899414,0.8697157784374528,chr1,150369500
43.76636505126953,0.7305785295974894,chr1,150491500
53.33057022094727,0.755822120063125,chr1,150746500
47.54900360107422,0.6904440124286111,chr1,150908500
48.15835571289063,0.8052356452471456,chr1,151153500
44.23281097412109,0.8050426543809623,chr1,151553500
46.44562149047852,0.7387298595817027,chr1,151750500
39.11932373046875,0.7251133721437568,chr1,152092500
30.90360641479492,0.705113383576291,chr1,152611500
37.9922103881836,0.5134065655237225,chr1,153245500
50.79941940307617,0.8185710198061619,chr1,153638500
47.31604766845703,0.6726190558692072,chr1,153794500
52.12018966674805,0.7276212557502338,chr1,154560500
45.39328002929688,0.60633975266648,chr1,154577500
47.14970397949219,0.59246330517315,chr1,154636500
52.68771743774414,0.9692913602984524,chr1,155139500
52.73308944702149,0.7370872988607113,chr1,155218500
47.37485504150391,0.814370585140184,chr1,155422500
49.36489486694336,0.8143826195140207,chr1,155647500
54.19561004638672,0.9270580685126981,chr1,155838500
47.956199645996094,0.7430699401288752,chr1,156242500
47.53928756713867,0.6968963562957418,chr1,156637500
50.95342254638672,0.7413262298613228,chr1,156701500
36.854766845703125,0.7552890194360626,chr1,157434500
45.84757614135742,0.6863762402549574,chr1,157470500
44.15858840942383,0.6565685482528707,chr1,158159500
28.78116798400879,0.9065926277724465,chr1,158304500
44.6254997253418,0.5641468272274714,chr1,159175500
25.96932601928711,0.8004870677406948,chr1,159545500
45.6472282409668,0.7983863518570853,chr1,159853500
41.183876037597656,0.5920935435274843,chr1,160077500
41.398719787597656,0.7012862403765312,chr1,160142500
48.41450881958008,0.7149224368487299,chr1,160467500
38.41422271728516,0.7843861746277074,chr1,160701500
42.127532958984375,0.6800114357941496,chr1,160765500
51.73836898803711,0.6166991349868703,chr1,161392500
51.64432144165039,0.6168673435077061,chr1,162374500
39.8381233215332,0.6127953730012812,chr1,163165500
26.331283569335938,0.7255521613767694,chr1,163558500
19.980920791625977,0.6790894067814428,chr1,163625500
22.74221992492676,0.595989195396149,chr1,163805500
29.08194732666016,0.7162556515073031,chr1,164499500
34.632568359375,0.7278044107435162,chr1,164824500
34.34658432006836,0.5394646654281465,chr1,165016500
38.52599334716797,0.6106920712594548,chr1,165189500
38.23222351074219,0.5735127390765422,chr1,165266500
47.004024505615234,0.6504516597663956,chr1,166174500
42.156517028808594,0.7641922115113848,chr1,167078500
52.0931282043457,0.8770031337180662,chr1,167239500
43.91761779785156,0.711160908720318,chr1,167460500
52.143333435058594,0.9207737086921218,chr1,167623500
45.29133987426758,0.7205752302079,chr1,168430500
40.9027214050293,0.8525135623084956,chr1,168452500
41.43867874145508,0.8183064527988484,chr1,168508500
45.08933639526367,0.7012926916984843,chr1,169335500
45.85682678222656,0.6548212022991404,chr1,169442500
48.697078704833984,0.8175405322731544,chr1,169496500
26.77524185180664,0.7637851261387599,chr1,170160500
30.79694938659668,0.6698839924818818,chr1,170605500
22.997234344482425,0.5823133588612608,chr1,170762500
40.54684448242188,0.7540685357456738,chr1,171359500
39.7262077331543,0.6328169347865074,chr1,171968500
39.43285369873047,0.775200477171815,chr1,172259500
38.75027847290039,0.8076870344086242,chr1,172283500
47.90633010864258,0.722106054604706,chr1,172724500
39.03385543823242,0.6949909960583822,chr1,173080500
44.11880874633789,0.7749965765410551,chr1,173944500
44.85255813598633,0.7424518073743985,chr1,174645500
48.1651496887207,0.8070806760409519,chr1,174813500
43.05607986450195,0.7863483980323496,chr1,175576500
45.09537506103516,0.7736076555859411,chr1,176318500
39.88679885864258,0.6484162633222841,chr1,176352500
41.350135803222656,0.6295086279157855,chr1,176744500
46.72073745727539,0.7816517704428936,chr1,176796500
38.197052001953125,0.5666917087288303,chr1,177166500
22.21436309814453,0.687558094191919,chr1,177290500
24.199731826782227,0.8037092922364385,chr1,177677500
23.297121047973636,0.8976302084946842,chr1,177845500
43.33720397949219,0.6409688093947392,chr1,178712500
40.53303146362305,0.8116823288912662,chr1,178750500
38.6419792175293,0.6215264508363415,chr1,178830500
46.32439422607422,0.7546338338791683,chr1,178880500
50.30697250366211,0.6115405040059879,chr1,179005500
41.50478363037109,0.8748544278576267,chr1,179463500
47.93666076660156,0.7985941905258774,chr1,179983500
43.24140548706055,0.6167002732924318,chr1,180330500
48.63043975830078,0.7794470655875374,chr1,180344500
51.92014694213867,0.7242282083135565,chr1,180523500
43.69916915893555,0.7080373341907948,chr1,180739500
54.30373764038086,0.9721854112591992,chr1,182299500
49.080684661865234,0.8765290095088603,chr1,182574500
38.53319549560547,0.7738485711653246,chr1,183125500
41.428314208984375,0.751957837501791,chr1,183887500
46.00658798217773,0.7375835663117208,chr1,183905500
47.11650466918945,0.7649918500848804,chr1,183940500
44.95223236083984,0.6798557544066877,chr1,184116500
37.75379180908203,0.7839052673852717,chr1,184155500
42.60782241821289,0.7018700424393088,chr1,184184500
38.4883918762207,0.7075530180141466,chr1,184304500
43.74784851074219,0.6177190098142955,chr1,184533500
42.31575393676758,0.659686121636136,chr1,184558500
49.74563980102539,0.7474946546131569,chr1,185084500
44.44993591308594,0.6036843492862815,chr1,185871500
28.11530303955078,0.7101877006402558,chr1,187021500
23.81012535095215,0.7219423505694071,chr1,187151500
24.16730690002441,0.8916054331281767,chr1,187603500
26.586856842041016,0.8855928987804842,chr1,188751500
26.3159122467041,0.8408424466565236,chr1,188864500
26.13286781311035,0.6880640196734016,chr1,189126500
34.28791427612305,0.7686268660968983,chr1,189409500
23.56532287597656,0.7329091702702907,chr1,189738500
26.355424880981445,0.8056567199484369,chr1,190399500
28.99342155456543,0.6325506228068323,chr1,190792500
28.069698333740234,0.7020944075163253,chr1,190922500
22.777711868286133,0.7470911809094218,chr1,190984500
26.296485900878903,0.7526916679457479,chr1,191283500
44.41533279418945,0.6296240099489252,chr1,192022500
44.74535751342773,0.8563661615335803,chr1,192144500
33.66548156738281,0.6945948760490097,chr1,192594500
42.10988235473633,0.7580710089417602,chr1,192839500
41.19009017944336,0.8452063340273674,chr1,193421500
24.041507720947266,0.7187594798514839,chr1,193529500
28.355636596679688,0.8812456301028867,chr1,193837500
21.67557907104492,0.8249581113905985,chr1,193984500
28.83021545410156,0.8373729548267888,chr1,194213500
33.25507354736328,0.8540354034759401,chr1,194315500
25.54603576660156,0.7807235035558961,chr1,194498500
23.595672607421875,0.8355541903692729,chr1,195026500
20.05118179321289,0.8395536174248605,chr1,195285500
29.98801040649414,0.725809159572838,chr1,195696500
47.25692367553711,0.7669554454715705,chr1,196033500
43.65169143676758,0.7482865110677284,chr1,196345500
28.660999298095703,0.6980644781291026,chr1,196667500
40.696754455566406,0.7426222556554217,chr1,197427500
45.22362518310547,0.867526299808946,chr1,197481500
44.50577926635742,0.8331012618045721,chr1,197603500
41.65239334106445,0.7463112590666752,chr1,198326500
46.54752349853516,0.543985057352391,chr1,198353500
46.218711853027344,0.65493550580079,chr1,198424500
52.47509002685547,0.7364629431867022,chr1,198626500
42.07419204711914,0.786595136025493,chr1,198707500
42.48628234863281,0.6197029205247442,chr1,198766500
26.9874267578125,0.7437630606506477,chr1,198863500
28.507837295532227,0.625020935054315,chr1,198925500
27.63593864440918,0.7959854768952681,chr1,198935500
25.83599281311035,0.8059795562208043,chr1,199090500
21.280345916748047,0.7949451914210033,chr1,199466500
40.30184173583984,0.6294352462396055,chr1,200491500
47.98702621459961,0.7970860205015537,chr1,200551500
42.9599838256836,0.7310500504236102,chr1,202595500
49.59933471679688,0.7830788133838851,chr1,203020500
51.05657577514648,0.8447004174234668,chr1,203700500
43.99604415893555,0.8249990469465425,chr1,204771500
43.692039489746094,0.8795135020344068,chr1,205511500
46.54283142089844,0.8029810068959489,chr1,205664500
32.0763053894043,0.6874521159474827,chr1,206276500
51.03255844116211,0.7336671678896446,chr1,206661500
49.491004943847656,0.7208114490221612,chr1,206928500
50.705543518066406,0.5922532108909135,chr1,207507500
51.71435546875,0.5524231928745225,chr1,207923500
50.15968704223633,0.827123895326027,chr1,208172500
43.04766082763672,0.7530233896491064,chr1,208416500
40.29042816162109,0.764040041165348,chr1,208435500
39.53048706054688,0.8633417229228992,chr1,208609500
23.357162475585938,0.641999974722046,chr1,208847500
25.899038314819336,0.7541141619536961,chr1,208886500
22.24590301513672,0.7236147800779373,chr1,208900500
24.524112701416016,0.6118030697415164,chr1,208989500
40.71616744995117,0.7947191476353899,chr1,209422500
46.18934631347656,0.7280166496251113,chr1,210739500
37.85176086425781,0.5765929992955872,chr1,210822500
45.58330535888672,0.7281382372814742,chr1,211409500
49.64700698852539,0.7503418224410091,chr1,211568500
45.99003219604492,0.7004182388352316,chr1,211960500
47.544090270996094,0.6236661334564634,chr1,211965500
50.38853454589844,0.8131495443910173,chr1,212222500
45.47434997558594,0.7155751525690689,chr1,212543500
49.32024383544922,0.7655411970517243,chr1,212615500
48.38334655761719,0.6650378397186293,chr1,212816500
46.81150436401367,0.8270322604156145,chr1,213078500
47.48429107666016,0.7449096948371523,chr1,213160500
42.556129455566406,0.6922470649710626,chr1,213852500
45.25102615356445,0.7576248235059675,chr1,214412500
48.687950134277344,0.6110224777383095,chr1,214595500
21.82676696777344,0.8251795146874777,chr1,215310500
26.466501235961918,0.6781773801394848,chr1,216319500
24.507413864135746,0.6848285165770027,chr1,216683500
21.711814880371094,0.6928938824005548,chr1,217116500
21.380842208862305,0.7735629245460116,chr1,217191500
20.45669937133789,0.7043108875994828,chr1,217216500
26.287473678588867,0.5781319212324869,chr1,217495500
33.27875900268555,0.777130382681242,chr1,217539500
22.745502471923828,0.7499352901635228,chr1,217734500
23.66685485839844,0.8494733780350845,chr1,218084500
23.39581680297852,0.77820915152344,chr1,218750500
34.78453826904297,0.7040455813987521,chr1,218839500
46.46087646484375,0.5962921725361428,chr1,219032500
53.38987350463867,0.5575899411181664,chr1,219158500
36.63042068481445,0.7460490908836055,chr1,219332500
37.59125518798828,0.8476809808528607,chr1,219340500
42.73883819580078,0.7146207216589715,chr1,219464500
48.33909606933594,0.6529390942210392,chr1,219669500
47.39031219482422,0.8053779692558255,chr1,220026500
53.17332458496094,0.9858605304008172,chr1,220045500
48.62047958374024,0.876951261154479,chr1,220162500
43.42323684692383,0.6327302006457824,chr1,220237500
38.6881217956543,0.7285001564387332,chr1,221074500
40.65709686279297,0.8083382700646131,chr1,221175500
23.49648666381836,0.6618324750265682,chr1,221506500
55.38253784179688,0.7300264108535655,chr1,221709500
45.76301193237305,0.5998667169296997,chr1,221899500
35.400428771972656,0.8444497928970063,chr1,222144500
28.99827003479004,0.5139607696860353,chr1,222477500
40.39525985717773,0.8459659521162652,chr1,222673500
45.49238967895508,0.8836291755751797,chr1,223172500
46.79829406738281,0.6526384922818702,chr1,224365500
45.36647415161133,0.6398661300430375,chr1,224755500
46.16661834716797,0.7080973268494379,chr1,225416500
47.29338455200195,0.6564063013133937,chr1,225763500
52.64347076416016,0.6995828091193725,chr1,225950500
46.97683334350586,0.8881808513827287,chr1,227006500
51.17522811889648,0.7675132324293679,chr1,227162500
33.54365921020508,0.6219251251020965,chr1,227500500
46.39858627319336,0.8059694283766756,chr1,227529500
45.09296417236328,0.6159061574735003,chr1,227803500
42.619571685791016,0.8217826652404333,chr1,227909500
45.48899459838867,0.7989067056631498,chr1,228522500
44.93084716796875,0.7147053236950338,chr1,228835500
36.60140228271485,0.5402777767921201,chr1,228915500
47.31844711303711,0.5206554970551339,chr1,229002500
43.01033401489258,0.8606558204101337,chr1,229110500
51.22422790527344,0.8124614042464283,chr1,229504500
32.1361083984375,0.8570828741523611,chr1,229679500
38.33843612670898,0.8059206321413505,chr1,229885500
40.66463088989258,0.8024661678555702,chr1,230780500
46.07944107055664,0.721022660451566,chr1,231012500
48.90878677368164,0.7817863615946679,chr1,231029500
46.64958572387695,0.6228742387669,chr1,231765500
40.552642822265625,0.6439240575380045,chr1,231773500
33.00228500366211,0.6090895987255972,chr1,232898500
38.7049674987793,0.7318977934867246,chr1,233186500
39.72113037109375,0.7919245979113161,chr1,233288500
51.33211517333984,0.7147938414686925,chr1,233629500
50.59942626953125,0.7910864470760608,chr1,233686500
42.02789306640625,0.7092726210328557,chr1,234072500
42.953712463378906,0.8232198690304856,chr1,234310500
50.560543060302734,0.9515516075283407,chr1,235092500
46.020599365234375,0.7424021867989365,chr1,235437500
43.03554153442383,0.7369362147089312,chr1,236119500
50.02632141113281,0.6816676648383115,chr1,236401500
50.19253158569336,0.5505100553507463,chr1,236507500
47.83895492553711,0.7985592970516678,chr1,236575500
34.7295036315918,0.9165583319586592,chr1,236917500
38.97792816162109,0.770282727384793,chr1,237045500
44.47430419921875,0.7674329397672404,chr1,237387500
32.56096267700195,0.7179469921284094,chr1,237444500
37.72454452514648,0.5940434058280772,chr1,237806500
28.024078369140625,0.880377863385207,chr1,237845500
21.75776672363281,0.6729184576307283,chr1,238478500
25.061351776123047,0.8208384291893169,chr1,238637500
24.3218936920166,0.7231202011718845,chr1,238805500
22.49490547180176,0.7928392866049379,chr1,238974500
22.38819694519043,0.7265844563255808,chr1,239242500
20.840486526489254,0.6381824492985162,chr1,239334500
25.79861259460449,0.812086044313419,chr1,239836500
25.766647338867188,0.6723680414515695,chr1,240293500
28.817626953125,0.7239695579644607,chr1,240338500
29.61527633666992,0.6969512851314932,chr1,240717500
24.50543785095215,0.6704344744451955,chr1,241304500
39.33280563354492,0.7294926983742108,chr1,241398500
49.19650268554688,0.7050230491525797,chr1,241752500
42.10332107543945,0.8328899859953675,chr1,243515500
41.74747467041016,0.7802564118375541,chr1,244120500
39.34886932373047,0.6413448455651635,chr1,244206500
48.25920867919922,0.8628562187014172,chr1,244908500
47.50949478149414,0.8270993530472234,chr1,246054500
35.01942443847656,0.7557572206960893,chr1,247510500
36.5564079284668,0.65434089308875,chr1,247642500
22.799880981445312,0.858621860112172,chr1,247707500
24.793888092041016,0.6971111334330014,chr1,248226500
23.790679931640625,0.7941559692338944,chr1,248266500
25.83583068847656,0.8356818506857282,chr1,248480500
44.29827880859375,0.535910897853046,chr2,242500
40.14956283569336,0.7553060405771388,chr2,525500
35.312294006347656,0.7489512829661484,chr2,1231500
34.48857879638672,0.7645694008390588,chr2,1414500
36.59257125854492,0.7828103322644369,chr2,2173500
41.59188461303711,0.8436466037338765,chr2,2961500
22.09206962585449,0.7533143416697554,chr2,3221500
22.17123031616211,0.7363871741797865,chr2,4047500
24.60014533996582,0.7467521321111406,chr2,4320500
24.258441925048828,0.8185251879053559,chr2,5628500
24.72856712341309,0.9205277455788734,chr2,5857500
44.429664611816406,0.7316236457386442,chr2,6981500
48.217132568359375,0.7312444786025274,chr2,6999500
35.30339431762695,0.6772886343531024,chr2,7218500
34.45092010498047,0.8168269410964919,chr2,7479500
30.98047637939453,0.6116712184483115,chr2,7644500
48.976707458496094,0.794806778169014,chr2,9212500
44.23596954345703,0.7804054005628358,chr2,9311500
44.14157104492188,0.7111572339140255,chr2,9454500
45.815067291259766,0.8229490521449596,chr2,9663500
47.8607292175293,0.5618319294867898,chr2,9979500
49.644004821777344,0.8904493555382005,chr2,10436500
49.80036544799805,0.7032509841087975,chr2,10535500
47.125144958496094,0.7075264542596522,chr2,11703500
48.42470932006836,0.7984414887458315,chr2,11922500
51.257774353027344,0.8743076129703399,chr2,12109500
48.95985794067383,0.8101343695092609,chr2,12191500
48.66859817504883,0.6926637714366027,chr2,12197500
43.80950927734375,0.8947892137231248,chr2,12403500
49.01898193359375,0.7594023329844596,chr2,12560500
44.69328308105469,0.7720532470177728,chr2,12934500
22.04375267028809,0.7395835891941778,chr2,13776500
25.91694450378418,0.6432059860856523,chr2,13894500
23.1632080078125,0.7144154186305313,chr2,14496500
30.557174682617188,0.7777062297960231,chr2,14583500
51.25611877441406,0.9692347004688542,chr2,14635500
50.513614654541016,0.8349560601215188,chr2,14723500
37.967376708984375,0.6258054555470929,chr2,14969500
44.62374496459961,0.7774764093243016,chr2,15261500
49.71934127807617,0.7420485348071215,chr2,15456500
52.192657470703125,0.6575161967659109,chr2,15570500
46.51276016235352,0.7082716035115948,chr2,16445500
37.52501678466797,0.7275643966814198,chr2,16818500
42.11158752441406,0.7502343810251997,chr2,17013500
42.46001434326172,0.8108357382155505,chr2,17440500
30.36249542236328,0.7703096073598016,chr2,18094500
39.20590972900391,0.7964457913795169,chr2,18389500
28.884010314941406,0.8037708412094757,chr2,18662500
22.132408142089844,0.6570175681114079,chr2,18676500
19.57556533813477,0.8361915183595958,chr2,19483500
36.62576675415039,0.5823859016814892,chr2,19624500
42.859519958496094,0.7531729274135144,chr2,20468500
46.284664154052734,0.7661118007367186,chr2,21277500
28.44996452331543,0.6444781288265751,chr2,22407500
25.21885299682617,0.7722708715663575,chr2,22427500
21.53589630126953,0.6809983269985835,chr2,22776500
27.634685516357425,0.8037599816393072,chr2,22940500
34.4868049621582,0.8753185080387607,chr2,23078500
36.5674057006836,0.66068310470103,chr2,23142500
38.08024978637695,0.8068405245034028,chr2,23323500
48.31804656982422,0.7932463340147088,chr2,24398500
42.01736068725586,0.7270427704928187,chr2,24552500
45.43935394287109,0.7875637738692325,chr2,24776500
46.162109375,0.7288355173166456,chr2,25530500
39.81515121459961,0.5656580347830268,chr2,25576500
41.82697677612305,0.7706631658693918,chr2,25717500
55.02592849731445,0.7834052642317291,chr2,25853500
46.047950744628906,0.7410656944961943,chr2,26958500
50.84046173095703,0.7704919574872997,chr2,27403500
53.28250503540039,0.93156835324942,chr2,27408500
50.80747222900391,0.7312040886436878,chr2,27499500
49.219024658203125,0.8605051359642292,chr2,27767500
37.03237533569336,0.8126151267434766,chr2,27970500
34.1921501159668,0.597808362132344,chr2,29280500
37.9922981262207,0.5827116743886768,chr2,29318500
48.02108383178711,0.8122945570464892,chr2,29548500
49.78221893310547,0.8078141543445596,chr2,30441500
47.8037338256836,0.8063074537581937,chr2,30573500
37.73292541503906,0.760125398597167,chr2,30899500
36.55084228515625,0.6979397794225944,chr2,31350500
36.07610321044922,0.764052736780302,chr2,31706500
38.77731704711914,0.6601291834248797,chr2,31747500
48.71850204467773,0.728605033905483,chr2,31839500
49.87554168701172,0.8453042474667853,chr2,32368500
47.4256591796875,0.8326664345065637,chr2,32729500
46.78794097900391,0.7579331891205222,chr2,33330500
46.43205261230469,0.5926202437404557,chr2,33610500
22.552169799804688,0.7557240476892657,chr2,34303500
24.155109405517575,0.5220344907810743,chr2,34428500
27.124378204345703,0.7165532771258338,chr2,34947500
20.772802352905277,0.5656548918106226,chr2,35077500
24.68131256103516,0.6953651805808994,chr2,35569500
43.33730316162109,0.6833935404011215,chr2,36464500
47.56108856201172,0.7236316285994333,chr2,36540500
38.640419006347656,0.7780878618649912,chr2,36741500
46.86510848999024,0.8273495554112832,chr2,37952500
40.54859924316406,0.6688850906032722,chr2,38249500
51.03048706054688,0.7807356634896004,chr2,38299500
51.68553161621094,0.8036757657384338,chr2,38635500
45.725547790527344,0.7271148669706442,chr2,39299500
40.52047729492188,0.8952773947094255,chr2,39321500
50.6718635559082,0.7340979453503484,chr2,39499500
54.29445266723633,0.8588070568736548,chr2,39510500
48.35874938964844,0.5598941736743699,chr2,39769500
28.19233703613281,0.8555618336670289,chr2,41272500
23.881153106689453,0.7354749055804133,chr2,41479500
23.21908187866211,0.702377539108543,chr2,41599500
25.806989669799805,0.7525006735492411,chr2,41656500
36.167518615722656,0.7961228262492218,chr2,41737500
39.82488632202149,0.5357388925747193,chr2,41798500
42.57897567749024,0.5494911199337568,chr2,41982500
50.6749153137207,0.7548642679732478,chr2,42246500
44.92099380493164,0.747717828741107,chr2,42542500
51.63361740112305,0.4413090804821843,chr2,42567500
49.12886047363281,0.6685267274878275,chr2,43006500
47.8090934753418,0.7371608948844355,chr2,43024500
46.54954147338867,0.7917351928772478,chr2,43533500
42.845985412597656,0.8565180243847131,chr2,43787500
45.87892150878906,0.7891048153804472,chr2,43902500
41.899662017822266,0.6623909144923993,chr2,44594500
39.231929779052734,0.6174826900262689,chr2,44889500
47.3690185546875,0.855863218504212,chr2,45574500
41.71343994140625,0.8096713381897057,chr2,46053500
43.7791862487793,0.7266616923599791,chr2,46809500
45.1732063293457,0.8472379152893429,chr2,46995500
42.47105407714844,0.787372150712168,chr2,47800500
24.343524932861328,0.8537245022895322,chr2,49476500
21.094898223876957,0.8632565195903867,chr2,49990500
36.2227668762207,0.5955198548433116,chr2,50489500
28.587337493896484,0.6837483257160595,chr2,50593500
20.67635726928711,0.6673453131233382,chr2,51971500
20.632678985595703,0.7603926369293619,chr2,52069500
22.76634788513184,0.8551005555745527,chr2,52073500
23.039854049682617,0.6528775863883645,chr2,52388500
22.46121025085449,0.7820356988748881,chr2,52580500
21.836130142211918,0.6973162431692073,chr2,52952500
44.82857131958008,0.65493980685403,chr2,54244500
41.581241607666016,0.7343217820289631,chr2,54459500
49.07044219970703,0.6834614081163957,chr2,55662500
44.34925079345703,0.8432022254068187,chr2,55835500
23.626781463623047,0.7107747047914439,chr2,56495500
27.356931686401367,0.7438775365200035,chr2,57606500
21.48506164550781,0.7836003569921905,chr2,57620500
41.03313446044922,0.7363125216501972,chr2,57897500
51.87850570678711,0.8237234389477948,chr2,58618500
51.7950553894043,0.8301354495846219,chr2,58654500
40.32483673095703,0.7561961184827922,chr2,58824500
34.48131561279297,0.6746209837157349,chr2,59113500
34.94331741333008,0.7978044498366408,chr2,60275500
42.08634185791016,0.7139564543881962,chr2,60695500
55.78096389770508,0.8521848848036507,chr2,60886500
48.15470123291016,0.6899845032064942,chr2,61582500
44.99247360229492,0.7231274349634366,chr2,62613500
39.75629806518555,0.6641364312436187,chr2,63199500
44.18325424194336,0.8099876077392841,chr2,63925500
46.44479370117188,0.6834697810226007,chr2,63988500
51.568355560302734,0.8692575392661734,chr2,64255500
43.41411972045898,0.6266005158757582,chr2,64366500
48.44674301147461,0.8099608576177958,chr2,65098500
46.00273513793945,0.8864667409292621,chr2,65307500
51.74969100952149,0.9138311153367826,chr2,65417500
47.6029167175293,0.902620407212124,chr2,65823500
46.32611846923828,0.4610159712922184,chr2,65974500
39.70152282714844,0.6632417097803648,chr2,66313500
46.451290130615234,0.8754291323227126,chr2,66362500
43.63037490844727,0.6767961385475133,chr2,66455500
33.576988220214844,0.6484671665303998,chr2,66905500
30.90243530273437,0.698272289942117,chr2,67153500
37.6146125793457,0.726080788800008,chr2,67371500
43.97469329833984,0.7657868493658353,chr2,67598500
39.943546295166016,0.7447279638886817,chr2,67805500
38.41146469116211,0.6735596001503226,chr2,67840500
49.070350646972656,0.6643719039043934,chr2,68317500
49.98345947265625,0.6979863445952917,chr2,68369500
52.227664947509766,0.853204913643328,chr2,68660500
47.93997573852539,0.7904773591870017,chr2,68927500
41.28759765625,0.6659562643644494,chr2,69023500
53.95493316650391,0.9302088182698303,chr2,69435500
44.14244079589844,0.7873659219499393,chr2,69544500
51.18070602416992,0.7833717439991118,chr2,70286500
43.20764923095703,0.825611456815603,chr2,70615500
44.29652404785156,0.8266193144843388,chr2,71313500
43.060791015625,0.7188862962504099,chr2,71437500
35.348758697509766,0.6168859616627843,chr2,71627500
38.11946487426758,0.627218182275685,chr2,71831500
40.13716125488281,0.6341105609390996,chr2,72196500
51.375,0.9300531925869704,chr2,72695500
49.57941436767578,0.8769695806665228,chr2,73002500
47.65852737426758,0.6971727598995179,chr2,73557500
48.44218826293945,0.6562946361351492,chr2,73705500
46.367584228515625,0.8370278742832119,chr2,73750500
49.145694732666016,0.7865080726989089,chr2,73764500
48.70127487182617,0.6694892836811644,chr2,73904500
53.194786071777344,0.8710836894340145,chr2,73925500
33.41480255126953,0.7194978048936259,chr2,75409500
32.32780838012695,0.7743361164745245,chr2,75534500
42.13447570800781,0.7152204549558425,chr2,75717500
33.98976516723633,0.6354944676101708,chr2,76550500
22.60919189453125,0.606675008521092,chr2,76843500
27.853364944458008,0.6210164214865708,chr2,76918500
22.152820587158203,0.7543773793544141,chr2,77039500
24.516128540039062,0.7036664418417267,chr2,77059500
27.582664489746094,0.7432601225192527,chr2,77821500
22.730541229248047,0.8391198428050077,chr2,78052500
46.5795783996582,0.8297654482488962,chr2,78294500
45.07266998291016,0.8222598051454657,chr2,78486500
39.186256408691406,0.767112879639503,chr2,78861500
34.05426788330078,0.9186700405554534,chr2,79119500
23.720962524414062,0.832751257362955,chr2,79407500
26.74079704284668,0.6196727318118234,chr2,79491500
24.015748977661133,0.6915125737218347,chr2,79615500
26.58778381347656,0.668049364246951,chr2,79688500
28.879640579223636,0.60270226996689,chr2,79825500
47.6995849609375,0.6795665533465176,chr2,80424500
34.915374755859375,0.7183370281460957,chr2,80559500
22.4099063873291,0.7353081207009636,chr2,80851500
23.05652618408203,0.6948365769310025,chr2,81104500
20.783266067504883,0.7636150382277673,chr2,81145500
30.42949104309082,0.5849898285060431,chr2,81601500
23.71641540527344,0.7297454500706988,chr2,81953500
21.51632308959961,0.7860081436484324,chr2,82076500
19.67374038696289,0.7420901202938279,chr2,82133500
29.780595779418945,0.7525936718270317,chr2,82291500
32.91173553466797,0.7528090618018305,chr2,82729500
25.497547149658203,0.7156865927874838,chr2,82919500
23.032699584960938,0.7090279832492377,chr2,83874500
39.29199600219727,0.6565955405782472,chr2,84326500
36.25204849243164,0.7695378921296621,chr2,84353500
46.47876739501953,0.8316008106869297,chr2,84395500
38.95797729492188,0.8141832905722582,chr2,84681500
47.27023696899414,0.7364345441858722,chr2,84830500
54.14482879638672,0.9463895469769258,chr2,84969500
46.56772994995117,0.8108543408220138,chr2,85400500
50.40472412109375,0.8474543785582496,chr2,85949500
32.228240966796875,0.74009258797808,chr2,87401500
54.97444152832031,0.8732194507643829,chr2,88674500
51.01622772216797,0.839412943453823,chr2,88725500
25.45777130126953,0.6711514174291664,chr2,89068500
23.890701293945312,0.7933266635996479,chr2,89240500
25.727924346923828,0.7863824207236219,chr2,89624500
39.18583297729492,0.5938446269984895,chr2,89758500
29.739723205566406,0.6833714447874213,chr2,91996500
25.78293800354004,0.8239617444210375,chr2,94559500
38.6042366027832,0.7037621661138074,chr2,94901500
38.792293548583984,0.7208691619612164,chr2,94960500
36.06618881225586,0.9443706104688344,chr2,95819500
43.19200134277344,0.77578859271497,chr2,96142500
50.28289031982422,0.6453642768369614,chr2,96184500
52.01381301879883,0.7651564722102628,chr2,96414500
50.7041015625,0.7714589559193223,chr2,96746500
49.14304733276367,0.5736084900450849,chr2,96751500
47.51372909545898,0.8796766099799741,chr2,97116500
48.48786926269531,0.7638484678701855,chr2,97987500
42.8950424194336,0.8152683363576234,chr2,98131500
49.93978500366211,0.7863800251758387,chr2,99617500
40.347354888916016,0.6151588393133981,chr2,99965500
42.36233139038086,0.6479679433533233,chr2,101177500
44.32044982910156,0.7054071404468862,chr2,101350500
46.36479187011719,0.7818765965276807,chr2,102201500
49.33853912353516,0.8737230838829209,chr2,102310500
53.22200775146485,0.7489399991068519,chr2,102440500
32.24686813354492,0.7678946619179132,chr2,102571500
49.13284683227539,0.6262358358123904,chr2,103449500
32.458580017089844,0.688742367039501,chr2,103807500
25.953128814697266,0.6726314991393207,chr2,103999500
37.23054504394531,0.7317035893121067,chr2,104455500
31.675939559936523,0.6514000514905511,chr2,104672500
37.764041900634766,0.8256248585095781,chr2,104972500
47.65439224243164,0.8486619042894425,chr2,105289500
47.09762191772461,0.8265997798281832,chr2,105660500
44.30028533935547,0.7520998665756838,chr2,106028500
36.24756240844727,0.679003690282644,chr2,106322500
39.198612213134766,0.7012776969990286,chr2,106331500
39.41301727294922,0.6253724826280194,chr2,106544500
55.88972473144531,0.7903825837047804,chr2,107729500
55.289798736572266,0.876630158606722,chr2,108536500
48.42733383178711,0.7625497268273229,chr2,108557500
51.693267822265625,0.6578402243703758,chr2,108573500
36.73291015625,0.7498267099788559,chr2,110118500
43.34919738769531,0.466122811129581,chr2,110213500
46.3750114440918,0.6577965762424689,chr2,110727500
46.54343032836914,0.6980467703456446,chr2,111108500
46.13961791992188,0.644848356300325,chr2,112455500
49.81462097167969,0.5897275340336392,chr2,113138500
47.2483024597168,0.8387088473833523,chr2,113845500
29.57747459411621,0.680660762754892,chr2,115162500
27.213043212890625,0.8847487681917993,chr2,115839500
22.3756046295166,0.5723220565274643,chr2,116177500
25.989952087402344,0.6059566140235296,chr2,116287500
20.531572341918945,0.7955881667950095,chr2,117416500
22.294919967651367,0.7325210303790728,chr2,117500500
20.455522537231445,0.7614430142627391,chr2,117561500
41.371681213378906,0.663191013241363,chr2,117722500
36.8546257019043,0.7731570542362762,chr2,117914500
38.33552551269531,0.6798361513826439,chr2,118203500
42.52972412109375,0.7577851799095277,chr2,118463500
38.848968505859375,0.6320817141610212,chr2,118493500
37.89404678344727,0.796498589662583,chr2,119114500
50.04532623291016,0.722334228653027,chr2,119871500
47.34598922729492,0.8169798228770975,chr2,119943500
43.18794631958008,0.6374744412571494,chr2,121332500
49.74824523925781,0.6338741896640228,chr2,121473500
37.11360168457031,0.6265126867423213,chr2,121869500
22.10185432434082,0.749752022941201,chr2,122846500
22.74003028869629,0.7295296770232074,chr2,123142500
28.10157966613769,0.49669733053629517,chr2,123514500
20.43036651611328,0.7263235282934694,chr2,123725500
21.947906494140625,0.7564235279092109,chr2,124705500
26.23876953125,0.703743818502135,chr2,125103500
25.52932548522949,0.6395990283269664,chr2,125230500
21.678266525268555,0.6807648126731325,chr2,125385500
24.89358329772949,0.743665126193805,chr2,125537500
21.13275146484375,0.5616554711619597,chr2,125681500
22.51081275939941,0.4851569823941516,chr2,125737500
50.42542266845703,0.8013134238084741,chr2,127361500
40.60551452636719,0.6173448748179766,chr2,127657500
43.55350112915039,0.7864630575185398,chr2,127908500
47.7940788269043,0.7089817853693134,chr2,127932500
50.68041610717773,0.8357632139472352,chr2,128184500
42.897762298583984,0.8462668573055323,chr2,128394500
39.5909538269043,0.610263296897047,chr2,129427500
39.08809280395508,0.7557036691940554,chr2,129715500
36.3686637878418,0.6504902114887485,chr2,129911500
45.19760894775391,0.6409531189534411,chr2,130197500
31.39579200744629,0.5180918928286486,chr2,130280500
20.998950958251957,0.7485316027465287,chr2,130463500
46.73282623291016,0.833665166253489,chr2,131130500
51.02998733520508,0.8525755201561322,chr2,131639500
30.1635684967041,0.65360588039103,chr2,131920500
27.50472640991211,0.8528514022135201,chr2,132020500
39.44888687133789,0.6213133666894339,chr2,132423500
35.202972412109375,0.6274474489530124,chr2,132826500
35.133052825927734,0.6353393567360368,chr2,133605500
47.70694351196289,0.6072384646645774,chr2,134424500
43.59040069580078,0.5620220108766534,chr2,134670500
45.31557846069336,0.8054888963110984,chr2,134900500
47.3690185546875,0.7961865407627182,chr2,135116500
20.234031677246094,0.6141839382058645,chr2,137247500
41.1388053894043,0.788665262069445,chr2,138654500
41.713829040527344,0.7101710561779846,chr2,138660500
41.95068359375,0.5216199266509491,chr2,138685500
27.708784103393555,0.7688391332692142,chr2,139737500
23.772449493408203,0.7936522482987769,chr2,140311500
27.96269989013672,0.6204196633776125,chr2,140411500
21.950136184692383,0.6582576224423821,chr2,140943500
27.480451583862305,0.7737496889024359,chr2,141120500
21.88452911376953,0.7187289670370813,chr2,141719500
19.355653762817383,0.8192646775449721,chr2,141978500
23.33683967590332,0.7270385707526981,chr2,142562500
49.380950927734375,0.6902230710009524,chr2,143457500
46.88801574707031,0.7557362154884593,chr2,143516500
42.27493667602539,0.746863843252276,chr2,143836500
41.22029876708984,0.7303083994357905,chr2,143923500
49.82901763916016,0.8049429163979547,chr2,144078500
46.87853240966797,0.7198553022743959,chr2,144195500
50.86955642700195,0.8731500980513411,chr2,144368500
44.76518249511719,0.7510026462575246,chr2,144760500
47.25301742553711,0.54605860310645,chr2,144865500
44.11460876464844,0.9086849059018489,chr2,145939500
41.54212951660156,0.9069995894629803,chr2,146044500
26.44303703308105,0.788881794004676,chr2,146520500
21.74407196044922,0.6466282707415218,chr2,146568500
23.75570297241211,0.8016393427226748,chr2,147046500
35.3459587097168,0.6444786062605357,chr2,147600500
41.97480010986328,0.7191710702599936,chr2,147834500
41.47844314575195,0.7501556101452707,chr2,147863500
44.5188102722168,0.7768687076486269,chr2,148078500
44.39348220825195,0.6305600710721597,chr2,148278500
26.758337020874023,0.7295992477389068,chr2,149668500
47.11943054199219,0.8056504587016051,chr2,150177500
41.08591842651367,0.7955572103996715,chr2,152552500
26.74999046325684,0.7210870892146574,chr2,153005500
21.75189781188965,0.7114649268165736,chr2,153046500
22.45530891418457,0.6666874480662969,chr2,153230500
24.42022705078125,0.6199578639032852,chr2,153291500
24.829269409179688,0.7329449070414742,chr2,153692500
24.67102432250977,0.6713040335908352,chr2,153823500
22.86117553710937,0.7995690354189077,chr2,153904500
22.150691986083984,0.7488525206698801,chr2,153926500
24.400808334350582,0.8313528225206146,chr2,154197500
25.14315223693848,0.6920027653525054,chr2,154535500
26.92622375488281,0.7257789265249546,chr2,154620500
21.08135414123535,0.7927067627669433,chr2,154781500
22.61351585388184,0.8725039900834527,chr2,155071500
27.690963745117188,0.5963409334342761,chr2,155291500
30.4442138671875,0.796598541006868,chr2,155614500
21.600860595703125,0.8062317140796919,chr2,155816500
21.546009063720703,0.8034023727681272,chr2,155873500
33.22742462158203,0.476451922764333,chr2,155955500
26.357511520385746,0.7636648680313651,chr2,156122500
44.09267425537109,0.7920154150183355,chr2,156157500
42.7696647644043,0.7306478987468192,chr2,156202500
45.1158561706543,0.7983407574806686,chr2,156516500
38.853946685791016,0.7447944765194212,chr2,157638500
51.18138122558594,0.8405712896822146,chr2,157843500
45.38151550292969,0.7228623864030774,chr2,158112500
36.80810546875,0.8103463553660724,chr2,159979500
46.61878204345703,0.844728930816962,chr2,160044500
33.13239669799805,0.6893652637639218,chr2,160136500
36.41098785400391,0.5081857766621398,chr2,160245500
26.27146339416504,0.7535025371580378,chr2,160529500
26.96494483947754,0.7292458138564584,chr2,160721500
31.18073463439941,0.664402199417821,chr2,160933500
38.55647277832031,0.7418838974065411,chr2,161054500
35.803855895996094,0.6428809599741765,chr2,162030500
35.32609558105469,0.7580006778450318,chr2,162347500
27.44081687927246,0.7873860195964348,chr2,163127500
24.55812263488769,0.7414823633858456,chr2,164164500
28.545459747314453,0.7288738413397562,chr2,164710500
23.05271339416504,0.7873146363431123,chr2,165540500
25.97777366638184,0.7792320783087591,chr2,165662500
41.76469421386719,0.8181124727934843,chr2,165818500
41.28169250488281,0.7375018378246774,chr2,166543500
29.989133834838867,0.7529638531747962,chr2,166787500
22.92748069763184,0.6747150421540191,chr2,167507500
46.4923095703125,0.7567566019217071,chr2,167545500
37.40592193603516,0.7191605443400764,chr2,168196500
44.93806838989258,0.673487002025464,chr2,168328500
40.09197998046875,0.7740239428827813,chr2,168657500
50.08013916015625,0.7089782496513127,chr2,168767500
51.39864349365234,0.881933501004342,chr2,168880500
47.60643005371094,0.2602759879913321,chr2,169238500
42.395206451416016,0.7576997183558314,chr2,169267500
47.51266860961914,0.763597382403181,chr2,169284500
47.903099060058594,0.7228998486243632,chr2,169435500
44.9876594543457,0.6415292308742813,chr2,172118500
36.56608963012695,0.6855297300418549,chr2,172300500
51.06744766235352,0.6559421198524273,chr2,172598500
40.53034973144531,0.800251457224912,chr2,173004500
45.40376663208008,0.6974178815070224,chr2,173180500
39.77071762084961,0.698685681238469,chr2,173621500
48.010196685791016,0.8906175401216709,chr2,174108500
53.01642227172852,0.8897296963667604,chr2,174205500
39.4890251159668,0.6991565775829511,chr2,174434500
46.1883430480957,0.7388652251902958,chr2,174909500
46.96971130371094,0.8341318207714937,chr2,175105500
45.09259033203125,0.5449660392041491,chr2,175251500
39.55561065673828,0.6454809914603303,chr2,175663500
36.13575744628906,0.8248345427739678,chr2,175665500
35.6370735168457,0.786764034690219,chr2,176123500
39.3705940246582,0.6032467756313735,chr2,176457500
38.69261169433594,0.6801380269808207,chr2,176912500
51.68830490112305,0.9175959296439481,chr2,177227500
51.2806510925293,0.7413166305028444,chr2,177387500
48.898624420166016,0.8578383180347675,chr2,177666500
47.48842239379883,0.7511397557031837,chr2,178467500
53.114051818847656,0.8907081212861797,chr2,178498500
48.42574691772461,0.6222744364481045,chr2,178587500
33.87519454956055,0.5879117576367623,chr2,178948500
39.49629974365234,0.6739517018553686,chr2,178967500
33.9391975402832,0.6270760451939743,chr2,179196500
39.72394180297852,0.53260447828914,chr2,179307500
22.01152801513672,0.6574704915478686,chr2,179349500
32.15192413330078,0.7590648796542585,chr2,179516500
35.5452880859375,0.7362221939156379,chr2,179572500
27.3804988861084,0.47190323615305074,chr2,179587500
28.14061546325684,0.7983558520710567,chr2,180138500
26.793081283569336,0.8666185913881337,chr2,180311500
22.234031677246094,0.6644020506163459,chr2,180504500
54.58113479614258,0.5774256945832996,chr2,180695500
38.11234664916992,0.7269342089376762,chr2,180828500
26.47646713256836,0.8085625382683134,chr2,181216500
25.81014060974121,0.7547891449234299,chr2,181574500
42.03419876098633,0.8012831708789968,chr2,181718500
47.13905334472656,0.7270448675443906,chr2,181819500
40.05680084228516,0.7035493653257532,chr2,181869500
48.217323303222656,0.8545473163730376,chr2,182965500
24.311670303344727,0.7765532256083364,chr2,183687500
25.50175666809082,0.6491739819720096,chr2,184488500
43.414024353027344,0.8365751623461088,chr2,184617500
34.45112228393555,0.766433024420892,chr2,184683500
31.124313354492188,0.7907135766561848,chr2,184925500
27.26422119140625,0.7913620822189451,chr2,185708500
41.9940185546875,0.5245454349553724,chr2,187133500
40.08064270019531,0.7083489970838579,chr2,187871500
27.96272850036621,0.7776428392108137,chr2,188772500
49.85606002807617,0.7244011536565114,chr2,189544500
54.8962287902832,0.9858280158267393,chr2,189784500
46.01454162597656,0.7646379331147845,chr2,190132500
51.40422821044922,0.8687288364214836,chr2,191616500
26.878734588623047,0.83207133898149,chr2,193229500
26.64455223083496,0.9021353809015535,chr2,193859500
25.54215240478516,0.7665448887121895,chr2,194480500
22.12152099609375,0.7683942512940933,chr2,194981500
39.17136764526367,0.8036402326336726,chr2,195260500
51.24707794189453,0.7705291410714509,chr2,195343500
50.33197021484375,0.8066270239342576,chr2,195453500
42.275535583496094,0.7299790621447676,chr2,195905500
49.44127655029297,0.8960156224522187,chr2,196363500
35.427635192871094,0.6936447013054694,chr2,196881500
35.31955337524414,0.6950232514834171,chr2,196897500
32.76121520996094,0.7930751255694845,chr2,197049500
31.89238548278809,0.583237334856943,chr2,197085500
47.62763977050781,0.751977771396243,chr2,197761500
51.50630569458008,0.5567424477329777,chr2,197842500
38.09418869018555,0.7660803077307043,chr2,198272500
30.856231689453125,0.9311400457141388,chr2,198541500
55.16348648071289,0.9382099476746989,chr2,199452500
36.115478515625,0.4735078323812312,chr2,199618500
38.77402877807617,0.48915571993185647,chr2,199731500
36.017372131347656,0.6545986054513857,chr2,199873500
34.101806640625,0.7905812054504983,chr2,199885500
44.26180648803711,0.7044074439428798,chr2,200189500
38.85812759399414,0.6276863749249049,chr2,200674500
46.74661636352539,0.8941984358311521,chr2,200927500
41.19484329223633,0.7283209333616477,chr2,201002500
41.68816757202149,0.6401100468629912,chr2,201007500
56.2993049621582,0.8348862982741425,chr2,201407500
47.65752410888672,0.8208222302919375,chr2,201666500
41.94631576538086,0.7359751625632975,chr2,201945500
52.46443939208984,0.8818248188317277,chr2,202239500
43.07598114013672,0.7968403975395029,chr2,202798500
48.27181625366211,0.9342379115300856,chr2,203074500
32.273963928222656,0.6114701338877157,chr2,203988500
35.06470489501953,0.7487932692083472,chr2,204223500
47.29664611816406,0.8082878118791171,chr2,204420500
40.7745246887207,0.5231256856204602,chr2,204888500
38.57950210571289,0.6905528714915654,chr2,205713500
45.27294921875,0.8588053515833567,chr2,206111500
42.379241943359375,0.8946519789241155,chr2,206128500
43.83852005004883,0.6783665336655682,chr2,206200500
40.430084228515625,0.7426034472220564,chr2,206424500
35.711570739746094,0.7628649053080624,chr2,206459500
41.6191635131836,0.7862345893457412,chr2,206480500
35.330589294433594,0.5955800782752456,chr2,206638500
35.26445770263672,0.6219598214294004,chr2,206679500
32.51670455932617,0.7130604848071775,chr2,206962500
39.42811965942383,0.7530153721561779,chr2,207216500
48.84642791748047,0.8230985847017849,chr2,208558500
51.36298751831055,0.8857117943550356,chr2,208928500
34.96281051635742,0.7410920453084021,chr2,208961500
39.76011657714844,0.8205052145342914,chr2,209421500
26.0661563873291,0.8764006425633355,chr2,209752500
28.92719841003418,0.6716877329677446,chr2,209836500
40.312381744384766,0.7967547265608407,chr2,209977500
26.2634334564209,0.7766945572305435,chr2,210404500
27.428340911865234,0.6980720068690283,chr2,211456500
23.36976623535156,0.814212681887297,chr2,211707500
26.32006072998047,0.6988091423068565,chr2,212209500
25.482881546020508,0.5946381915037273,chr2,212354500
26.39798355102539,0.6179997814407485,chr2,213210500
24.41570281982422,0.7036370586761456,chr2,214240500
36.53831100463867,0.766611804408006,chr2,214530500
36.57072067260742,0.6276711750423689,chr2,214898500
46.08776473999024,0.7224282707500012,chr2,215644500
39.7762336730957,0.7953521369706567,chr2,216429500
42.37303161621094,0.8251978453484965,chr2,216825500
48.57946395874024,0.8366241698808846,chr2,216871500
38.64579391479492,0.6929170466993253,chr2,217914500
39.42455673217773,0.452189374310244,chr2,218023500
33.51179504394531,0.5882613346299466,chr2,219820500
30.76543426513672,0.690175167029435,chr2,220427500
26.96536064147949,0.6196175784251335,chr2,220623500
25.91552734375,0.7786770828376091,chr2,220852500
29.779943466186523,0.6746495923251752,chr2,221993500
30.61052894592285,0.7282423705645467,chr2,222000500
32.22103500366211,0.4464701627633394,chr2,222048500
34.94149398803711,0.886108813428125,chr2,222436500
50.010555267333984,0.7160240714819268,chr2,222824500
55.746768951416016,0.822336017641592,chr2,222877500
37.0356674194336,0.8188647571098562,chr2,223185500
28.02181625366211,0.6596177792992599,chr2,223368500
36.25335693359375,0.5546367012152962,chr2,224321500
21.299877166748047,0.678968255252465,chr2,226192500
28.43208312988281,0.7792884423895413,chr2,226480500
38.650726318359375,0.7362665202003146,chr2,226670500
23.177810668945312,0.908680390567074,chr2,229288500
23.017784118652344,0.8004518029976326,chr2,229376500
33.54974365234375,0.5362301995717051,chr2,229672500
48.49935150146485,0.7934423248207565,chr2,229884500
47.52589797973633,0.5332253645360585,chr2,229927500
28.95092010498047,0.3007227890031835,chr2,230113500
35.871925354003906,0.9001496910299415,chr2,230196500
38.9085578918457,0.8685003588547104,chr2,230504500
46.6225814819336,0.8911393566953246,chr2,230803500
37.07346725463867,0.7107613861774384,chr2,230938500
42.47527694702149,0.6701389970480471,chr2,231593500
42.61725997924805,0.8593965833938146,chr2,231914500
42.97376251220703,0.7687884095545934,chr2,231977500
45.30257034301758,0.7039598938238993,chr2,232557500
38.70270156860352,0.5899649887114241,chr2,232906500
45.22113800048828,0.7681452432523497,chr2,233015500
38.69961166381836,0.7139543798901089,chr2,233603500
35.66328811645508,0.720876369357118,chr2,234141500
31.127613067626957,0.5862602251128206,chr2,234922500
29.39498519897461,0.5634021862409027,chr2,235018500
38.169071197509766,0.6640482392525426,chr2,235324500
49.13697052001953,0.9525603822818045,chr2,235541500
47.13559722900391,0.8971818645019772,chr2,235745500
39.17572021484375,0.693124333544658,chr2,235778500
28.499061584472656,0.6153367615739326,chr2,236629500
32.593780517578125,0.818358765008374,chr2,236756500
38.1150016784668,0.7532416187148093,chr2,237182500
35.124595642089844,0.7721401275266138,chr2,237782500
39.62880325317383,0.7923480564598182,chr2,237809500
44.69348907470703,0.6771813494517127,chr2,238117500
39.77122116088867,0.6264276445688471,chr2,238505500
34.19376373291016,0.607771950559191,chr2,238727500
35.04388427734375,0.5455994894344346,chr2,238779500
37.71699142456055,0.7417962823032336,chr2,239376500
32.6007194519043,0.8103350741336244,chr2,239627500
46.44947814941406,0.9294948564143766,chr2,239910500
38.02558898925781,0.664142840561772,chr2,240037500
32.401180267333984,0.630697503394531,chr2,240421500
22.92329978942871,0.7485316027465287,chr2,240694500
39.17440414428711,0.8635711403291277,chr2,241902500
21.01573944091797,0.5385493817647573,chr3,449500
22.161407470703125,0.8315642565491992,chr3,498500
23.286449432373047,0.6573926597370781,chr3,671500
22.166170120239254,0.6814286787348474,chr3,877500
21.09966087341309,0.7006437174172591,chr3,1763500
22.440326690673828,0.799571661177134,chr3,2134500
23.705934524536133,0.908962538975693,chr3,2399500
21.15976333618164,0.6328448220062806,chr3,2821500
24.238962173461918,0.7696189222320162,chr3,3841500
50.08664321899414,0.7860192941005639,chr3,4566500
34.73708724975586,0.5007786250167146,chr3,4917500
52.25089263916016,0.8248214477790408,chr3,5138500
46.63883972167969,0.8434542123406024,chr3,6444500
39.44826126098633,0.8878158570602905,chr3,6652500
22.85883903503418,0.8250592208019849,chr3,6953500
22.13396644592285,0.7152010663442457,chr3,6958500
23.412250518798828,0.7478242179276763,chr3,7013500
24.57041358947754,0.8281190323476245,chr3,7113500
24.029205322265625,0.7473367837588145,chr3,7145500
23.712345123291016,0.8144873134808805,chr3,7203500
20.438892364501957,0.7721675459469417,chr3,7256500
28.63861846923828,0.7047705353286118,chr3,7425500
25.306856155395508,0.7468860766475601,chr3,7579500
22.80755043029785,0.7350251960842529,chr3,7726500
23.342449188232425,0.6384019350666437,chr3,8113500
44.524295806884766,0.6648573848747027,chr3,8793500
46.00832748413086,0.8077202037403023,chr3,8947500
46.64314270019531,0.767437321538886,chr3,9080500
42.15723037719727,0.6568188730477557,chr3,9157500
41.280757904052734,0.7804739751539999,chr3,9222500
41.79228973388672,0.7248031920784206,chr3,9259500
44.01639175415039,0.7567230317660368,chr3,10373500
42.93464660644531,0.7345919984737777,chr3,10423500
45.21450805664063,0.6849614429213413,chr3,10964500
40.58116912841797,0.7497130930748516,chr3,11009500
43.511680603027344,0.75985770964489,chr3,11690500
49.11344909667969,0.7262962350318791,chr3,11768500
34.35000991821289,0.5897576045297892,chr3,11885500
36.03126525878906,0.768744895587873,chr3,12084500
49.04411315917969,0.8008340703764889,chr3,12830500
39.67419052124024,0.7277526295831184,chr3,13045500
36.16038131713867,0.6980374683291739,chr3,13175500
40.854610443115234,0.7853241524747032,chr3,13195500
42.487152099609375,0.7779330719236388,chr3,13657500
53.410911560058594,0.9664978164467706,chr3,14231500
48.83858108520508,0.7024624396473513,chr3,14328500
41.3824462890625,0.6856711226995384,chr3,14585500
41.4432258605957,0.6537731222349669,chr3,14866500
43.959449768066406,0.7785549319028862,chr3,15175500
47.12393951416016,0.4474535664149204,chr3,15898500
45.43000411987305,0.7283265918112016,chr3,16145500
42.76484680175781,0.748134670061726,chr3,16440500
44.07818984985352,0.7072279930334067,chr3,16709500
41.06508255004883,0.7689644281882457,chr3,16943500
42.56794357299805,0.7966051396101608,chr3,17208500
45.622066497802734,0.842525936865967,chr3,17212500
45.59841537475586,0.8259680789653652,chr3,17371500
42.35820388793945,0.8096439841696691,chr3,17408500
45.26457977294922,0.7642205028811764,chr3,17466500
42.25770950317383,0.7028956220791587,chr3,17828500
42.68509292602539,0.6103458740943328,chr3,18009500
21.69378089904785,0.6515392857320458,chr3,18683500
26.34690284729004,0.6683828543057704,chr3,18713500
22.44330406188965,0.7274600000029334,chr3,19247500
23.43506622314453,0.8012232499011936,chr3,19436500
23.741840362548828,0.7618183286125987,chr3,19517500
34.87630844116211,0.7781383904363036,chr3,19769500
27.69590187072754,0.5173478061806225,chr3,22067500
21.751628875732425,0.7881724478075804,chr3,22437500
23.4042911529541,0.6515353504587914,chr3,22489500
24.36693000793457,0.750891281515491,chr3,22724500
26.74897003173828,0.7676686613637724,chr3,22804500
34.171348571777344,0.6910262839449084,chr3,22980500
21.701778411865234,0.7876861958759946,chr3,23251500
30.77413558959961,0.6897874836589091,chr3,23350500
44.03466033935547,0.4344097546163169,chr3,23690500
42.05202102661133,0.7330652936794081,chr3,23792500
50.94818878173828,0.927700923527645,chr3,23845500
42.94750213623047,0.7616515761547911,chr3,23996500
49.9691162109375,0.6642676052522853,chr3,24515500
52.832820892333984,0.527380809833593,chr3,24578500
22.27935791015625,0.8154783290797247,chr3,25013500
23.663461685180664,0.8423435078540349,chr3,25102500
33.29673385620117,0.5641283596730681,chr3,25200500
31.926862716674805,0.8432961967096564,chr3,25370500
36.82671356201172,0.663085953946134,chr3,25374500
49.4045524597168,0.8622789027402793,chr3,25647500
38.47871017456055,0.5139644789705409,chr3,25879500
23.2212028503418,0.6567774623129345,chr3,26117500
25.0288200378418,0.6552680293425626,chr3,26503500
21.803768157958984,0.7119726852186684,chr3,26864500
28.11483192443848,0.644224307467416,chr3,27149500
40.47502517700195,0.491729426883986,chr3,27488500
37.34035110473633,0.7189529866519949,chr3,27554500
44.421573638916016,0.7374971875744818,chr3,27591500
30.85587310791016,0.8374637468301991,chr3,27846500
22.720766067504883,0.6173783144270923,chr3,29201500
30.51520729064941,0.5810409727776797,chr3,29788500
27.01469612121582,0.626028498432952,chr3,29919500
26.212522506713867,0.6992913646864574,chr3,30877500
23.41687774658203,0.6952186776957314,chr3,30887500
22.584692001342773,0.8306173656566972,chr3,30958500
43.14848327636719,0.7189349858465699,chr3,31720500
45.13922882080078,0.7583536779807176,chr3,31796500
43.86246490478516,0.7119912272887974,chr3,31810500
35.30255889892578,0.48077397161621327,chr3,32265500
51.93976593017578,0.9101287123645481,chr3,32577500
53.85732269287109,0.9720433427516388,chr3,34056500
42.637481689453125,0.6913010754488618,chr3,34129500
34.822044372558594,0.7778491093293318,chr3,34380500
31.471391677856445,0.834680305643159,chr3,34644500
22.448909759521484,0.7868927202724496,chr3,35137500
29.202465057373047,0.7419916377021284,chr3,35230500
20.27373313903809,0.6840571367792421,chr3,35419500
23.18232536315918,0.794212666262786,chr3,35525500
26.38132095336914,0.85778232052709,chr3,35688500
24.4311466217041,0.8325163595328572,chr3,35861500
25.08253669738769,0.7202524173755469,chr3,36563500
41.668243408203125,0.7442076457795832,chr3,36782500
53.958683013916016,0.7668863400902795,chr3,36913500
53.60353469848633,0.7611848781464698,chr3,37239500
45.28321075439453,0.7924821646187713,chr3,37965500
40.177188873291016,0.8228503280349844,chr3,38321500
43.24092102050781,0.7252970062633561,chr3,39373500
42.14420700073242,0.658108937959857,chr3,39764500
38.5102653503418,0.7775986635259731,chr3,39819500
46.22378158569336,0.6320662845498748,chr3,39986500
46.99244689941406,0.8304419821551577,chr3,40540500
47.23038482666016,0.7856750823809657,chr3,41719500
42.55312347412109,0.7788322812610433,chr3,42094500
43.40841293334961,0.7414684673143034,chr3,42315500
46.66934585571289,0.7913993364429022,chr3,42643500
51.10981750488281,0.8746330919233234,chr3,42785500
44.34211730957031,0.7880839888658,chr3,43274500
43.403133392333984,0.6811880763055738,chr3,44816500
23.595985412597656,0.9083746623366026,chr3,44836500
54.24533081054688,0.9066369466814481,chr3,44966500
54.39874267578125,0.9302308367555796,chr3,45107500
52.93516159057617,0.7882454533204251,chr3,45125500
53.04518508911133,0.912470614848872,chr3,45144500
49.86298370361328,0.8339660538692406,chr3,45610500
48.04390335083008,0.6585369732503018,chr3,45713500
46.067813873291016,0.7951036842318444,chr3,46053500
39.88508605957031,0.7375606677461024,chr3,46178500
43.209903717041016,0.8056918124574115,chr3,46723500
46.0443115234375,0.7092628464505704,chr3,47003500
49.36286926269531,0.8285255702279186,chr3,47341500
50.68776321411133,0.8950283960565257,chr3,47394500
47.01774978637695,0.7575921788278017,chr3,47623500
45.96633529663086,0.9540228487383074,chr3,48272500
46.50851440429688,0.7879282309834873,chr3,48275500
43.251953125,0.6689395910204862,chr3,48362500
52.49042892456055,0.9106479362628684,chr3,48795500
49.50596237182617,0.7627281605193463,chr3,48986500
53.463775634765625,0.9855062307033867,chr3,49019500
52.37339019775391,0.8909508797889354,chr3,49497500
49.82994842529297,0.8620335397884414,chr3,50054500
51.92698287963867,0.9862285936066112,chr3,50292500
47.11346435546875,0.7228884595826996,chr3,50519500
48.46725082397461,0.7698490098436739,chr3,50554500
36.14055252075195,0.6626358442285338,chr3,50710500
34.000816345214844,0.7409494964290555,chr3,51237500
45.60186767578125,0.9588499015950266,chr3,51403500
42.21431350708008,0.7135376621441452,chr3,52353500
50.674747467041016,0.9137463363295074,chr3,53164500
47.45045471191406,0.6501702455856939,chr3,53342500
32.80821990966797,0.7999875050846946,chr3,54013500
33.163238525390625,0.6513751252443472,chr3,54174500
32.6515998840332,0.6284931772997371,chr3,54444500
38.29560852050781,0.5834052523797981,chr3,54918500
34.35472106933594,0.6880365325342495,chr3,55664500
31.533639907836918,0.5675174433317411,chr3,55928500
33.79267120361328,0.5750073270875369,chr3,56501500
44.83481597900391,0.7800577650432974,chr3,56712500
38.2146110534668,0.5695640745661343,chr3,56863500
41.89181137084961,0.568452305211506,chr3,57155500
45.80424118041992,0.6745733755380228,chr3,57396500
53.26763153076172,0.9866883165723477,chr3,57557500
50.20678329467773,0.7261030619721531,chr3,58013500
50.21455383300781,0.7170255709778159,chr3,58027500
49.42455291748047,0.8335497442595947,chr3,58183500
38.11974334716797,0.7293476446075708,chr3,58937500
37.02233505249024,0.7176848057410561,chr3,59239500
31.132516860961918,0.5787613868232555,chr3,59624500
36.39458465576172,0.6840223391732809,chr3,59674500
38.92631530761719,0.6480213711436222,chr3,61165500
28.40694236755371,0.45032969142119583,chr3,61205500
47.57444763183594,0.6623849258726426,chr3,61247500
36.40352249145508,0.5868021940730421,chr3,61352500
32.10768127441406,0.788753001378763,chr3,61788500
42.14910507202149,0.7987397803290402,chr3,62943500
31.354955673217773,0.6922681437074851,chr3,63135500
36.5681266784668,0.6260420740333263,chr3,63759500
33.35554885864258,0.4997817602621084,chr3,64116500
31.44919776916504,0.7245373922765794,chr3,64387500
40.937137603759766,0.7177920302486396,chr3,64844500
44.12732696533203,0.6790043176135352,chr3,64985500
40.2320442199707,0.6046837667134194,chr3,65211500
55.72328186035156,0.9922256816095009,chr3,65600500
50.8677978515625,0.8294249097216267,chr3,65656500
35.169288635253906,0.661581223201191,chr3,65989500
36.263580322265625,0.6917193229585318,chr3,66322500
41.56055450439453,0.846165671445495,chr3,66368500
33.6923713684082,0.6283452840401924,chr3,66582500
39.48290252685547,0.753704079378788,chr3,66706500
37.28816986083984,0.4572949152957554,chr3,66742500
24.704818725585938,0.8573366284667525,chr3,66770500
46.40236282348633,0.7449902469532079,chr3,66983500
37.14851379394531,0.613713941373819,chr3,67093500
44.18807601928711,0.5497390850985836,chr3,67659500
31.67112159729004,0.7748126229174495,chr3,67723500
27.498947143554688,0.7580682654229397,chr3,68009500
25.56316947937012,0.6922748707714514,chr3,68012500
26.70565795898437,0.7018408130035185,chr3,68030500
26.29221534729004,0.9097371853643933,chr3,68246500
23.619728088378903,0.7107595267392304,chr3,68544500
40.45603942871094,0.6998815062050459,chr3,69512500
52.26727294921875,0.8971819219468786,chr3,71234500
50.1609992980957,0.7152562019765966,chr3,71317500
44.355106353759766,0.8396443327517313,chr3,71440500
50.311370849609375,0.6901036028606069,chr3,71453500
45.52463912963867,0.7561309097203124,chr3,71764500
40.62739181518555,0.7303796833700664,chr3,71945500
47.61344909667969,0.8056991418504698,chr3,72076500
54.0395622253418,0.9306259572648237,chr3,72189500
50.68202590942383,0.8673873257628982,chr3,73005500
34.57756805419922,0.5469156153091127,chr3,73429500
36.884525299072266,0.7058584422942293,chr3,73529500
29.283201217651367,0.7381977750174786,chr3,74090500
27.52754592895508,0.9308624307433273,chr3,74760500
27.776782989501957,0.7500008603022225,chr3,74992500
23.767236709594727,0.9224259367089378,chr3,75039500
23.98847198486328,0.7108694497288088,chr3,76199500
26.8883056640625,0.7924291042668619,chr3,76327500
42.37635040283203,0.879524019882256,chr3,77210500
40.44915390014648,0.6639615216199044,chr3,77247500
38.84602355957031,0.8106211187321128,chr3,77264500
28.385404586791992,0.7229871329482827,chr3,77490500
34.40232467651367,0.7539439016434832,chr3,77606500
25.279624938964844,0.8191638906040918,chr3,78049500
29.976205825805664,0.7448449012002539,chr3,78128500
23.498565673828125,0.4003553794310998,chr3,78397500
31.03362274169922,0.9117102830367649,chr3,78615500
27.80377769470215,0.7614338738686485,chr3,78819500
27.119508743286133,0.5992909830813428,chr3,78857500
27.088886260986328,0.7875330931863712,chr3,79274500
21.23494911193848,0.7492288401124736,chr3,79456500
28.5485954284668,0.6231282266157461,chr3,79511500
24.90930557250977,0.5794139511829113,chr3,79587500
26.27287101745605,0.856210385180118,chr3,79849500
24.310657501220703,0.7064041047433491,chr3,80101500
25.60704803466797,0.8908702248487415,chr3,80276500
26.802623748779297,0.725244477215864,chr3,80380500
33.54413986206055,0.8744959873965266,chr3,80780500
23.618667602539062,0.6177231817675761,chr3,80945500
49.40487289428711,0.8056238064552126,chr3,81542500
26.350008010864254,0.8671994685003552,chr3,82699500
23.60943984985352,0.7367893325241022,chr3,83015500
29.30704498291016,0.5679273000849127,chr3,83142500
25.23542594909668,0.7523206444594779,chr3,83487500
22.379470825195312,0.7951194167476465,chr3,83808500
35.89992141723633,0.5957917193367759,chr3,84333500
32.04738235473633,0.7588515890004562,chr3,84392500
23.867206573486328,0.7725188615671853,chr3,84683500
44.30382537841797,0.7502924629130989,chr3,85476500
22.2810001373291,0.8259684768138845,chr3,85736500
25.286651611328125,0.6600029056597931,chr3,85899500
22.555652618408203,0.7658468908889069,chr3,85994500
25.046794891357425,0.7887423666152298,chr3,86058500
33.64316177368164,0.7701718708608011,chr3,86830500
28.46850204467773,0.8025632971787102,chr3,86901500
33.84063720703125,0.7352502224638102,chr3,87635500
32.947547912597656,0.8628808101770783,chr3,87862500
36.79314041137695,0.7777887493555733,chr3,88232500
25.18324089050293,0.7720325477669829,chr3,88437500
26.94434928894043,0.8538065466925114,chr3,89146500
26.586257934570312,0.8993523505353276,chr3,89501500
25.207910537719727,0.8895590644090605,chr3,89636500
23.78066635131836,0.6490425923267933,chr3,90543500
43.46404266357422,0.7871371012989358,chr3,94088500
25.84437561035156,0.7464358923811826,chr3,94739500
30.21202278137207,0.62244220360541,chr3,95107500
28.321022033691406,0.9274994378879953,chr3,95231500
26.51613998413086,0.7117028930959087,chr3,95817500
26.22942924499512,0.8416765470129814,chr3,96853500
26.19757652282715,0.6002347436862607,chr3,97555500
50.43115615844727,0.7731292966619447,chr3,97766500
38.739559173583984,0.5218782567187563,chr3,98652500
43.18107986450195,0.7432847979873088,chr3,98982500
25.61138153076172,0.8061972858388688,chr3,99136500
28.679838180541992,0.8306691067375181,chr3,99368500
32.179954528808594,0.7384140138871281,chr3,99489500
53.25091171264648,0.8320590724364476,chr3,101522500
54.68367767333984,0.9884641237541075,chr3,101638500
34.05759048461914,0.6327564163977007,chr3,102189500
27.53335952758789,0.7234498591897899,chr3,103032500
21.5759334564209,0.6099392967703527,chr3,103327500
26.672361373901367,0.59403930803986,chr3,103490500
24.408714294433597,0.6298519640175114,chr3,103680500
19.902023315429688,0.6914681887331628,chr3,104168500
28.987314224243164,0.7005103070739522,chr3,104198500
43.08257293701172,0.8580830986601851,chr3,105834500
55.4822998046875,0.9930439102868567,chr3,105868500
39.14475631713867,0.5930151750635881,chr3,106247500
25.32323837280273,0.7774851332284253,chr3,106642500
31.416696548461918,0.6792283554028575,chr3,106847500
38.10619354248047,0.7016261017357506,chr3,107483500
48.46611022949219,0.7342533238299299,chr3,108154500
41.07719039916992,0.7429244253104603,chr3,108167500
37.92054748535156,0.7654058909861171,chr3,108308500
34.63590240478516,0.7650666633225605,chr3,108431500
34.114280700683594,0.6094646259699408,chr3,108448500
40.47735595703125,0.8873188924720151,chr3,108463500
31.20827293395996,0.3235018091157992,chr3,109240500
23.854990005493164,0.741222003600403,chr3,109598500
28.069231033325195,0.6126606943186211,chr3,109831500
26.96125602722168,0.8028953256725834,chr3,110226500
26.0275821685791,0.8943006735690797,chr3,110282500
41.9272689819336,0.6692832177471515,chr3,110428500
38.02335739135742,0.7649321052841793,chr3,110658500
29.316722869873047,0.549330922021423,chr3,111046500
44.54693984985352,0.7615935765076969,chr3,112107500
48.35343170166016,0.7430023756501802,chr3,113498500
37.67952346801758,0.6583674889734445,chr3,113585500
46.14170837402344,0.7200924650068843,chr3,113804500
36.76520156860352,0.715739824464155,chr3,113926500
36.07597732543945,0.6531785649241046,chr3,114128500
28.709821701049805,0.8357376304171114,chr3,117015500
24.958585739135746,0.648930276734752,chr3,117680500
23.26075553894043,0.8341507218441001,chr3,117827500
27.21605682373047,0.7210332169175607,chr3,118168500
39.56057357788086,0.7544567790472281,chr3,118496500
41.19365310668945,0.5959674650189215,chr3,118817500
32.527862548828125,0.7130241867409561,chr3,118858500
38.71930313110352,0.8920072874349986,chr3,119168500
44.65333557128906,0.8005624277060537,chr3,119188500
27.010791778564453,0.4776869480484255,chr3,119282500
38.58995056152344,0.7862480281570812,chr3,119739500
39.1123046875,0.7535601717339598,chr3,120189500
34.882015228271484,0.7786810231557205,chr3,120231500
49.72637939453125,0.7945280003309501,chr3,120591500
32.546661376953125,0.5325067433573607,chr3,121109500
28.92019271850586,0.7864930949953961,chr3,121382500
42.28221893310547,0.6510052734097582,chr3,121564500
42.593563079833984,0.766830919933557,chr3,121615500
32.39357376098633,0.5666741249599239,chr3,122288500
36.44469833374024,0.7518309577364679,chr3,122345500
39.61100006103516,0.6060554911960813,chr3,122856500
45.00087738037109,0.8140040085202238,chr3,122896500
37.37553024291992,0.7550125403747397,chr3,122992500
39.27076721191406,0.9102981455449825,chr3,123116500
37.15357971191406,0.7712189048484269,chr3,123413500
37.85438537597656,0.5537500223510203,chr3,123464500
38.6757926940918,0.7176875176587405,chr3,123813500
33.72801208496094,0.6762350765224067,chr3,123845500
36.33749008178711,0.7115254840193261,chr3,124294500
50.67461395263672,0.663334514409395,chr3,124594500
41.851409912109375,0.5788231383941337,chr3,125192500
30.671911239624023,0.7822105873042653,chr3,126236500
50.76763916015625,0.7969060698694217,chr3,126574500
45.618614196777344,0.7718830064301878,chr3,126810500
48.14972305297852,0.5657304928164623,chr3,126828500
40.24408721923828,0.779239088458673,chr3,127016500
31.294870376586918,0.8421730267757306,chr3,127354500
53.23666763305664,0.8140065949245705,chr3,128338500
50.7652702331543,0.8369490733404793,chr3,128478500
50.95492172241211,0.6707784224965891,chr3,128721500
50.04243850708008,0.7506982357445495,chr3,129013500
43.38541030883789,0.7210356698796725,chr3,129493500
39.49631881713867,0.6061335903622795,chr3,130009500
50.035770416259766,0.678835866988033,chr3,130440500
41.19252395629883,0.7709067313014037,chr3,130506500
49.24788665771485,0.43560876215021904,chr3,130522500
45.45946502685547,0.8615776281148533,chr3,131031500
34.359107971191406,0.4481066231221025,chr3,131298500
43.81724548339844,0.814600628202004,chr3,131454500
34.7156867980957,0.6264672438957297,chr3,131577500
31.286155700683597,0.4996891653472071,chr3,131689500
38.881080627441406,0.7181172483143975,chr3,132303500
40.47094345092773,0.596386708968462,chr3,133362500
47.002716064453125,0.6370327145823382,chr3,133757500
45.20972442626953,0.6916565182979599,chr3,133795500
49.69978713989258,0.7307104362957402,chr3,134221500
35.3620719909668,0.7334365582015121,chr3,135048500
30.76607894897461,0.6358480559891255,chr3,135201500
33.70940017700195,0.7405889828780587,chr3,135810500
40.71870422363281,0.7091194792163237,chr3,136082500
52.54475784301758,0.8532193280095928,chr3,136165500
45.03854370117188,0.7122143900588579,chr3,136315500
51.140586853027344,0.8196640656072212,chr3,136658500
52.20092010498047,0.8781295412178869,chr3,136952500
48.84820556640625,0.8386242258597636,chr3,136962500
39.62975311279297,0.7069394606247803,chr3,137061500
23.88534927368164,0.7526727946427951,chr3,137403500
26.857030868530277,0.5757291127125859,chr3,137439500
25.50497055053711,0.5799733783162064,chr3,137485500
37.078880310058594,0.7096015849951457,chr3,137856500
36.270774841308594,0.5863040876543588,chr3,137996500
53.0066032409668,0.7324364905418437,chr3,138330500
42.66926574707031,0.6242763896667386,chr3,138644500
48.099552154541016,0.5817028862937779,chr3,139101500
41.020606994628906,0.4863537192315094,chr3,139584500
42.15608978271485,0.6898879748898428,chr3,140161500
35.08958435058594,0.743031958243642,chr3,140678500
36.878196716308594,0.6047394036963584,chr3,140780500
39.23882293701172,0.8115648635772187,chr3,141061500
53.48844909667969,0.8882716884479598,chr3,141455500
47.48440933227539,0.8802895124191484,chr3,141563500
46.13258361816406,0.6758701096881855,chr3,141638500
50.078800201416016,0.6961794189109995,chr3,141711500
52.51347351074219,0.89996062607275,chr3,141803500
46.06570053100586,0.8104248049154035,chr3,142325500
47.07460784912109,0.7614649945814763,chr3,142718500
53.71636581420898,0.9352327776102789,chr3,143973500
22.757566452026367,0.7511644626835869,chr3,144824500
21.0444393157959,0.620349476443697,chr3,145283500
27.904808044433597,0.7536285261357981,chr3,145382500
21.719402313232425,0.6776142847003624,chr3,145504500
23.729774475097656,0.7802218775425904,chr3,146678500
22.52326011657715,0.6019279381842265,chr3,147048500
33.426048278808594,0.7597775143272574,chr3,147180500
23.38951110839844,0.7691932167431831,chr3,147666500
23.84845352172852,0.7879653801118304,chr3,147987500
22.39494132995605,0.8406997454764477,chr3,148030500
36.71392822265625,0.7953014571153667,chr3,148898500
49.42581558227539,0.5436986638331125,chr3,149573500
38.83112716674805,0.7650978136964816,chr3,149599500
41.48234558105469,0.7311720686530901,chr3,149964500
45.72602462768555,0.9857044715234858,chr3,149971500
49.25871658325195,0.8507604586976238,chr3,150249500
40.85056686401367,0.729254656889379,chr3,151163500
43.62031936645508,0.7344110520801042,chr3,151321500
50.09481048583984,0.5879410932880393,chr3,151784500
49.953216552734375,0.6980798525165417,chr3,151797500
52.1284408569336,0.699499490409117,chr3,151873500
47.79158782958984,0.7649110197128888,chr3,151916500
47.2235221862793,0.6902365849397298,chr3,151949500
47.19479370117188,0.8302834480184562,chr3,151987500
48.0112533569336,0.7491955854173107,chr3,151997500
50.44108581542969,0.7058788249175867,chr3,153279500
55.01617050170898,0.9402160257116923,chr3,153285500
50.37399291992188,0.7762219876962747,chr3,153411500
36.577392578125,0.7047049404667998,chr3,154081500
40.34606170654297,0.6228839886642312,chr3,154113500
46.192604064941406,0.679907816499527,chr3,154344500
41.10686111450195,0.8539213933540866,chr3,155520500
47.33500289916992,0.7227214133579887,chr3,155647500
43.168582916259766,0.830081318938009,chr3,155689500
47.0760612487793,0.6886095781212929,chr3,155996500
40.88995742797852,0.8105592308122643,chr3,156024500
47.59360885620117,0.7659869917130919,chr3,156998500
53.28489685058594,0.718771056234676,chr3,157102500
49.38625717163086,0.686331658614554,chr3,157467500
44.17984390258789,0.7410986099458343,chr3,157545500
39.815895080566406,0.6875266250102826,chr3,157677500
47.74784851074219,0.7795421780529415,chr3,158763500
22.64024543762207,0.6684183121533078,chr3,159346500
22.77908515930176,0.5909705398415317,chr3,159368500
35.40647888183594,0.7488778875390261,chr3,159797500
43.80664825439453,0.8225873622747626,chr3,160222500
44.28165435791016,0.6192992614835653,chr3,160583500
42.285736083984375,0.621824562198787,chr3,160713500
39.44459915161133,0.7540665644597424,chr3,161375500
20.90683364868164,0.7853476041707804,chr3,162226500
22.9744873046875,0.8335444657460507,chr3,162734500
48.1110725402832,0.5757350085198361,chr3,163673500
23.681468963623047,0.8406521230347059,chr3,164042500
27.01534652709961,0.78854608899799,chr3,164577500
23.04588508605957,0.7237151983136395,chr3,165109500
29.804548263549805,0.8737944628797975,chr3,166163500
31.44091033935547,0.812817083887842,chr3,166215500
36.73401641845703,0.8708693185211958,chr3,166279500
29.87724876403809,0.8211794759584672,chr3,166405500
28.31026840209961,0.812944502106351,chr3,166502500
22.01234436035156,0.7573948811117599,chr3,166929500
28.54673767089844,0.6149244569076775,chr3,167416500
27.671432495117188,0.7262921293533497,chr3,167440500
22.88564109802246,0.7921637806591119,chr3,167481500
43.864532470703125,0.6286663536881942,chr3,167634500
36.52446365356445,0.6913747004989147,chr3,167641500
50.72720718383789,0.8415924408038153,chr3,167695500
24.37189483642578,0.6229656698474757,chr3,168658500
32.76090621948242,0.6934544178760407,chr3,169413500
49.48983001708984,0.8417835201258719,chr3,169751500
50.23139190673828,0.8149486006547149,chr3,171640500
40.43935394287109,0.7263952613627621,chr3,171664500
45.01478958129883,0.6633331580416844,chr3,173102500
38.58910369873047,0.6260380986274978,chr3,173166500
22.79206275939941,0.8190128633526694,chr3,173441500
22.73223114013672,0.7400414140498349,chr3,173681500
21.836254119873047,0.6627479130699361,chr3,174523500
20.64016532897949,0.7348648261388135,chr3,174555500
22.422794342041016,0.5856229519855206,chr3,174759500
21.93459129333496,0.85906463946771,chr3,175600500
24.30819129943848,0.7894954191926774,chr3,175694500
33.51423263549805,0.7009470338942895,chr3,176244500
40.10942840576172,0.742008626260052,chr3,176529500
45.93496322631836,0.7710985496785969,chr3,177780500
47.56836318969727,0.737034077685145,chr3,177934500
46.09439468383789,0.6715955870750379,chr3,178054500
48.06760025024414,0.8432769430680453,chr3,178083500
48.80858612060547,0.7091669862511145,chr3,178148500
38.47374725341797,0.6440171379260244,chr3,178470500
42.515750885009766,0.778428579514217,chr3,178811500
46.23530197143555,0.6522617588258923,chr3,179342500
41.16426467895508,0.7803414031199555,chr3,179694500
41.13884353637695,0.4781638654698469,chr3,179718500
39.85879135131836,0.8430772402259556,chr3,179895500
20.99479103088379,0.7288403658593692,chr3,180032500
21.36565971374512,0.7241312978028236,chr3,180161500
24.179349899291992,0.5686007837423406,chr3,180407500
24.20845603942871,0.49224284999831136,chr3,181234500
26.686080932617188,0.8272170238254866,chr3,181300500
36.22903060913086,0.39998466607985217,chr3,181998500
45.05867385864258,0.81358437268689,chr3,182686500
47.40984725952149,0.8575158762789854,chr3,183083500
41.79325485229492,0.7498243245111417,chr3,183135500
54.048789978027344,0.9809667282807385,chr3,183253500
54.12711715698242,0.9932712760160713,chr3,183883500
50.53285217285156,0.8317165582734074,chr3,183999500
40.05223846435547,0.6808475964126323,chr3,184452500
41.26325988769531,0.7395290772415211,chr3,184607500
45.90600204467773,0.7852925912553173,chr3,185196500
53.79704284667969,0.9845527326820357,chr3,186785500
39.89194869995117,0.6474475627722229,chr3,187320500
40.53033065795898,0.5752709237790126,chr3,187616500
38.31734848022461,0.7503463310854871,chr3,188154500
40.570533752441406,0.5709208205893941,chr3,188219500
21.801401138305664,0.77843591622919,chr3,188725500
27.905506134033203,0.8145588758494737,chr3,188893500
35.52786636352539,0.7242336321348752,chr3,188930500
25.2811222076416,0.8998582323092579,chr3,189175500
25.72584724426269,0.8338644049577977,chr3,189935500
23.90178108215332,0.757897834681452,chr3,190266500
24.876787185668945,0.844171552782691,chr3,190467500
25.671337127685547,0.7127848559246613,chr3,190613500
23.34258079528809,0.6800906732762806,chr3,190708500
51.83502960205078,0.7623361193182926,chr3,191428500
44.90857696533203,0.8198321033800777,chr3,191614500
40.3723030090332,0.7279424031277228,chr3,191644500
19.46452140808105,0.7121219954148813,chr3,192262500
21.866416931152344,0.6312022934289121,chr3,192298500
21.654436111450195,0.6940268792848105,chr3,192652500
34.74073791503906,0.6271897958971326,chr3,193378500
49.21955871582031,0.6181774385250292,chr3,194124500
53.7619514465332,0.8715538469248255,chr3,194556500
50.09018707275391,0.8216833223054331,chr3,194621500
47.26277542114258,0.6721425407458004,chr3,195092500
48.71419525146485,0.8090318425350078,chr3,195246500
50.38664627075195,0.7927874875418244,chr3,195297500
51.2756233215332,0.7061720898235754,chr3,196490500
45.53042221069336,0.7127768855045282,chr3,196821500
46.61990737915039,0.8896531081844031,chr3,197050500
48.34192657470703,0.8659641996085587,chr3,197114500
43.449012756347656,0.682748260090067,chr3,197376500
48.1269760131836,0.7284707680483125,chr3,197691500
54.5964241027832,0.9640579162057631,chr3,197736500
44.7868537902832,0.7529010261334547,chr3,197763500
45.26535415649414,0.7691673989785522,chr3,197971500
21.042987823486328,0.7668464179484094,chr4,68500
23.94920539855957,0.8994996250454981,chr4,407500
34.7855339050293,0.8872451324643915,chr4,762500
48.52206039428711,0.857945304597493,chr4,1937500
46.27410507202149,0.7628328901763579,chr4,2181500
49.93619918823242,0.9010188517884128,chr4,2540500
41.67232131958008,0.7802380896147872,chr4,3060500
37.597259521484375,0.7676262763182841,chr4,4105500
44.912296295166016,0.5266842752249004,chr4,4630500
40.76424407958984,0.7169757263451331,chr4,6015500
38.943058013916016,0.7499891042730478,chr4,6125500
43.57565689086914,0.6774444601500035,chr4,6550500
47.824668884277344,0.567984348391573,chr4,6598500
49.74574279785156,0.8483403283123154,chr4,6646500
26.6760311126709,0.722711560281198,chr4,7450500
37.344200134277344,0.513738755379608,chr4,8003500
38.22658157348633,0.5773449210176346,chr4,8890500
42.10102081298828,0.6684743375204776,chr4,10433500
22.531339645385746,0.6779106009213913,chr4,10899500
22.68702507019043,0.6153881710167657,chr4,11545500
25.27690887451172,0.7160408356810054,chr4,11714500
27.34757232666016,0.7835538455222901,chr4,12835500
37.38575744628906,0.7555056703746456,chr4,12935500
45.088897705078125,0.6039651639490973,chr4,13073500
38.60585784912109,0.6322495444223526,chr4,13305500
40.53154373168945,0.6632777327874211,chr4,13565500
44.0026969909668,0.8210025203642756,chr4,13656500
26.347150802612305,0.6483182297981749,chr4,14286500
22.68350982666016,0.787698319144848,chr4,14492500
38.621952056884766,0.742352482939578,chr4,14704500
41.97367477416992,0.6343814096244522,chr4,15415500
47.526248931884766,0.7814561395393065,chr4,15636500
41.24980926513672,0.6530981948225667,chr4,15758500
40.766151428222656,0.7784362131348073,chr4,16101500
35.15950012207031,0.5692463081890748,chr4,16310500
39.77847290039063,0.7169318757877261,chr4,17086500
38.826904296875,0.6441572777800311,chr4,17149500
41.49187850952149,0.7800246357635592,chr4,17188500
39.88320159912109,0.7356618607470464,chr4,18205500
22.740375518798828,0.6693213217825522,chr4,18454500
29.446361541748047,0.6632240706499846,chr4,18464500
21.620759963989254,0.6882720539527845,chr4,18791500
23.50617218017578,0.7851743274380758,chr4,19743500
20.843456268310547,0.7597102339852035,chr4,19908500
25.19500541687012,0.6490617560136365,chr4,19947500
22.18456077575684,0.8028713656584721,chr4,20148500
28.82057380676269,0.5152165367901305,chr4,20355500
23.019481658935547,0.7621459055891283,chr4,20848500
22.792110443115234,0.6731294952634954,chr4,21299500
27.66851234436035,0.6759392863662567,chr4,22569500
23.203998565673828,0.7206173692349558,chr4,23461500
29.111825942993164,0.7641972748824477,chr4,23539500
33.74702453613281,0.692896987525054,chr4,23655500
38.782352447509766,0.5718980421970418,chr4,23862500
41.28414916992188,0.6285632508673864,chr4,24365500
47.19327163696289,0.832205509026892,chr4,24527500
51.0339241027832,0.8911858720250059,chr4,24571500
39.89656066894531,0.8239140474090052,chr4,24832500
39.565956115722656,0.5951180515533105,chr4,26035500
55.50831604003906,0.8692350350925983,chr4,26347500
44.82095336914063,0.5142944754170858,chr4,26719500
30.22755241394043,0.5932054262985911,chr4,27879500
26.192428588867188,0.8382048718955253,chr4,28519500
23.272869110107425,0.6452019166845657,chr4,28845500
30.74514961242676,0.7958348167742433,chr4,30124500
22.495630264282227,0.7733779118092617,chr4,30384500
21.802705764770508,0.8139113195323973,chr4,30564500
24.539506912231445,0.5761142291842518,chr4,31234500
24.238544464111328,0.8167101894806427,chr4,31741500
29.97842788696289,0.5715069742843872,chr4,31762500
29.022371292114254,0.7400436418438288,chr4,31769500
35.74587631225586,0.6611840857557643,chr4,31938500
39.17276763916016,0.7670595457640376,chr4,32111500
27.2093505859375,0.8533682280334354,chr4,32478500
22.399436950683597,0.6244755750428073,chr4,32538500
22.409900665283203,0.8143573725624251,chr4,32796500
27.264339447021484,0.654205260796421,chr4,32830500
24.197338104248047,0.640270796379319,chr4,32928500
21.657485961914062,0.6516508403889668,chr4,33098500
21.5537166595459,0.734481833536482,chr4,33169500
24.06227302551269,0.6931319057567962,chr4,34025500
23.74159240722656,0.8414438886362176,chr4,34524500
25.81841087341309,0.739437829138492,chr4,35148500
29.88131332397461,0.9155089336118447,chr4,35980500
29.579992294311523,0.6566715898039877,chr4,36564500
41.9643440246582,0.6250354809218186,chr4,37005500
50.30982971191406,0.6853129997073326,chr4,38227500
47.62457275390625,0.6008574653355202,chr4,38779500
44.86320114135742,0.7116370018795573,chr4,39138500
44.08562469482422,0.7177455878586603,chr4,39439500
48.718563079833984,0.8100364744830948,chr4,40047500
48.36908721923828,0.7122804406021641,chr4,40721500
35.904056549072266,0.4729545983333039,chr4,41830500
48.394657135009766,0.6305270635606727,chr4,42193500
31.00580406188965,0.7111861559321333,chr4,43146500
23.011375427246094,0.8072339993247182,chr4,43490500
27.648500442504883,0.8250434149573955,chr4,44431500
30.63329315185547,0.5497600631825745,chr4,44601500
34.30202102661133,0.6802603869994029,chr4,44625500
36.453086853027344,0.7779621825641189,chr4,44755500
28.632862091064453,0.6480259190836746,chr4,45215500
34.42044448852539,0.7888613286139419,chr4,46050500
25.01719284057617,0.8713847999500439,chr4,46754500
33.20893478393555,0.8871496382667428,chr4,46873500
22.211488723754883,0.5958650904591886,chr4,47181500
26.060699462890625,0.4406564631364599,chr4,48055500
54.47387313842773,0.855948520949861,chr4,48336500
50.42538833618164,0.8434333458415142,chr4,48858500
39.505130767822266,0.5970457741122375,chr4,48996500
40.32732391357422,0.8096723615954087,chr4,49017500
20.21026039123535,0.44260599597144745,chr4,50687500
45.85847091674805,0.7034349484984472,chr4,51889500
43.62958526611328,0.7525348461525474,chr4,52555500
40.254486083984375,0.7764664579754718,chr4,53778500
44.53083801269531,0.7372910546719809,chr4,53974500
40.90785217285156,0.8569278149566614,chr4,54104500
37.99373245239258,0.7046370056677993,chr4,54208500
38.55907440185547,0.7135230060365683,chr4,54975500
33.68180847167969,0.6540703556311185,chr4,55204500
40.75613784790039,0.8906867012477268,chr4,55533500
49.78271484375,0.8505834178754453,chr4,55595500
40.0787239074707,0.5696078111409602,chr4,56225500
49.07078170776367,0.7768608639364999,chr4,56455500
37.29657745361328,0.8491407914402129,chr4,57055500
39.21282958984375,0.6993104134529597,chr4,57195500
39.61372375488281,0.8504859685855513,chr4,57204500
39.51608276367188,0.5984234169056077,chr4,57207500
27.60030937194824,0.747889557037928,chr4,57724500
25.31791305541992,0.8427008284227016,chr4,58244500
26.90924453735352,0.7563027579743227,chr4,58409500
22.16788482666016,0.7233203727767676,chr4,58747500
21.615741729736328,0.7928792211055983,chr4,58826500
25.28282356262207,0.8180354869605568,chr4,59434500
22.91272354125977,0.6741687015131781,chr4,59963500
21.024267196655277,0.8212053418515954,chr4,60316500
25.88074111938477,0.6995532915480972,chr4,60629500
21.540260314941406,0.8149957543788626,chr4,60870500
23.21023178100586,0.7980230505561974,chr4,60938500
23.36317443847656,0.8003042549437944,chr4,60995500
21.09259605407715,0.7552856078522318,chr4,62777500
23.707176208496094,0.8839361111312396,chr4,63116500
20.620859146118164,0.8194909112641128,chr4,63481500
22.80607414245605,0.7561963791261388,chr4,63672500
23.44898223876953,0.9097866990416117,chr4,64634500
22.926183700561523,0.7245280864749328,chr4,64811500
22.440828323364254,0.7030568325120908,chr4,64982500
22.96609115600586,0.7842579347976756,chr4,65131500
24.52191162109375,0.6324084894193692,chr4,65495500
23.41188240051269,0.7466432550309343,chr4,65589500
24.04348945617676,0.6584759576677666,chr4,65812500
22.301071166992188,0.7674779622683994,chr4,66344500
22.52835273742676,0.8211967303465453,chr4,66365500
26.241588592529297,0.515671525082174,chr4,66453500
47.92179107666016,0.7522549733718777,chr4,67433500
55.22989273071289,0.9331779776302784,chr4,67523500
46.73006820678711,0.7833880545018287,chr4,67672500
27.37681770324707,0.5594998394096053,chr4,68530500
28.609844207763672,0.7159448430179141,chr4,68629500
38.2820930480957,0.539349926764144,chr4,68734500
22.089933395385746,0.8812402378446044,chr4,68788500
32.113616943359375,0.8781640578940247,chr4,69227500
20.981637954711918,0.8757986813543771,chr4,69871500
51.053218841552734,0.6531431699000234,chr4,72038500
46.37641525268555,0.6761757829004182,chr4,72370500
47.181129455566406,0.7611985632412956,chr4,73162500
34.7879638671875,0.5609557989682624,chr4,73563500
43.86364364624024,0.7808834623689351,chr4,73654500
47.28107833862305,0.7836156661167224,chr4,73877500
52.042598724365234,0.7830274018933556,chr4,74074500
48.437530517578125,0.7984921627627721,chr4,74508500
35.68119812011719,0.5483836611539559,chr4,74861500
40.23970413208008,0.7899428005305602,chr4,74919500
38.99254989624024,0.7436451882192331,chr4,75040500
37.0763053894043,0.5643749498052288,chr4,75069500
27.91459274291992,0.83625659605459,chr4,75270500
48.57722854614258,0.8383529521707419,chr4,75707500
47.5374755859375,0.5437602819353766,chr4,76384500
50.74798202514648,0.651659864200214,chr4,77039500
39.500370025634766,0.6814312919676146,chr4,77397500
40.01870346069336,0.560219917634202,chr4,77401500
48.0259017944336,0.6586631289268621,chr4,79093500
55.57684326171875,0.9886805931276603,chr4,79210500
47.381160736083984,0.7549521661459616,chr4,79414500
34.20552062988281,0.48614701080982503,chr4,80586500
38.79038238525391,0.7117558923088312,chr4,80892500
41.80206298828125,0.5932814848452648,chr4,81089500
41.37965774536133,0.8209205842099201,chr4,81517500
49.715911865234375,0.6507309438109938,chr4,81739500
50.06583404541016,0.81116101771771,chr4,81772500
39.48154830932617,0.7487901796432218,chr4,81970500
43.81210708618164,0.8368390539202482,chr4,82849500
43.02764892578125,0.8129037780374675,chr4,83328500
34.0517463684082,0.7926576041880338,chr4,83622500
44.7044563293457,0.8357187947942244,chr4,83797500
38.499542236328125,0.7556154923449638,chr4,84394500
40.456642150878906,0.689048518418396,chr4,84399500
36.35832595825195,0.6030683592727728,chr4,86431500
39.08263397216797,0.6164228546992752,chr4,86649500
51.538124084472656,0.5948532213854935,chr4,86910500
52.250118255615234,0.8693382145334249,chr4,87004500
44.501068115234375,0.7027427309323342,chr4,87276500
40.34008407592773,0.6743860711671488,chr4,88228500
47.68940353393555,0.860783857918994,chr4,88836500
51.95942306518555,0.7586917248768077,chr4,89004500
51.561431884765625,0.8125698921275037,chr4,89027500
36.10400772094727,0.7995256794740955,chr4,89795500
48.718544006347656,0.6563092056863857,chr4,89840500
30.347990036010746,0.7933297730482086,chr4,90296500
29.424924850463867,0.6792657642930933,chr4,91024500
28.673940658569336,0.7971975566958842,chr4,91346500
25.98249244689941,0.7106524593498134,chr4,92542500
21.106569290161133,0.851684960950918,chr4,92905500
21.853679656982425,0.8318669350649099,chr4,93505500
39.60483169555664,0.7747536000388215,chr4,93966500
41.720462799072266,0.59579867000574,chr4,93990500
51.363243103027344,0.7928705014576585,chr4,94351500
48.88295364379883,0.6466159290623057,chr4,94497500
38.69737243652344,0.7361033288520156,chr4,94943500
33.82270431518555,0.8205596929085401,chr4,95034500
40.59260177612305,0.8021266614183439,chr4,95386500
40.3125114440918,0.7411544566498713,chr4,95450500
33.95517349243164,0.7252686549173388,chr4,96128500
26.83126640319824,0.7327052081273315,chr4,96272500
26.50865936279297,0.8155930991564251,chr4,97632500
27.78433609008789,0.7213382895337399,chr4,97920500
24.16480255126953,0.664696089079469,chr4,97972500
28.673439025878903,0.7086985705474489,chr4,98056500
47.69329452514648,0.7815872743803778,chr4,98790500
50.24529266357422,0.963430594353337,chr4,98839500
54.914398193359375,0.9595155160836923,chr4,99090500
42.312381744384766,0.8164260334061019,chr4,99705500
45.33817672729492,0.8246195572712014,chr4,99781500
50.51741790771485,0.7651668816800251,chr4,99859500
30.15720558166504,0.9046533591246989,chr4,100043500
24.65724754333496,0.5809267694400828,chr4,100241500
21.5400505065918,0.7576604265494657,chr4,101145500
21.257892608642575,0.7878252273986553,chr4,101210500
34.02006912231445,0.7170605995124415,chr4,101320500
41.22818756103516,0.8327416696022922,chr4,101338500
46.74755096435547,0.8370424977704171,chr4,102516500
50.736602783203125,0.7498088381102781,chr4,102563500
49.35587310791016,0.8266987820614087,chr4,102589500
48.52364730834961,0.7106060859579495,chr4,102666500
55.57804107666016,0.8903824372520703,chr4,102821500
50.00038146972656,0.8968889256914909,chr4,103043500
42.19635391235352,0.6803234267914575,chr4,103333500
32.7757682800293,0.7411259922628699,chr4,103936500
20.347728729248047,0.771921301514312,chr4,104353500
28.95054244995117,0.7392879015796261,chr4,104955500
27.18369674682617,0.7087105634166264,chr4,104965500
34.47887420654297,0.6049629835884478,chr4,105046500
51.423118591308594,0.6767205599855977,chr4,105965500
45.18105316162109,0.5671825111367621,chr4,105981500
46.848915100097656,0.6856288567570821,chr4,106062500
33.021121978759766,0.7276467691599346,chr4,106435500
28.218685150146484,0.5586225028633797,chr4,106562500
26.96508026123047,0.727231681514199,chr4,107374500
32.78176498413086,0.8033101128351936,chr4,107442500
42.531288146972656,0.7094295012913439,chr4,107978500
31.14194679260254,0.6739427591504206,chr4,108504500
44.25870132446289,0.8262168534540363,chr4,108581500
48.00483322143555,0.7044346606010894,chr4,109094500
49.37059783935547,0.7002692962023578,chr4,109297500
49.74726104736328,0.6859443508790863,chr4,109429500
49.06352615356445,0.8673857993200407,chr4,109492500
48.84868621826172,0.5694904225343652,chr4,109572500
49.88494491577149,0.7193334610678893,chr4,110213500
37.80721664428711,0.8065017940166125,chr4,110546500
28.67801284790039,0.7036749007036296,chr4,110718500
21.07563591003418,0.674026623788375,chr4,110741500
23.39507484436035,0.7169391716293533,chr4,111228500
37.479286193847656,0.33174604289322773,chr4,112947500
23.040979385375977,0.8794290130102422,chr4,113218500
26.51060104370117,0.8193353496000451,chr4,113281500
30.925079345703125,0.7194867252562055,chr4,113295500
39.59555816650391,0.62312029468348,chr4,113635500
25.240922927856445,0.5979795790453565,chr4,114052500
23.13391876220703,0.6226482151373992,chr4,114074500
28.304607391357425,0.7504017741397384,chr4,114681500
28.183406829833984,0.7149731979191936,chr4,114898500
27.2508544921875,0.7887814061359013,chr4,115062500
25.59808921813965,0.5466674757575097,chr4,115384500
33.260986328125,0.7457589347856433,chr4,116003500
23.307676315307617,0.6464734730136827,chr4,116059500
25.753061294555664,0.729348935892008,chr4,116187500
21.80972671508789,0.49640677915496156,chr4,117115500
22.817371368408203,0.7629025139410013,chr4,117395500
25.17794418334961,0.685395093707013,chr4,117806500
41.63676452636719,0.709100789453605,chr4,118738500
43.322410583496094,0.7417229399878082,chr4,118782500
39.89085006713867,0.6034174868524165,chr4,120028500
24.59922218322754,0.7939230170345614,chr4,120938500
46.102169036865234,0.6507627651463763,chr4,122035500
44.43209457397461,0.5876274668032643,chr4,123257500
51.71593475341797,0.519845731987706,chr4,123508500
23.085508346557617,0.7461751447146902,chr4,123977500
21.6136531829834,0.7034493731222844,chr4,124071500
34.68819046020508,0.8173282263678778,chr4,124301500
40.15736770629883,0.7752048015303571,chr4,124606500
32.77254867553711,0.6756105936751597,chr4,126137500
39.278541564941406,0.6167010131206148,chr4,126332500
48.148170471191406,0.7089711740324516,chr4,126464500
52.17197799682617,0.8686935567211408,chr4,126757500
47.87703704833984,0.9049370758801645,chr4,126827500
34.34858703613281,0.5810519256214624,chr4,127158500
28.23303985595703,0.7231014224101768,chr4,127278500
35.58561325073242,0.23844416658821432,chr4,127651500
50.23662567138672,0.5405724378788266,chr4,128451500
52.07217788696289,0.8259720272576128,chr4,128606500
26.572803497314453,0.6883544009300651,chr4,129445500
21.51253318786621,0.7659280457162555,chr4,129499500
29.4517879486084,0.7627397740718703,chr4,129512500
34.02244567871094,0.757261726483969,chr4,129548500
28.197189331054688,0.6259306541250926,chr4,129710500
25.903377532958984,0.6764581333686486,chr4,129853500
21.788166046142575,0.7190957938206033,chr4,130303500
20.784934997558597,0.8270449596445418,chr4,130761500
20.209095001220703,0.7267659711697028,chr4,131124500
26.788068771362305,0.7037319726783355,chr4,131347500
20.41942024230957,0.795172877558134,chr4,131483500
22.1704216003418,0.8707158275626167,chr4,131525500
26.38766288757324,0.6226508554898464,chr4,131659500
25.87478446960449,0.5235455188525764,chr4,131669500
31.15314483642578,0.8184626632982126,chr4,132202500
25.681886672973636,0.7249844965611889,chr4,132466500
30.065858840942383,0.8615005757423682,chr4,133199500
28.409502029418945,0.7919310637968986,chr4,133940500
29.445213317871094,0.8930785909983338,chr4,133944500
44.95090866088867,0.6216615340655927,chr4,134297500
23.528249740600582,0.5171356828651819,chr4,134669500
21.230642318725582,0.8366302524268827,chr4,135033500
22.77891731262207,0.6393892777196308,chr4,135203500
27.1142578125,0.5849093551842384,chr4,135284500
25.19886779785156,0.7921864579765963,chr4,135474500
24.67378234863281,0.881518999211824,chr4,135537500
21.80652236938477,0.6894137750066007,chr4,136829500
21.769704818725582,0.741310100467415,chr4,137246500
24.74080467224121,0.715421380934981,chr4,137323500
28.36635398864746,0.7523654063632756,chr4,137523500
43.28308868408203,0.7219528348229997,chr4,137948500
48.27292251586914,0.7947335927064878,chr4,138172500
51.04701614379883,0.8067633359674296,chr4,138188500
51.356239318847656,0.7601462248879591,chr4,138205500
44.58788299560547,0.8989122229745308,chr4,138423500
41.39351272583008,0.7915088870847706,chr4,139624500
46.17301177978516,0.7464469027582199,chr4,139839500
40.41424179077149,0.8167841790292432,chr4,140400500
39.08028030395508,0.6126060508181528,chr4,141135500
32.12238311767578,0.8144670937301594,chr4,141457500
25.775266647338867,0.7162557923805282,chr4,141791500
42.37586975097656,0.8125421231397506,chr4,141958500
30.565732955932617,0.6071501331845354,chr4,142186500
28.25989151000977,0.6887845205598997,chr4,142412500
55.26957321166992,0.8510653472625133,chr4,143359500
49.87826156616211,0.6163823375837665,chr4,143366500
43.01448440551758,0.7573488491741718,chr4,144889500
42.41367721557617,0.6572638631946475,chr4,145246500
41.85943603515625,0.6808494301432833,chr4,145426500
51.52022933959961,0.8427266686550854,chr4,146182500
36.22823333740234,0.775032238649196,chr4,146356500
51.37105941772461,0.8934716988990868,chr4,146399500
36.742374420166016,0.5526054328074539,chr4,147019500
35.756370544433594,0.7866256702891322,chr4,147029500
22.02260971069336,0.6126515408711128,chr4,147272500
27.300323486328125,0.817955449178115,chr4,147418500
36.95248031616211,0.760885201019344,chr4,147961500
33.09330749511719,0.698598603690674,chr4,148168500
28.376670837402344,0.5812458511364424,chr4,148194500
28.136045455932617,0.5945511017712157,chr4,148953500
21.00592803955078,0.8291154808808677,chr4,149433500
25.309934616088867,0.7425534880390857,chr4,149468500
50.93824768066406,0.9481688764072742,chr4,150788500
45.518341064453125,0.8865128909014411,chr4,150963500
48.322357177734375,0.7580304523112015,chr4,151075500
41.44769287109375,0.5614680368997573,chr4,151707500
35.17624282836914,0.5229844811817772,chr4,153033500
42.70822143554688,0.7283233167968987,chr4,153220500
42.49278259277344,0.727860634955538,chr4,153233500
42.98139190673828,0.6204090315842261,chr4,154262500
50.04867935180664,0.31064820989469033,chr4,154448500
21.094009399414062,0.715813729155061,chr4,155239500
38.25556564331055,0.8442108128352972,chr4,155371500
21.337934494018555,0.8605590988518165,chr4,155990500
20.925493240356445,0.6790511831516008,chr4,156396500
29.41868019104004,0.7316666123708823,chr4,156676500
22.860809326171875,0.5707914547981459,chr4,156947500
47.99973678588867,0.7510284475157467,chr4,158276500
37.18376159667969,0.4809068085673772,chr4,158482500
40.3979606628418,0.523489263579459,chr4,158582500
54.4038314819336,0.8177064188134111,chr4,159155500
53.4277229309082,0.8747536854903109,chr4,159173500
22.78032493591309,0.8675826130210981,chr4,160752500
25.899900436401367,0.9005880428663328,chr4,160834500
22.77581214904785,0.8795278158003857,chr4,161529500
24.328689575195312,0.8156598512432723,chr4,161867500
26.279232025146484,0.6471619438884493,chr4,162404500
43.50497817993164,0.607453653316125,chr4,162735500
32.93525314331055,0.71920204649696,chr4,162790500
38.73308944702149,0.6804986038861867,chr4,162958500
22.12151527404785,0.80239990930604,chr4,164420500
40.010196685791016,0.8124445840141785,chr4,164849500
43.26256561279297,0.64782555762059,chr4,164980500
48.64799118041992,0.656356437685866,chr4,165310500
21.83110237121582,0.6498014795489443,chr4,166510500
27.00434684753418,0.721525840947032,chr4,167267500
22.659048080444336,0.7530791666217348,chr4,167467500
27.505069732666016,0.5135561451943049,chr4,167582500
25.283716201782227,0.7084456416133667,chr4,168059500
39.000099182128906,0.6141191861191668,chr4,168664500
51.12650680541992,0.8389712970375741,chr4,169510500
37.46538543701172,0.734038950512411,chr4,170136500
36.92988586425781,0.6375754154086553,chr4,170154500
29.80294609069824,0.809987362601456,chr4,170176500
29.21762084960937,0.780413338685162,chr4,172555500
23.22179412841797,0.5607862395475285,chr4,172618500
36.308380126953125,0.6912651724701911,chr4,172784500
46.695255279541016,0.4602852958672976,chr4,173044500
51.23638916015625,0.604253590596243,chr4,173091500
49.74145126342773,0.6658711950688556,chr4,173165500
51.82537078857422,0.7472424245946909,chr4,173193500
43.131614685058594,0.7817001836364132,chr4,173708500
37.12913131713867,0.6569359999728136,chr4,173743500
47.05644226074219,0.8350306741515144,chr4,173994500
54.03940963745117,0.8670126932349622,chr4,174155500
49.62052917480469,0.6579137143988143,chr4,174209500
47.30535888671875,0.8195543138250277,chr4,174623500
38.59443664550781,0.7297533779486377,chr4,174857500
31.298778533935547,0.8071021009567567,chr4,177059500
43.546085357666016,0.8621052231096112,chr4,177257500
36.103965759277344,0.7392083515515417,chr4,177801500
27.94378089904785,0.9399163238697773,chr4,178015500
23.23413848876953,0.8020105993792561,chr4,178189500
23.7277889251709,0.7722741684375931,chr4,178393500
28.54362678527832,0.8517586513400663,chr4,178512500
31.571605682373047,0.588764242777747,chr4,178777500
20.917783737182617,0.731206629743036,chr4,179011500
21.87811279296875,0.6120177488161799,chr4,179062500
22.49616050720215,0.8441408190300923,chr4,180007500
23.856964111328125,0.7974019487044042,chr4,181033500
23.23174285888672,0.797761329567603,chr4,181119500
23.396860122680664,0.7450979501956412,chr4,181281500
37.46684646606445,0.6294268432123418,chr4,181533500
29.57759094238281,0.5636773123446911,chr4,181557500
32.946537017822266,0.6624832680622803,chr4,182072500
39.62130355834961,0.6291810694952034,chr4,182228500
37.10921478271485,0.8087703730622328,chr4,183892500
38.03712844848633,0.6321669543421939,chr4,183998500
44.49853897094727,0.8056341735432786,chr4,184223500
44.36830520629883,0.8310779202076689,chr4,184518500
42.304325103759766,0.6651422906258215,chr4,185018500
47.89878845214844,0.8970172102643852,chr4,185151500
46.21874237060547,0.7076612959398265,chr4,185325500
39.777870178222656,0.7997378130505419,chr4,185523500
39.11830520629883,0.7884688176397978,chr4,186081500
35.50361633300781,0.7671577089970543,chr4,187918500
21.964204788208008,0.7195031115256671,chr4,189187500
24.240135192871094,0.528999362544967,chr4,189362500
39.1239013671875,0.7391884511843416,chr5,675500
27.00780868530273,0.6360750328153788,chr5,727500
45.951751708984375,0.7605301865082561,chr5,908500
39.09217071533203,0.6561816410551284,chr5,2929500
35.34959411621094,0.5958690991144926,chr5,3204500
32.50367736816406,0.8262767344036376,chr5,3410500
25.983068466186523,0.6986403161830808,chr5,4804500
43.779579162597656,0.8496189523487605,chr5,5469500
43.321590423583984,0.6902566719199825,chr5,5726500
41.43648910522461,0.7412597080801532,chr5,6685500
35.65459442138672,0.6547302656308287,chr5,6811500
37.00257873535156,0.6322564837742746,chr5,6957500
37.22941970825195,0.8968980152839859,chr5,6993500
21.59618759155273,0.5626491507060045,chr5,8758500
35.83192443847656,0.6326315814838541,chr5,9216500
28.658370971679688,0.6233375218076342,chr5,9290500
45.269569396972656,0.41619695596227313,chr5,10196500
43.24782180786133,0.7684403165148543,chr5,10406500
41.55767822265625,0.6392351872954154,chr5,10912500
39.024879455566406,0.7115445625340412,chr5,11208500
35.05631637573242,0.7340266869373855,chr5,11451500
23.14189910888672,0.626872458282351,chr5,11785500
23.603660583496094,0.7061341792676115,chr5,12168500
22.33585929870605,0.4982359715525174,chr5,12206500
23.27737617492676,0.5742991067514742,chr5,12304500
26.193588256835938,0.6926096140238256,chr5,12398500
27.19808006286621,0.8912187804694848,chr5,12474500
38.60602951049805,0.770238511548473,chr5,14235500
42.981590270996094,0.7614466033881755,chr5,14293500
53.16267776489258,0.8471523824499809,chr5,14676500
39.9018669128418,0.7492032811630228,chr5,14798500
26.39654541015625,0.847730613323291,chr5,15634500
23.55777740478516,0.6960186439060141,chr5,15843500
41.79077911376953,0.6767882708428145,chr5,16758500
37.00278472900391,0.7124217297158054,chr5,16900500
38.73816680908203,0.747061318744507,chr5,17104500
23.131925582885746,0.6305850182066974,chr5,17773500
42.53185272216797,0.6602502231233287,chr5,19460500
34.80592727661133,0.7990531458911114,chr5,19662500
21.96522331237793,0.7233644991464371,chr5,19687500
23.27934837341309,0.7372367752865036,chr5,19696500
21.19268226623535,0.6716261752781962,chr5,20736500
25.206212997436523,0.7521599061175648,chr5,21569500
23.764184951782227,0.8010767576132611,chr5,22085500
28.88494873046875,0.5946951643819975,chr5,22802500
23.79756546020508,0.7512187316920893,chr5,23262500
21.76940155029297,0.6877032746725322,chr5,24533500
25.59032249450684,0.7453829846578615,chr5,24556500
21.370235443115234,0.6604221152643799,chr5,24941500
22.468774795532227,0.7883654696940525,chr5,25001500
23.408710479736328,0.832365721587011,chr5,25041500
23.797313690185547,0.8159063653444658,chr5,25318500
21.54893684387207,0.7439869562559098,chr5,25527500
24.643688201904297,0.8319442097502225,chr5,25743500
27.50254249572754,0.5923896838490046,chr5,26888500
23.281381607055664,0.5024319618449375,chr5,27711500
24.69148826599121,0.48277298949031355,chr5,28072500
36.51066207885742,0.8757015889439081,chr5,29623500
40.93531799316406,0.812646269024789,chr5,29944500
28.048828125,0.7821685988321458,chr5,30081500
38.539093017578125,0.6953155998729004,chr5,31109500
43.27382659912109,0.7568944670939484,chr5,31320500
41.32506942749024,0.45176110037163575,chr5,31663500
37.51076889038086,0.7508911404087922,chr5,32028500
41.40252304077149,0.7282428694873959,chr5,32506500
38.39585876464844,0.7405589561103856,chr5,32735500
35.517669677734375,0.6708369965861192,chr5,34398500
35.357444763183594,0.7793430383748475,chr5,35303500
20.698957443237305,0.8872194527647179,chr5,35464500
39.8918342590332,0.720657115404141,chr5,36054500
39.06421661376953,0.6057431073346948,chr5,36536500
39.72486114501953,0.7641031677333998,chr5,36719500
48.34511566162109,0.7958324051278474,chr5,36726500
42.71738815307617,0.7245483716351748,chr5,37086500
39.67891311645508,0.5905473493551457,chr5,37280500
45.38711166381836,0.7130432792482582,chr5,37758500
43.13925552368164,0.5322703478296325,chr5,38392500
51.9317512512207,0.8417528152114679,chr5,39021500
48.28942489624024,0.5973041653820153,chr5,39498500
34.18830108642578,0.7115810895715473,chr5,39813500
29.04423713684082,0.9168924216153799,chr5,39937500
44.1363525390625,0.799839158565991,chr5,40724500
35.5815315246582,0.8102199653602814,chr5,41147500
41.879676818847656,0.7270282579217362,chr5,42730500
47.23333740234375,0.7593565224434411,chr5,43406500
49.15932083129883,0.7028559527271993,chr5,43409500
33.186893463134766,0.7355003844974297,chr5,43872500
21.14622688293457,0.7173018873306984,chr5,44165500
23.336036682128903,0.6905761057583291,chr5,44481500
23.415834426879883,0.7802434706418467,chr5,45059500
28.28050422668457,0.7391840201485799,chr5,45112500
20.14742088317871,0.7987738043327366,chr5,45159500
23.786510467529297,0.5725156932919582,chr5,45340500
28.75778007507324,0.4710784816791219,chr5,45348500
21.05685043334961,0.7086043582020536,chr5,45354500
21.944536209106445,0.503150424894104,chr5,45468500
21.4317684173584,0.8013905457377486,chr5,45469500
26.38960266113281,0.7115966316793627,chr5,45609500
22.24435043334961,0.8256395948436492,chr5,45795500
18.829421997070312,0.6621153765657212,chr5,46042500
20.22069549560547,0.6911358361678028,chr5,46373500
23.615785598754883,0.7025258917969839,chr5,50148500
22.200702667236328,0.8313463698554555,chr5,50478500
29.269062042236328,0.8303211209367959,chr5,50636500
25.713245391845703,0.6944361612379362,chr5,51315500
28.59699058532715,0.5813717169146084,chr5,51669500
22.864511489868164,0.5948381306126265,chr5,51947500
21.026885986328125,0.8427406367226389,chr5,52081500
25.63484001159668,0.5705669994648239,chr5,52367500
41.10287857055664,0.6863323183133904,chr5,53036500
51.60541915893555,0.8663118597836224,chr5,53112500
40.43285751342773,0.7410863514178134,chr5,53151500
48.82338333129883,0.6004723441625104,chr5,54031500
48.908729553222656,0.6862796033454039,chr5,54408500
44.04134368896485,0.7415197618249313,chr5,54564500
45.669559478759766,0.6265046267838934,chr5,54687500
39.85220718383789,0.7805542260263962,chr5,55004500
47.994232177734375,0.6600680914459522,chr5,56061500
45.65576171875,0.5715547385306575,chr5,56327500
41.49986267089844,0.7759851092370235,chr5,56470500
52.0579719543457,0.8115932277565827,chr5,57042500
45.47144317626953,0.5827480985946936,chr5,57140500
49.3843002319336,0.8925339275029901,chr5,57220500
40.85367965698242,0.5981690283856248,chr5,57479500
43.5734977722168,0.7228661002188216,chr5,58022500
25.85675430297852,0.5672401275373526,chr5,58556500
29.73628616333008,0.5492137648151121,chr5,58610500
39.07639694213867,0.6710943907965619,chr5,59042500
41.47155380249024,0.5518402960287276,chr5,60545500
43.83226776123047,0.9562319531583355,chr5,60616500
46.770843505859375,0.6984029360099373,chr5,62710500
27.168685913085938,0.7626731173795505,chr5,62954500
25.86445426940918,0.850363366716004,chr5,64222500
52.75053787231445,0.730250347638675,chr5,65100500
45.7473030090332,0.7584207538143019,chr5,65115500
45.73184585571289,0.7322511343888429,chr5,65787500
39.31221771240234,0.8032363160754288,chr5,66842500
40.03181457519531,0.7372767694503104,chr5,66948500
44.72697830200195,0.7811800898221531,chr5,67054500
35.80810546875,0.7313142403431694,chr5,67437500
33.869224548339844,0.8774858585556757,chr5,67601500
29.523860931396484,0.6828659050526317,chr5,67741500
45.33980941772461,0.8432726797691601,chr5,67964500
40.3343505859375,0.620868649495484,chr5,68139500
41.00627136230469,0.7314362898514659,chr5,71787500
41.9578971862793,0.7360348586026495,chr5,71939500
37.7868537902832,0.7222210167508094,chr5,73171500
36.9416389465332,0.5888263610948512,chr5,73284500
45.76436614990234,0.7622095007211346,chr5,73331500
39.87978744506836,0.7070281575458219,chr5,73788500
46.85301971435547,0.6080514061789379,chr5,74018500
42.68867874145508,0.7172624779695437,chr5,74454500
44.31710433959961,0.7435504665840262,chr5,74540500
35.4239501953125,0.702025376800518,chr5,75083500
35.28889465332031,0.6609841310032645,chr5,75145500
34.31812286376953,0.7194478449007933,chr5,75165500
40.649295806884766,0.7791353768179072,chr5,75193500
47.14138412475586,0.7053341615445426,chr5,75298500
44.173038482666016,0.7340412009019592,chr5,75469500
40.88979721069336,0.6870636418240985,chr5,75778500
37.23432922363281,0.7218360926381463,chr5,75843500
40.299991607666016,0.7502387518130678,chr5,75998500
34.4655876159668,0.782192671551684,chr5,76066500
46.38954544067383,0.8150510083029714,chr5,76146500
51.341407775878906,0.9213976368080444,chr5,76180500
41.34674072265625,0.6723958469828102,chr5,77378500
42.141632080078125,0.7635470232423993,chr5,77922500
48.6276969909668,0.760509461095484,chr5,78189500
48.10104370117188,0.8055294093306005,chr5,78424500
49.795780181884766,0.66212576037176,chr5,78537500
45.25398254394531,0.847220780035186,chr5,78755500
30.30425453186035,0.7634956836207991,chr5,78849500
46.825157165527344,0.7620680165517586,chr5,79308500
42.94468307495117,0.7405573161969206,chr5,79461500
49.860164642333984,0.9428526882924746,chr5,79570500
40.44167709350586,0.6633068469737045,chr5,80508500
47.1870002746582,0.7511349344692848,chr5,80673500
39.77384948730469,0.8161142501652929,chr5,82671500
39.798736572265625,0.712613604550998,chr5,82694500
38.19190979003906,0.6746559501415608,chr5,82908500
41.484256744384766,0.8303573667277399,chr5,83270500
43.951438903808594,0.8486984008158448,chr5,83327500
45.5264778137207,0.7044703137390439,chr5,83580500
38.8692626953125,0.5102111003692804,chr5,83615500
36.60724258422852,0.534194855251983,chr5,83669500
23.89295196533203,0.7622738454866826,chr5,84325500
22.907106399536133,0.8277098020171371,chr5,84494500
22.197460174560547,0.7847149020516471,chr5,84731500
21.92943954467773,0.7488336973014615,chr5,84775500
22.608396530151367,0.7429559779379021,chr5,85172500
30.230663299560547,0.8045169397301348,chr5,85392500
26.72916603088379,0.7563724352241018,chr5,86209500
30.441162109375,0.7763763841858415,chr5,86316500
36.134727478027344,0.7945755701560441,chr5,86381500
49.76358413696289,0.7742957159508304,chr5,86528500
47.01099395751953,0.8458887201215599,chr5,87193500
52.35856246948242,0.8084120699483226,chr5,87403500
19.64122200012207,0.847800298182767,chr5,87862500
30.69503402709961,0.641447086735784,chr5,88024500
45.32993316650391,0.7917095484720981,chr5,88658500
55.54532241821289,0.9770872985346656,chr5,88884500
50.6815185546875,0.7821316537735171,chr5,89338500
33.39820861816406,0.7037299256341634,chr5,89817500
36.202125549316406,0.6465062321393485,chr5,90229500
54.40040588378906,0.8402552676332995,chr5,90638500
50.86949157714844,0.6823872748944171,chr5,90706500
49.824485778808594,0.728747725979843,chr5,90869500
51.015567779541016,0.41855481629645075,chr5,91019500
46.581092834472656,0.8150812809604804,chr5,91052500
45.749061584472656,0.8848104301635751,chr5,91149500
49.49217224121094,0.8842948048337957,chr5,91291500
21.9080867767334,0.8280965157414311,chr5,91965500
19.70548439025879,0.8770940564810931,chr5,92420500
21.33146858215332,0.6150136949154907,chr5,92554500
32.874210357666016,0.600297712707963,chr5,93934500
27.01969146728516,0.7425730329906208,chr5,94013500
41.30065536499024,0.7637029664240017,chr5,94043500
30.104455947875977,0.7954286701157864,chr5,94117500
50.1207160949707,0.6599006799253686,chr5,96861500
22.941144943237305,0.772808649639785,chr5,98280500
46.998416900634766,0.5526082282684761,chr5,99115500
29.44999885559082,0.5471062041937171,chr5,99188500
24.336048126220703,0.7786093241284272,chr5,99271500
22.70855140686035,0.8858080098905244,chr5,99619500
34.65830612182617,0.7787298932110518,chr5,100710500
22.18979835510254,0.6477794165977692,chr5,101025500
25.51652717590332,0.8339356359272044,chr5,101330500
23.4104118347168,0.7869004664137004,chr5,101960500
22.34207344055176,0.9000066444729408,chr5,102041500
21.020244598388672,0.806252003377558,chr5,102088500
29.680028915405277,0.6979073347189007,chr5,102161500
21.981075286865234,0.796333177965212,chr5,102344500
23.22911834716797,0.7454025045379429,chr5,102441500
26.75838851928711,0.7745954166519908,chr5,102549500
35.48588943481445,0.6208880996215342,chr5,102908500
45.326568603515625,0.6924940790286912,chr5,103477500
40.61102294921875,0.6718972399479839,chr5,103530500
46.97594451904297,0.8048643394028173,chr5,103624500
38.7762451171875,0.7121668009284883,chr5,103670500
34.869239807128906,0.5740987864578857,chr5,103899500
27.957284927368164,0.7718933535470542,chr5,104740500
25.92774772644043,0.6269369077069681,chr5,106086500
21.16193199157715,0.718252067885101,chr5,106665500
29.688236236572266,0.7003730929382588,chr5,107038500
24.38102531433105,0.7558350156455618,chr5,107212500
28.695283889770508,0.5801985815321375,chr5,107884500
49.02730941772461,0.8236155856914276,chr5,108524500
48.35115432739258,0.7119319945556606,chr5,108617500
42.07938766479492,0.7334315249092488,chr5,109610500
46.67465972900391,0.854647288433341,chr5,109799500
33.30110168457031,0.7633710639229327,chr5,110705500
38.80543899536133,0.6933521098584128,chr5,111318500
38.030670166015625,0.6927367443117494,chr5,111367500
42.143856048583984,0.6279666734851699,chr5,112096500
46.387237548828125,0.6935795297785485,chr5,112521500
51.27197647094727,0.837212401469798,chr5,112699500
44.585079193115234,0.7400558779354032,chr5,113282500
47.01142501831055,0.8648252032999435,chr5,113339500
47.37022018432617,0.7879941917954596,chr5,113528500
23.73040008544922,0.6229884741846916,chr5,113783500
23.505104064941406,0.6137082441685953,chr5,114122500
27.895360946655277,0.87894330539165,chr5,114998500
38.85163497924805,0.8193322383487307,chr5,115206500
40.50355911254883,0.771160037613202,chr5,115495500
55.50590896606445,0.794636277953293,chr5,115537500
53.26763153076172,0.9636772487338444,chr5,116084500
39.58664321899414,0.7972949884603648,chr5,116769500
23.124439239501957,0.782301371326076,chr5,117084500
22.68762969970703,0.5910730601405708,chr5,117570500
23.061466217041016,0.8115610821793424,chr5,117792500
22.449787139892575,0.6872455584933124,chr5,118690500
46.43595886230469,0.8762569886782264,chr5,119254500
36.49089431762695,0.7360839267296058,chr5,120229500
30.48583602905273,0.6849154870539085,chr5,120388500
19.873594284057617,0.7095158479768735,chr5,120995500
30.02206420898437,0.8213058083136773,chr5,121595500
47.40011978149414,0.6664571123094037,chr5,121680500
38.33968734741211,0.6865693367594892,chr5,122573500
47.32665252685547,0.726782861959145,chr5,122901500
33.40159225463867,0.6770410115810257,chr5,123257500
42.1280517578125,0.9461054745495558,chr5,123574500
47.74598693847656,0.7519021118253874,chr5,123587500
23.041717529296875,0.8643041440587085,chr5,123904500
21.1143856048584,0.7491941496363662,chr5,124183500
35.229183197021484,0.807102753794092,chr5,124484500
47.76226806640625,0.7589775088000185,chr5,124581500
49.060054779052734,0.7781294929155811,chr5,124604500
22.098360061645508,0.6041750341549137,chr5,125952500
20.944246292114254,0.8595313911638108,chr5,126100500
53.34780883789063,0.9366366134650893,chr5,127072500
41.08160400390625,0.62384819115917,chr5,127100500
39.66986846923828,0.6629456687847575,chr5,127244500
40.55906677246094,0.54967311287631,chr5,127249500
35.98517990112305,0.8328659814966644,chr5,127575500
44.92398452758789,0.6968894757549831,chr5,127700500
50.98495864868164,0.6000239981898896,chr5,127741500
44.22861099243164,0.6493355764365792,chr5,128095500
33.005008697509766,0.6582765217080734,chr5,128318500
21.28682518005371,0.5511813650818119,chr5,128693500
39.43951416015625,0.5505575878237001,chr5,128717500
21.658348083496094,0.7092811769840666,chr5,128757500
36.19528198242188,0.7150394927035797,chr5,128949500
23.172218322753903,0.6559979754511029,chr5,129597500
27.441049575805664,0.708876232222784,chr5,129943500
45.97419738769531,0.7803050823331719,chr5,131114500
49.66201019287109,0.7115280293117517,chr5,131976500
52.46528625488281,0.9559789538247201,chr5,132294500
49.019622802734375,0.8799558511807533,chr5,132387500
45.35592651367188,0.8995775958500641,chr5,133004500
28.76255798339844,0.7485316027465287,chr5,133584500
39.35491180419922,0.6345238685462,chr5,133775500
53.276668548583984,0.984306387376175,chr5,134005500
46.25887680053711,0.6596285348593358,chr5,134312500
50.26326751708984,0.7963679914593383,chr5,134626500
47.4409065246582,0.9092537524459339,chr5,134716500
44.26050567626953,0.6056834773990954,chr5,135957500
44.99250030517578,0.8276508261093798,chr5,136477500
40.437477111816406,0.7121940745513009,chr5,136684500
37.699989318847656,0.7459465403605722,chr5,136770500
36.37932205200195,0.59848838544355,chr5,137185500
38.04801559448242,0.7453127950671228,chr5,137457500
42.75898742675781,0.7142610804422043,chr5,137770500
44.27299880981445,0.7776763854959746,chr5,137837500
47.920166015625,0.6904270928766654,chr5,137923500
44.525428771972656,0.800387104624358,chr5,138139500
49.78800582885742,0.8745761995250984,chr5,139029500
48.7476692199707,0.8184157841091064,chr5,139134500
49.39493560791016,0.6938916601901142,chr5,139315500
48.67344665527344,0.5906442564316651,chr5,139368500
49.319149017333984,0.7501339486978971,chr5,139464500
50.13862991333008,0.774735601235391,chr5,139486500
50.08970642089844,0.8388370892506316,chr5,139523500
36.38614273071289,0.729900587282966,chr5,139928500
49.19353485107422,0.7904022381663939,chr5,140274500
55.28730010986328,0.9026652817045993,chr5,140554500
52.55107116699219,0.9233082237067497,chr5,140624500
27.28029441833496,0.5680275190873334,chr5,140795500
37.252872467041016,0.7238287870119084,chr5,141228500
49.80635833740234,0.6459972925216797,chr5,141513500
33.87228775024414,0.8262540820947303,chr5,141551500
47.71951675415039,0.8726850801597399,chr5,142044500
55.37690353393555,0.7837393692304643,chr5,142120500
49.288116455078125,0.7836264905422302,chr5,142819500
52.55807876586914,0.8686481251346572,chr5,143188500
50.57251739501953,0.6614590498649731,chr5,143199500
41.32165145874024,0.6919007336633209,chr5,143642500
25.014972686767575,0.7590956654886216,chr5,144377500
28.488548278808597,0.6897652135929103,chr5,144910500
38.30424118041992,0.7678747269424856,chr5,145541500
43.89512634277344,0.6501993336845402,chr5,145708500
49.41995620727539,0.8127559611665942,chr5,145805500
41.48380661010742,0.7487870802290905,chr5,146418500
22.16823005676269,0.8085450225450488,chr5,147295500
42.0344352722168,0.6133226749436034,chr5,148185500
46.67863464355469,0.7424152125195482,chr5,149161500
53.336055755615234,0.9177287383144102,chr5,150143500
48.27764892578125,0.7984866661047682,chr5,150803500
35.1399040222168,0.560579728242095,chr5,151941500
37.335819244384766,0.6962015825375731,chr5,152005500
25.000843048095703,0.7344749812086899,chr5,152612500
20.329626083374023,0.6124927886190173,chr5,153060500
23.273162841796875,0.7046697957367838,chr5,153161500
22.64339637756348,0.7216048441892071,chr5,153211500
39.239295959472656,0.6646083800862845,chr5,153810500
42.41707992553711,0.6753648946272441,chr5,154171500
53.60062789916992,0.9174777953510951,chr5,154200500
49.704345703125,0.6775878878586453,chr5,154311500
49.91327667236328,0.812735530810258,chr5,154331500
44.328590393066406,0.6806932909252458,chr5,154600500
52.94214630126953,0.9058007998482072,chr5,154723500
36.2232551574707,0.7942298917792134,chr5,155273500
24.36293029785156,0.7932811391205471,chr5,155391500
21.122013092041016,0.7648675572877044,chr5,155561500
29.320402145385746,0.5330276551297404,chr5,155714500
22.95635032653809,0.7031603839533853,chr5,156016500
21.62461280822754,0.6980355965118435,chr5,156054500
25.97360610961914,0.5322512350590177,chr5,156428500
21.64164352416992,0.8494297872321702,chr5,156449500
51.69392776489258,0.7545003083031933,chr5,157572500
43.04777526855469,0.7185479157647423,chr5,157774500
47.059818267822266,0.7890118457594211,chr5,160231500
20.962055206298828,0.7655332762591134,chr5,161478500
27.12066078186035,0.7500000511077047,chr5,161714500
20.209896087646484,0.6614076046911288,chr5,162249500
22.900962829589844,0.6447387718399652,chr5,162319500
22.85109519958496,0.7017315747715935,chr5,162541500
35.3389778137207,0.6942990576200372,chr5,163204500
36.12255096435547,0.7786282521247524,chr5,163618500
34.48274230957031,0.5536729135172056,chr5,164044500
27.474994659423828,0.5461298668146735,chr5,164538500
22.894868850708008,0.7012208399474862,chr5,164737500
22.01148796081543,0.787512578153968,chr5,165186500
21.98039054870605,0.6434214845720376,chr5,165566500
20.66840171813965,0.780873976696297,chr5,165711500
25.298656463623047,0.6747275217633308,chr5,166148500
24.46250915527344,0.8484309551278405,chr5,166446500
19.527963638305664,0.7275158724162752,chr5,166499500
23.913589477539062,0.544274185508903,chr5,166884500
21.10507583618164,0.779186612308383,chr5,167040500
22.717424392700195,0.6607310030526771,chr5,167529500
22.951313018798828,0.7827309249647432,chr5,167806500
35.502803802490234,0.7139115633472612,chr5,168018500
34.18651580810547,0.7582694242970283,chr5,168208500
38.525272369384766,0.6626798399184266,chr5,168741500
38.74702453613281,0.496980282019285,chr5,168984500
39.36214447021485,0.6665888342577592,chr5,169059500
39.98591613769531,0.6989871624945485,chr5,169068500
37.970947265625,0.7418819306749924,chr5,169487500
50.01528549194336,0.902531613961036,chr5,169805500
37.21658706665039,0.7387342492329643,chr5,169883500
43.81013107299805,0.7153251086565859,chr5,170359500
33.64830780029297,0.6218608833559182,chr5,170594500
34.766319274902344,0.7078124008037042,chr5,171246500
46.203758239746094,0.7827859428648197,chr5,171270500
44.38882446289063,0.7034840031164451,chr5,172028500
43.73893737792969,0.955266879330918,chr5,172283500
43.94259643554688,0.7745657426725936,chr5,172471500
42.61949157714844,0.631903554933902,chr5,173131500
41.82463455200195,0.7157847734153626,chr5,173473500
39.302093505859375,0.8078961855000079,chr5,174206500
41.17298889160156,0.7739517309297923,chr5,174377500
39.09115219116211,0.6198076554377459,chr5,175419500
49.45356750488281,0.781663308921869,chr5,175483500
35.92176818847656,0.7461556389717219,chr5,175589500
37.29647064208984,0.5891370778586547,chr5,175767500
51.5522575378418,0.8650899616807676,chr5,176435500
31.35011100769043,0.6079533941623037,chr5,176590500
52.42548751831055,0.7041933413544705,chr5,178155500
42.12246322631836,0.6788439774390982,chr5,178488500
46.613067626953125,0.76203270282724,chr5,178784500
36.88222503662109,0.6865812025282229,chr5,178803500
37.74317169189453,0.5445589315496745,chr5,179255500
37.44109344482422,0.7803546289470388,chr5,179409500
39.512168884277344,0.832525972247823,chr5,180045500
41.443016052246094,0.5390305368615982,chr5,180168500
39.47528839111328,0.7011093181903352,chr5,180190500
41.2612190246582,0.8026308621124598,chr5,180326500
41.60957336425781,0.5511410480753027,chr5,180407500
43.772857666015625,0.7709266711480731,chr5,180472500
33.961368560791016,0.85192764430127,chr5,180848500
37.7961540222168,0.6803778490006058,chr6,270500
38.40147399902344,0.7439173217372392,chr6,1169500
38.02579879760742,0.7700739818170663,chr6,1660500
43.64423751831055,0.6287550015923403,chr6,1876500
41.851844787597656,0.8568861502350379,chr6,1896500
40.387786865234375,0.6305242415816656,chr6,2395500
40.21697616577149,0.7445671130316793,chr6,3571500
40.954227447509766,0.8698693292037747,chr6,3906500
44.432430267333984,0.5688403936375781,chr6,4250500
45.08061599731445,0.7765165185624953,chr6,4603500
41.16522216796875,0.7214846708003013,chr6,5492500
35.534950256347656,0.6249852116013057,chr6,5801500
41.36439895629883,0.7717318432679924,chr6,6174500
53.74565124511719,0.8524935602813825,chr6,6709500
46.55409622192383,0.7856173681750079,chr6,7883500
40.223724365234375,0.7139496121458051,chr6,8132500
24.599750518798828,0.8285842614722337,chr6,9254500
21.98578643798828,0.6069896661504959,chr6,9263500
24.691932678222656,0.812192331506305,chr6,9905500
47.83242416381836,0.6709657602320047,chr6,10143500
46.73042297363281,0.6545714286326865,chr6,10287500
42.945011138916016,0.8554838398875795,chr6,10786500
44.31336975097656,0.5800318247671526,chr6,11256500
40.57086944580078,0.6759303283430876,chr6,11293500
42.20450210571289,0.7403041219182483,chr6,12994500
44.541290283203125,0.7805364889706051,chr6,14062500
39.1341552734375,0.349392848039606,chr6,14107500
44.81396484375,0.776351065581522,chr6,14273500
47.08512115478516,0.7556925173342032,chr6,15001500
52.51629257202149,0.7276257460841575,chr6,15397500
52.36542892456055,0.8306109190550901,chr6,16057500
55.2921142578125,0.9256724629986718,chr6,16108500
50.053321838378906,0.7217671657663858,chr6,16141500
43.81110000610352,0.6428760424931121,chr6,16641500
45.143211364746094,0.6143373595974178,chr6,16778500
44.54463195800781,0.6547549764778542,chr6,16835500
48.94840621948242,0.6393667212842646,chr6,16965500
42.23710250854492,0.6839675923851507,chr6,17077500
39.44938659667969,0.7609336826351196,chr6,17222500
29.073074340820312,0.7792229826258609,chr6,18683500
27.923019409179688,0.6392281445554615,chr6,19629500
25.415573120117188,0.753010200121518,chr6,19630500
25.64108657836914,0.6524347518851394,chr6,19631500
26.93555450439453,0.7673051083310565,chr6,19641500
41.57000732421875,0.6852149234815685,chr6,20058500
44.35414123535156,0.8344560538393115,chr6,20596500
50.29303359985352,0.8609848772642348,chr6,20819500
43.309200286865234,0.7649856371603119,chr6,20918500
41.83497619628906,0.7600669581374951,chr6,21039500
43.69985961914063,0.6679733413063469,chr6,21513500
39.36050033569336,0.6034070575626637,chr6,21642500
44.63673782348633,0.78568811349096,chr6,21885500
44.17128372192383,0.6800236682513738,chr6,22059500
33.087947845458984,0.8591011124465937,chr6,22424500
23.26412010192871,0.6971423981094615,chr6,22757500
22.55121421813965,0.5875094415211792,chr6,22897500
38.73694610595703,0.7560679785223624,chr6,24247500
42.20193862915039,0.716257546628694,chr6,24574500
46.67612075805664,0.7580497861314197,chr6,25755500
40.29490661621094,0.7743134658536843,chr6,25774500
51.86695098876953,0.7928421912834269,chr6,26098500
48.379150390625,0.8146294320417689,chr6,26242500
50.3766975402832,0.7012655695284499,chr6,26393500
50.64975738525391,0.5634950469479023,chr6,27622500
45.47867202758789,0.7423292735195639,chr6,28853500
49.78058242797852,0.79984510137204,chr6,28908500
54.74355697631836,0.8382477064244344,chr6,28997500
39.84330749511719,0.677876850571768,chr6,29213500
44.24985885620117,0.6229457011320052,chr6,29239500
36.67387771606445,0.8286733065601254,chr6,29412500
54.47417068481445,0.8143228889826173,chr6,29626500
40.4478645324707,0.6694394649011224,chr6,29712500
46.39827346801758,0.6317105112277462,chr6,30033500
48.81689834594727,0.7322218878090156,chr6,30227500
53.43321990966797,0.9402934195325441,chr6,30812500
50.436771392822266,0.723614562862048,chr6,30838500
39.18893051147461,0.7258873822506638,chr6,31231500
41.75725936889648,0.5123162728220559,chr6,31292500
42.90191650390625,0.8058819815426086,chr6,32066500
40.70466232299805,0.8342084580559355,chr6,35817500
46.804786682128906,0.7939893344152094,chr6,35847500
50.68143081665039,0.8039170121713435,chr6,36201500
52.15357971191406,0.8184182007485435,chr6,37225500
55.82611846923828,0.8578746756347531,chr6,37256500
53.49981689453125,0.8818488943613999,chr6,37311500
36.54573440551758,0.823097529120132,chr6,38272500
46.80780792236328,0.6223795884677432,chr6,38711500
41.5439567565918,0.7115639777501881,chr6,39407500
45.63825988769531,0.6750972409867857,chr6,40160500
36.01691436767578,0.4707924801807509,chr6,40405500
37.67861557006836,0.6396767670130652,chr6,40796500
39.00810241699219,0.7483519541921597,chr6,41483500
46.8773307800293,0.7040638603839295,chr6,41862500
56.41633605957031,0.9533763106864004,chr6,41922500
54.36897277832031,0.8727188189118291,chr6,42226500
44.110801696777344,0.7027437267831902,chr6,42592500
51.191505432128906,0.7413588276168193,chr6,42727500
51.61149978637695,0.9741329197541435,chr6,43770500
50.00823974609375,0.728189644885525,chr6,44021500
50.7984733581543,0.6663725838494297,chr6,44239500
48.212623596191406,0.8305938643671911,chr6,44425500
45.077125549316406,0.7462703126304073,chr6,44608500
38.773902893066406,0.6102012113409494,chr6,44747500
46.39979553222656,0.744145905431806,chr6,45535500
46.03937911987305,0.8206704812033215,chr6,45557500
44.674163818359375,0.7448192721904704,chr6,45585500
39.68199157714844,0.653176633700588,chr6,46496500
35.911476135253906,0.706394446662882,chr6,46814500
40.16072082519531,0.7771427787887893,chr6,47078500
27.402292251586918,0.7864353041016063,chr6,48258500
26.2435302734375,0.7988722315248578,chr6,48371500
26.811580657958984,0.8916396840424154,chr6,48531500
20.316051483154297,0.8436642602444706,chr6,48565500
25.960205078125,0.8150041397989816,chr6,48923500
24.18428611755371,0.5898102276218762,chr6,49135500
20.11967658996582,0.6898412721971404,chr6,49208500
47.56972503662109,0.6606338985552371,chr6,51510500
40.52999877929688,0.8173535704707535,chr6,51546500
48.266788482666016,0.7355463472452966,chr6,52453500
45.65071487426758,0.723262279736598,chr6,52707500
43.89370727539063,0.6081023507833889,chr6,52840500
49.36386489868164,0.7305698080755805,chr6,52977500
48.97520065307617,0.6777163771448202,chr6,53004500
47.9469108581543,0.6314767293575503,chr6,53436500
48.68324661254883,0.7529079055890453,chr6,53742500
40.22469329833984,0.7608176872249013,chr6,53848500
35.41050338745117,0.8544666967873723,chr6,53853500
34.386173248291016,0.6269627231447708,chr6,53862500
23.53414726257324,0.8271804086212621,chr6,54210500
22.79104804992676,0.7335080860656366,chr6,54524500
24.335451126098636,0.7624193311355296,chr6,55142500
27.14560317993164,0.7537215997450628,chr6,55345500
27.06253242492676,0.8621777656611489,chr6,55857500
22.397151947021484,0.6317181690915522,chr6,55931500
41.31611633300781,0.6231356286502192,chr6,56338500
35.83935546875,0.6220487241143635,chr6,56603500
42.2525634765625,0.6913527949731865,chr6,56673500
42.181339263916016,0.6811450515255821,chr6,56693500
35.63956069946289,0.8864729979897217,chr6,57355500
38.21690368652344,0.853818817459677,chr6,57471500
25.242826461791992,0.7954281421399654,chr6,57612500
25.86443519592285,0.6629613911787737,chr6,61365500
25.03385162353516,0.7994492089155433,chr6,61367500
20.18866729736328,0.8631765509630425,chr6,61687500
22.778884887695312,0.7830117181114918,chr6,61736500
22.07261848449707,0.7718159501261919,chr6,62181500
22.271692276000977,0.7113089240835049,chr6,62351500
24.125192642211918,0.7352326688333961,chr6,63179500
39.2217903137207,0.7286746034742446,chr6,63462500
27.616405487060547,0.6782080711356737,chr6,63905500
29.15028190612793,0.78521345094554,chr6,64454500
37.1285514831543,0.8709631472099872,chr6,64518500
26.37199592590332,0.6638951619481486,chr6,64593500
23.569204330444336,0.8230639620712701,chr6,65077500
26.897682189941406,0.7128953082466876,chr6,65105500
22.607498168945312,0.8580469826265054,chr6,65383500
30.347312927246094,0.7541521920920009,chr6,65435500
29.194171905517575,0.8763613629404602,chr6,65517500
23.11026763916016,0.7780828339047787,chr6,66466500
26.912887573242188,0.8054362346856805,chr6,66742500
51.58308029174805,0.8065789781516415,chr6,67330500
29.174087524414062,0.7552584069052178,chr6,67625500
43.919044494628906,0.7264270082335447,chr6,68035500
41.61387252807617,0.7009963821267673,chr6,68526500
53.963626861572266,0.9664340379692353,chr6,68831500
39.67534255981445,0.8272323630483394,chr6,69745500
36.59554672241211,0.6959307229485354,chr6,70933500
33.84317779541016,0.7604096143694119,chr6,71044500
33.699188232421875,0.6563499516245048,chr6,71291500
46.24658203125,0.6106985084819614,chr6,72611500
47.09318923950195,0.7906765194379882,chr6,73251500
45.80593490600586,0.7886639399474913,chr6,73257500
45.962623596191406,0.9269315651116445,chr6,73268500
40.297306060791016,0.7724478562109451,chr6,73787500
52.04824447631836,0.7839802759835083,chr6,75350500
56.03623962402344,0.9491225877266078,chr6,75632500
23.080835342407227,0.61876371702787,chr6,76349500
26.954652786254883,0.7107194020365761,chr6,76459500
28.0691032409668,0.7953049538779191,chr6,76462500
26.41819953918457,0.9534756213511452,chr6,76848500
25.121679306030277,0.8416144362596654,chr6,76877500
24.249292373657227,0.6862260883243032,chr6,77216500
22.203611373901367,0.8665920769161917,chr6,77519500
33.71308898925781,0.7062143915212362,chr6,77653500
26.065082550048828,0.7676686613637724,chr6,77918500
25.906036376953125,0.7028615910958342,chr6,78708500
37.18122863769531,0.7773135913925191,chr6,79308500
44.3559684753418,0.7248420691863866,chr6,79379500
40.99741363525391,0.5534055705624336,chr6,80080500
34.78133010864258,0.7681778163691215,chr6,80368500
23.333759307861328,0.5667076180646904,chr6,80637500
28.791200637817383,0.825200842146641,chr6,80971500
25.38625907897949,0.7629056823734033,chr6,81054500
21.339473724365234,0.7655727799137103,chr6,81278500
21.30560302734375,0.617059846265638,chr6,81571500
54.854103088378906,0.9400141929769068,chr6,82989500
46.94462203979492,0.7620093092133117,chr6,83425500
46.2213134765625,0.7970631594411518,chr6,84675500
43.658668518066406,0.6985954983688631,chr6,84709500
36.632171630859375,0.7003830833599856,chr6,85174500
40.519142150878906,0.7822843004212608,chr6,85398500
26.79857635498047,0.6502265391351456,chr6,86215500
26.111120223999023,0.744326064216385,chr6,86534500
47.23335647583008,0.8362908694552602,chr6,87228500
43.67313003540039,0.8182053240085135,chr6,87468500
41.35923004150391,0.8924330436376049,chr6,87626500
44.82509994506836,0.7276168289625469,chr6,87798500
45.26372909545898,0.6632405021652126,chr6,87826500
38.52660369873047,0.6904061564637072,chr6,87916500
36.41363525390625,0.5649202042107446,chr6,87959500
36.803707122802734,0.7890175191755977,chr6,90956500
22.209924697875977,0.8340062909297645,chr6,91342500
20.33275032043457,0.6414594601345769,chr6,91405500
23.889528274536133,0.7983637677822043,chr6,92275500
20.21240234375,0.840704959165771,chr6,92724500
22.40049171447754,0.6616472196905605,chr6,93973500
22.38471221923828,0.5975862176367492,chr6,94022500
21.756208419799805,0.7114802361445619,chr6,94058500
25.92867088317871,0.5590814487520145,chr6,94875500
25.322755813598636,0.7026013748651945,chr6,95136500
20.18293571472168,0.6961783640153016,chr6,95274500
55.42179870605469,0.990092096158769,chr6,95577500
26.65677070617676,0.736548429249334,chr6,95881500
20.09178733825684,0.8153440186266656,chr6,96090500
44.742923736572266,0.7657456007784942,chr6,96626500
48.43642425537109,0.6821384520406322,chr6,96812500
23.333972930908203,0.6399011089081849,chr6,98271500
23.366493225097656,0.5813114702530375,chr6,98316500
32.36565017700195,0.9246197813070673,chr6,98389500
23.005619049072266,0.7168447105926442,chr6,98652500
40.3122444152832,0.6074428334615352,chr6,98747500
50.46500778198242,0.8445711896196257,chr6,98934500
37.73020935058594,0.727190342807505,chr6,99025500
55.09098815917969,0.86630886102894,chr6,99520500
45.58975601196289,0.8812718730921887,chr6,99565500
34.70669937133789,0.799790661274055,chr6,99705500
27.386062622070312,0.5821177791189164,chr6,99973500
31.831085205078125,0.5141361413737753,chr6,101036500
29.032005310058597,0.7349423314323082,chr6,101710500
24.105972290039062,0.6630376701007776,chr6,101737500
23.34274101257324,0.7873915563460995,chr6,101819500
21.090803146362305,0.8114713183294394,chr6,102351500
21.714584350585938,0.6443281601989526,chr6,102578500
24.126813888549805,0.7416500920866579,chr6,103048500
21.064796447753903,0.8582312991254276,chr6,103261500
22.21034049987793,0.8523357572172339,chr6,103565500
23.1890811920166,0.804705349893127,chr6,103614500
24.564733505249023,0.7982487846568527,chr6,104118500
23.509353637695312,0.7450434833477863,chr6,104237500
40.59442901611328,0.6824606276695767,chr6,104479500
42.65169906616211,0.8268496920167705,chr6,104772500
44.5384407043457,0.6352568494563879,chr6,105528500
44.19014358520508,0.7863805631327322,chr6,105553500
49.13680648803711,0.7325463955409853,chr6,105738500
50.63335037231445,0.8926254010535055,chr6,106825500
46.0654182434082,0.858916208294711,chr6,106868500
47.32855987548828,0.5222855101949502,chr6,107382500
46.54899215698242,0.8366324025161768,chr6,107433500
40.80692672729492,0.7442405215180115,chr6,107820500
45.44238662719727,0.7620243821083243,chr6,108104500
46.06117630004883,0.7336085158188188,chr6,108910500
48.82171249389648,0.7573275463836802,chr6,108971500
37.55194091796875,0.9016636280192601,chr6,109622500
40.59611129760742,0.7051021308263067,chr6,109626500
36.8570556640625,0.55257205525167,chr6,109840500
41.97289657592773,0.7790262790293232,chr6,109975500
51.156585693359375,0.8691270936058901,chr6,110177500
42.176177978515625,0.7011053825728475,chr6,110323500
45.28641128540039,0.836025494106496,chr6,110764500
44.0407829284668,0.8766874446533331,chr6,110787500
41.75846862792969,0.8421816047840021,chr6,111112500
45.897071838378906,0.8198218583277754,chr6,112071500
24.00037956237793,0.6640604068573299,chr6,113266500
39.90276336669922,0.616789320560069,chr6,113422500
33.43336486816406,0.7303484470552835,chr6,113461500
52.33473205566406,0.9635090770209543,chr6,113919500
50.73517990112305,0.7053945496229952,chr6,113974500
29.666399002075195,0.6298380889678986,chr6,114232500
21.504018783569336,0.8563028029762199,chr6,114408500
21.13769149780273,0.664520377725432,chr6,114566500
26.931047439575195,0.7701366874540156,chr6,115487500
24.562255859375,0.6338679021369089,chr6,115691500
46.77738571166992,0.6525783375954834,chr6,116071500
41.9234504699707,0.7987656129572824,chr6,116805500
39.22637939453125,0.6595282560244988,chr6,116881500
48.87901306152344,0.6296890728466116,chr6,118549500
53.18849182128906,0.8605654158965163,chr6,119146500
43.39939880371094,0.8203661114770681,chr6,119762500
42.66938018798828,0.7313973721107413,chr6,121183500
26.351198196411133,0.6866249235750714,chr6,121625500
47.64059829711914,0.6745368970533373,chr6,122616500
47.65468597412109,0.6821812145320262,chr6,122800500
32.240028381347656,0.5779454107305755,chr6,123039500
26.558168411254883,0.8135757123823818,chr6,123083500
32.976402282714844,0.8170614262190931,chr6,123665500
22.76978874206543,0.7764812157292853,chr6,124048500
22.3677921295166,0.6865798421844742,chr6,124391500
45.2564697265625,0.7227823435050919,chr6,125289500
40.81296157836914,0.8101784413555532,chr6,125499500
43.00026321411133,0.5264141078118951,chr6,125676500
54.38136291503906,0.8819740115525829,chr6,125925500
49.79801940917969,0.6608954908885764,chr6,126182500
21.83989143371582,0.845049873689013,chr6,126792500
25.477542877197266,0.6605302542732776,chr6,126958500
24.824115753173828,0.5464211274552517,chr6,128453500
23.298646926879883,0.5914656961878209,chr6,128861500
22.838830947875977,0.7400564725268011,chr6,128892500
46.17708969116211,0.8531575928780645,chr6,130061500
45.66033935546875,0.8081906431817467,chr6,130164500
37.394325256347656,0.6752185826584867,chr6,130458500
44.106712341308594,0.616330397939623,chr6,131602500
43.75075912475586,0.6592790682950276,chr6,131796500
34.89088439941406,0.5612848440285378,chr6,132378500
38.75559616088867,0.7185873459759651,chr6,132432500
43.01274108886719,0.677459446072608,chr6,132865500
39.084774017333984,0.7074441918463685,chr6,132922500
32.25621795654297,0.7643190501694008,chr6,133188500
35.016170501708984,0.46685068156359577,chr6,133619500
42.05010223388672,0.6955573867673478,chr6,134119500
53.72987747192383,0.4922908002490882,chr6,134173500
53.78998947143555,0.8272364198747835,chr6,134296500
52.07902526855469,0.7854495880372939,chr6,134517500
51.671295166015625,0.9108894465795447,chr6,135213500
50.3870735168457,0.7065916631381783,chr6,135226500
38.18630599975586,0.7902491664882647,chr6,135666500
38.604305267333984,0.6987355467326035,chr6,135689500
40.943450927734375,0.8236188952937873,chr6,135741500
49.94956588745117,0.6861758798803825,chr6,136304500
51.73368453979492,0.8519632940510888,chr6,136499500
46.15708160400391,0.45268007256589193,chr6,136555500
44.39672470092773,0.6651970521125479,chr6,137095500
43.25261306762695,0.8421617826132193,chr6,137699500
38.078495025634766,0.501432924019384,chr6,138025500
39.82401657104492,0.7464820343350986,chr6,138252500
37.11830520629883,0.7767673220120279,chr6,138290500
44.04282760620117,0.8010320942556304,chr6,138459500
49.987606048583984,0.7108386552287389,chr6,139399500
53.17693328857422,0.7725385980153991,chr6,139644500
42.32161331176758,0.8088613508462742,chr6,140180500
49.74922561645508,0.5389649427186594,chr6,140253500
45.95387649536133,0.8673557359155647,chr6,140310500
29.207237243652344,0.9464332921157671,chr6,140385500
38.06159973144531,0.8394563798072008,chr6,140865500
27.651826858520508,0.7312012748477934,chr6,140980500
21.91181182861328,0.8456986770669412,chr6,141036500
47.183013916015625,0.7660978142786083,chr6,143236500
48.67429733276367,0.7068968998051892,chr6,144035500
43.39643096923828,0.7977263845001032,chr6,144047500
41.385841369628906,0.6596280418611791,chr6,144609500
35.11424255371094,0.8770608260215276,chr6,145033500
34.27711868286133,0.7904290583776282,chr6,145045500
40.5863151550293,0.36872351974234796,chr6,145853500
47.33191680908203,0.8257658284432721,chr6,146835500
49.92570877075195,0.6581889302007508,chr6,147117500
54.55014801025391,0.9279723994276992,chr6,147126500
47.4797248840332,0.8247299238883252,chr6,147803500
46.21278381347656,0.8075129198740849,chr6,148175500
39.11075592041016,0.7014020734161122,chr6,148934500
41.20175552368164,0.7357875034894672,chr6,149002500
45.94552230834961,0.8083126182930551,chr6,149554500
48.012916564941406,0.8657218214519818,chr6,149808500
42.941444396972656,0.6359456839235834,chr6,150723500
43.37001037597656,0.766677785586545,chr6,150826500
53.034812927246094,0.801575762606255,chr6,151386500
38.645633697509766,0.7322579840591904,chr6,152049500
21.896503448486328,0.7480133405911762,chr6,153355500
19.344839096069336,0.5844476048144691,chr6,153946500
48.87871551513672,0.7257824660089356,chr6,154533500
47.208621978759766,0.7729868355175973,chr6,155360500
36.63957595825195,0.7162940253131569,chr6,155518500
32.32865524291992,0.588813462312075,chr6,155520500
47.80282974243164,0.7320931341628449,chr6,155701500
25.708051681518555,0.7662419714328419,chr6,156219500
45.42860794067383,0.789279792003071,chr6,156674500
42.21635055541992,0.6809097176966213,chr6,156676500
47.83607482910156,0.8201027903741933,chr6,156759500
50.11207962036133,0.6363355990185163,chr6,156820500
54.21387481689453,0.867498223799269,chr6,156855500
49.51595306396485,0.7776300230592368,chr6,156903500
46.01997756958008,0.8294192113632026,chr6,157686500
48.2031135559082,0.8373873895115607,chr6,157916500
50.84382247924805,0.869860054877273,chr6,158038500
50.21613311767578,0.8431514226642811,chr6,158110500
46.33321762084961,0.7296983277051903,chr6,158420500
40.79894256591797,0.5788722196578185,chr6,158685500
46.28731155395508,0.7270994878635699,chr6,159013500
43.053131103515625,0.8237447613509405,chr6,159829500
46.21812438964844,0.699714690313282,chr6,160085500
47.23090362548828,0.8401108615127378,chr6,161089500
50.25015258789063,0.8397878573856461,chr6,161406500
43.396263122558594,0.699588535267484,chr6,161495500
37.34485626220703,0.6013583572456471,chr6,162223500
47.70962142944336,0.7596724259288343,chr6,162725500
27.01009559631348,0.8015177896770209,chr6,162817500
42.32918548583984,0.7341075585491184,chr6,163198500
47.10628509521485,0.6780651237062958,chr6,163756500
49.13390350341797,0.6345339673017677,chr6,163798500
45.4995346069336,0.5493313502584203,chr6,163817500
46.49617004394531,0.8344086482651516,chr6,164351500
36.20256423950195,0.8775372593372268,chr6,166789500
47.49778366088867,0.5547417733719667,chr6,168424500
37.797210693359375,0.7001764394615663,chr6,168708500
38.46127700805664,0.6449751675996513,chr6,168749500
38.31270599365234,0.48438586351897506,chr6,168775500
37.46148300170898,0.7346479732212876,chr6,169321500
39.150856018066406,0.7154256261792824,chr6,169506500
38.31872177124024,0.5814641963577478,chr6,169882500
52.0695686340332,0.5779803028075612,chr6,170310500
37.17398834228516,0.733826045415241,chr7,359500
48.06745910644531,0.8899362533703458,chr7,467500
51.4196662902832,0.928936411359461,chr7,821500
48.68805313110352,0.6730025027581559,chr7,2290500
46.1929931640625,0.7848680676457457,chr7,2786500
46.24724197387695,0.7701544722235238,chr7,2929500
47.57710647583008,0.6343913071848102,chr7,2992500
50.25468826293945,0.6437893501772891,chr7,2999500
32.33970642089844,0.6267521319659735,chr7,3317500
42.27571487426758,0.8649792776325347,chr7,3467500
44.17397689819336,0.75752257140119,chr7,4454500
47.36408233642578,0.7906386219204472,chr7,4716500
39.11349487304688,0.7420768211245237,chr7,4862500
42.50651168823242,0.8204309282625157,chr7,4959500
48.59897232055664,0.724512111225941,chr7,5242500
53.17457580566406,0.9960457931020089,chr7,5781500
44.22678756713867,0.7285141784821305,chr7,5843500
49.16992568969727,0.8098422032307003,chr7,6405500
40.48081970214844,0.7550693373650132,chr7,6871500
47.49980926513672,0.7801714618638336,chr7,7415500
47.33023834228516,0.6951826245674404,chr7,7515500
46.53811264038086,0.8054934135005573,chr7,7622500
47.168113708496094,0.7041780462226115,chr7,8723500
31.75482177734375,0.840056920289703,chr7,9079500
20.581148147583008,0.7343248110718478,chr7,9160500
34.315059661865234,0.6102996121134536,chr7,9662500
21.15374565124512,0.7762233557198832,chr7,10015500
38.5129280090332,0.715252228731349,chr7,10450500
50.96468353271485,0.8476212962985336,chr7,10742500
45.74894714355469,0.6938987981630429,chr7,10880500
47.49602508544922,0.5524915250168179,chr7,10905500
44.684329986572266,0.8011723478602898,chr7,11207500
49.03257369995117,0.7554012178675343,chr7,11275500
48.7638053894043,0.7238897142318566,chr7,11296500
41.14529037475586,0.5860207354130462,chr7,12272500
50.849754333496094,0.7563988401023742,chr7,12959500
22.00435256958008,0.8084244671086653,chr7,13423500
44.65923690795898,0.6265395051433846,chr7,14082500
19.825719833374023,0.8478214685491414,chr7,14604500
21.13141441345215,0.8297816664659369,chr7,14622500
22.93046188354492,0.8331526845797148,chr7,14628500
20.926868438720703,0.8549971280196593,chr7,15206500
20.838510513305664,0.6238725987561327,chr7,15250500
21.243072509765625,0.8361619823846124,chr7,15471500
24.17839241027832,0.7154108015138916,chr7,15599500
23.344017028808597,0.4972135973637021,chr7,15723500
37.31361389160156,0.7455937883071405,chr7,16027500
54.205902099609375,0.8151903775415841,chr7,16668500
43.87718963623047,0.77216228988588,chr7,16907500
30.428810119628903,0.5511446409703205,chr7,17492500
44.98904037475586,0.7608236997857435,chr7,17815500
46.17858505249024,0.6647684677020687,chr7,17956500
52.17964172363281,0.49916685667858396,chr7,18211500
44.925819396972656,0.815984423326639,chr7,18304500
26.33010482788086,0.7468599792557822,chr7,18391500
22.414628982543945,0.7217150167559966,chr7,18687500
24.24346923828125,0.9049295109143362,chr7,19344500
22.317834854125977,0.5799266599395394,chr7,19389500
49.91905212402344,0.8220685634529986,chr7,20154500
47.90216827392578,0.5695149167953701,chr7,20556500
40.64063262939453,0.654500009092092,chr7,20669500
35.59467697143555,0.8372614133755232,chr7,21174500
38.84555816650391,0.6543819695873958,chr7,21573500
48.224700927734375,0.7697745536911621,chr7,22126500
39.38265609741211,0.9119256187738921,chr7,22493500
51.19307708740234,0.7660460047000657,chr7,22598500
55.56880569458008,0.9825805621493088,chr7,22707500
49.81866455078125,0.5768452510560688,chr7,22835500
49.73814010620117,0.7065672638615462,chr7,22981500
55.47560119628906,0.9841482330684701,chr7,23472500
45.7633056640625,0.7875464962621043,chr7,23896500
42.88473510742188,0.7232321692919945,chr7,23942500
40.4988899230957,0.7509582122881351,chr7,24091500
41.286991119384766,0.5269607978760753,chr7,24508500
45.2983283996582,0.5691538734960813,chr7,25438500
41.89991760253906,0.6273585401182449,chr7,25534500
50.34638595581055,0.5268048304470678,chr7,25832500
43.60099029541016,0.8446894392534551,chr7,26135500
46.34342956542969,0.705675027238666,chr7,26142500
45.326393127441406,0.7469009376784601,chr7,26360500
40.91339492797852,0.5884136786018783,chr7,26562500
46.6240119934082,0.7387521600872798,chr7,28401500
38.262054443359375,0.5415331100329873,chr7,29248500
45.218868255615234,0.6276676427155727,chr7,29473500
39.56307220458984,0.5617160755669335,chr7,29500500
44.59623336791992,0.720089035348157,chr7,30453500
41.37850570678711,0.6354729577361926,chr7,30969500
33.25907897949219,0.518055723706063,chr7,31146500
35.87413024902344,0.8445693432643822,chr7,31286500
32.00836563110352,0.5965572415082384,chr7,31979500
40.3372917175293,0.5841177868697618,chr7,32321500
46.48930358886719,0.825365450447765,chr7,32854500
42.48738098144531,0.6949636831020966,chr7,33136500
39.25148010253906,0.6976745220718623,chr7,33790500
34.760101318359375,0.6406891870291009,chr7,33914500
36.00057601928711,0.8370013058542536,chr7,33952500
34.07109069824219,0.8306268627042301,chr7,34615500
35.42227554321289,0.5691737571060234,chr7,35456500
42.0638313293457,0.7701888871978327,chr7,36225500
45.87763595581055,0.8314495655220037,chr7,36382500
38.95328903198242,0.7259934729728048,chr7,36880500
43.08437728881836,0.6506787224116043,chr7,37080500
42.67442321777344,0.6729125526201045,chr7,39110500
47.45918273925781,0.7747846656550289,chr7,39462500
48.288604736328125,0.6129665634940062,chr7,39520500
47.20253372192383,0.6900096310697583,chr7,39817500
46.7379150390625,0.8087783033620041,chr7,39829500
45.14945602416992,0.6649218811017334,chr7,39900500
45.49562072753906,0.8435110464736645,chr7,39920500
41.5860481262207,0.7016687799131909,chr7,40354500
23.81047248840332,0.7731814100189087,chr7,41133500
21.74264144897461,0.8049602872505754,chr7,41218500
21.95754814147949,0.7367563292345269,chr7,41344500
39.039852142333984,0.7570097678306849,chr7,42018500
29.78363609313965,0.7295475867964907,chr7,42556500
50.47602844238281,0.831951290149949,chr7,44823500
50.66482925415039,0.6949233015948546,chr7,44861500
55.0340690612793,0.9125831761167987,chr7,44994500
44.30727005004883,0.741387469611819,chr7,45247500
23.514881134033203,0.7216830085475803,chr7,46345500
22.56925201416016,0.7530416592461069,chr7,46779500
37.62640380859375,0.6728543020590823,chr7,47334500
38.64948272705078,0.6560274241653798,chr7,48134500
33.479156494140625,0.7461202705675397,chr7,48258500
35.428619384765625,0.5903290324177589,chr7,48352500
38.69395065307617,0.6918723563660791,chr7,48634500
21.48343849182129,0.80107956404838,chr7,49730500
37.38824081420898,0.6471214547170677,chr7,50055500
44.198204040527344,0.6328622871477703,chr7,50156500
53.34048461914063,0.7936046572197628,chr7,50260500
51.93297958374024,0.8751178885153204,chr7,50795500
38.52384948730469,0.7158458905144947,chr7,50835500
43.05278778076172,0.7321043678177721,chr7,50988500
38.72344970703125,0.6976083284954747,chr7,51087500
36.72392654418945,0.37059328992164564,chr7,51470500
22.25579833984375,0.893345415963624,chr7,51844500
25.46368789672852,0.6474609306817325,chr7,51930500
27.75742721557617,0.888154871684702,chr7,52362500
21.2553825378418,0.6939494231677054,chr7,52585500
20.880239486694336,0.6874859254022021,chr7,52647500
21.72770500183105,0.7836280424544838,chr7,53118500
23.74034118652344,0.6417938282552484,chr7,53218500
35.49774169921875,0.8026176042807127,chr7,53612500
26.998897552490234,0.669321299082009,chr7,54298500
25.98674201965332,0.7423404690056954,chr7,54337500
24.08146858215332,0.5202945511245802,chr7,54392500
23.134754180908203,0.6092439444071323,chr7,54406500
34.02700424194336,0.5544992839873104,chr7,54848500
25.889917373657227,0.6501753369767814,chr7,56325500
27.62328720092773,0.7418026138775317,chr7,56566500
20.147363662719727,0.859963646572012,chr7,56639500
24.44837951660156,0.8799124416638048,chr7,56729500
23.51150894165039,0.9006385559867148,chr7,56770500
26.5353946685791,0.849566917918774,chr7,57689500
24.54178047180176,0.5350867549581699,chr7,57779500
25.15886688232422,0.622866217167473,chr7,57904500
21.863800048828125,0.8680433215351915,chr7,58001500
28.41168785095215,0.6115780636649348,chr7,60997500
20.036701202392575,0.7210342122463789,chr7,61953500
21.46654891967773,0.7998744387999064,chr7,62156500
21.485084533691406,0.8131045096970093,chr7,62378500
21.909500122070312,0.6325855732000627,chr7,62845500
26.061744689941406,0.8249736561382325,chr7,63825500
25.900022506713867,0.6307760314507095,chr7,64149500
21.025758743286133,0.4587781097480953,chr7,64292500
25.65032768249512,0.8406723547022016,chr7,64513500
34.65605545043945,0.6177259666072801,chr7,65561500
41.67135620117188,0.7652103392558914,chr7,66185500
51.258914947509766,0.8726565895611091,chr7,66634500
50.31238555908203,0.840266214180822,chr7,67160500
27.641883850097656,0.9040384843937923,chr7,67286500
40.04241943359375,0.5865753788922848,chr7,67515500
31.47596549987793,0.7443476205595043,chr7,67854500
34.86410903930664,0.49894930290203,chr7,68085500
38.994667053222656,0.711929822441924,chr7,68630500
37.471187591552734,0.7862073242600013,chr7,68699500
40.25598907470703,0.6286394523900656,chr7,68743500
39.17032241821289,0.4970154843687157,chr7,69441500
38.79956817626953,0.5869420470430848,chr7,69978500
37.38282012939453,0.6855937560732694,chr7,69979500
35.91438674926758,0.8293559146554228,chr7,70130500
39.97389602661133,0.7369734455276448,chr7,70558500
42.23022079467773,0.7424272750054725,chr7,71033500
40.94951629638672,0.7740002313872671,chr7,71208500
42.697547912597656,0.6965426938698466,chr7,72131500
41.27547073364258,0.7249411880045896,chr7,72295500
48.31536865234375,0.6355617780339134,chr7,72672500
51.21357727050781,0.6722609820602345,chr7,72921500
49.91824722290039,0.7864059513100674,chr7,73736500
50.09493255615234,0.7597834193060847,chr7,73746500
53.27441787719727,0.9748548529214899,chr7,74253500
51.08008193969727,0.9031177047306957,chr7,74994500
47.03160095214844,0.8126777513299472,chr7,75436500
48.6280632019043,0.7889205598801143,chr7,75983500
47.85110855102539,0.78760440170244,chr7,76105500
48.622352600097656,0.7612513972932281,chr7,76155500
28.90612030029297,0.7680544265222415,chr7,76637500
45.12246322631836,0.6896159031062861,chr7,77456500
45.34778594970703,0.8111327448574521,chr7,78090500
39.00517654418945,0.7912986736533116,chr7,78102500
41.17296600341797,0.7257252804810985,chr7,78189500
43.116153717041016,0.7716772207765539,chr7,78195500
29.79728889465332,0.7725143933378579,chr7,78417500
31.319551467895508,0.6661251725330615,chr7,78589500
22.590234756469727,0.7736652386720113,chr7,78914500
34.03681182861328,0.6257469527557096,chr7,79204500
21.64762115478516,0.7935927376564108,chr7,79345500
32.38603210449219,0.8350802074665241,chr7,79356500
27.38063240051269,0.6549128660078739,chr7,79740500
23.89332389831543,0.72303462560416,chr7,79876500
29.34645652770996,0.7370428110867446,chr7,80140500
22.84459114074707,0.7174569886210587,chr7,80295500
34.039981842041016,0.5088551391995915,chr7,80840500
37.62681579589844,0.6890923648790896,chr7,81362500
27.74565315246582,0.8241298298896594,chr7,81800500
21.048925399780277,0.5651305414897657,chr7,81955500
31.188743591308597,0.8632488133719206,chr7,82415500
31.910398483276367,0.7264622643899148,chr7,82465500
24.78713035583496,0.7907635764752828,chr7,83108500
27.63789367675781,0.7796185716199883,chr7,83567500
25.476505279541016,0.7857047291275914,chr7,84011500
34.36109924316406,0.7961250289799888,chr7,84514500
45.82783889770508,0.5451280375165222,chr7,84732500
53.77829360961914,0.8985995986196998,chr7,84826500
51.7355842590332,0.7567070503177739,chr7,84830500
43.8091926574707,0.5333275118521624,chr7,84978500
40.20271682739258,0.6859561702398617,chr7,84997500
22.84652328491211,0.7647445009556718,chr7,85767500
24.290966033935547,0.7799236741272326,chr7,86190500
28.771034240722656,0.6972781031436741,chr7,86687500
47.4107666015625,0.8823382261618016,chr7,86900500
47.962158203125,0.8051682427681208,chr7,87359500
34.17562484741211,0.4899648090958332,chr7,87953500
38.05759048461914,0.514943033724765,chr7,88170500
51.27384567260742,0.8793548714265215,chr7,88209500
24.649707794189453,0.7730136611912066,chr7,88403500
23.57130241394043,0.6357848498816753,chr7,89297500
27.38248443603516,0.588470928612649,chr7,89899500
44.727027893066406,0.8122918850545169,chr7,90317500
43.40972137451172,0.7487243032481197,chr7,90425500
40.49531173706055,0.7647885795050582,chr7,90464500
23.861711502075195,0.6003223017653558,chr7,90969500
26.777103424072266,0.7145885772969631,chr7,90972500
33.570350646972656,0.7153049578120192,chr7,91719500
47.20034408569336,0.7645236584004673,chr7,92365500
45.12504959106445,0.799414507817311,chr7,92441500
49.80366134643555,0.6496808869714052,chr7,92643500
45.54929733276367,0.8248917662036293,chr7,93067500
50.61611175537109,0.7326160074696624,chr7,93244500
43.338134765625,0.7604641455479609,chr7,93774500
45.64970779418945,0.8321086501624496,chr7,93933500
39.28563690185547,0.6598970281861354,chr7,94122500
33.4667854309082,0.7080717023166705,chr7,94499500
43.96443939208984,0.3805383210005916,chr7,95371500
37.034454345703125,0.6216585111720738,chr7,95786500
41.37489700317383,0.7376968332429897,chr7,96113500
49.67586135864258,0.8250458440002204,chr7,96223500
55.45931243896485,0.8026427893287701,chr7,96242500
39.65562057495117,0.7236306866158781,chr7,96672500
35.48712539672852,0.7280979418536423,chr7,96776500
56.31676483154297,0.9224351529383129,chr7,97120500
39.01161193847656,0.7683006440205532,chr7,97349500
38.63782501220703,0.6813754061839539,chr7,97799500
36.65994644165039,0.7018670695836771,chr7,97825500
47.982940673828125,0.7976233317498354,chr7,97847500
42.41696548461914,0.7982736947568219,chr7,98233500
48.39973449707031,0.7545721883857225,chr7,98314500
39.75370407104492,0.7041817166338846,chr7,98737500
42.458892822265625,0.6565017078226386,chr7,98787500
51.42280960083008,0.8813744491023011,chr7,99691500
50.95985412597656,0.8124736679903031,chr7,100600500
49.96712493896485,0.8011393726532403,chr7,100864500
42.25346755981445,0.7695913975920757,chr7,101066500
44.05781555175781,0.775403633048351,chr7,101294500
43.48210525512695,0.7530154915246499,chr7,101590500
42.94479751586914,0.6545307026209728,chr7,101801500
49.00613784790039,0.7953444190806435,chr7,102135500
44.16888427734375,0.7443155096912968,chr7,102382500
20.25212860107422,0.7634956836207991,chr7,102500500
24.020586013793945,0.4867028384206271,chr7,102575500
29.584545135498047,0.8201637025295822,chr7,102611500
47.57249069213867,0.7099787526940268,chr7,103044500
46.24633026123047,0.7943198944067897,chr7,103426500
49.60821914672852,0.7189040190427636,chr7,103884500
55.34755706787109,0.9782500047049788,chr7,104984500
49.56783676147461,0.779198534173867,chr7,105509500
42.586463928222656,0.5549084956346843,chr7,105748500
52.97803497314453,0.8078400429571033,chr7,106680500
45.99882507324219,0.7482865110677284,chr7,107550500
49.30643844604492,0.8025800905351377,chr7,107597500
49.00635147094727,0.7539336604686392,chr7,108207500
39.99825668334961,0.7131520201337914,chr7,108453500
24.6189079284668,0.5603411096301858,chr7,108891500
23.989370346069336,0.6359059521163115,chr7,109077500
25.17025184631348,0.6267935336840181,chr7,109507500
24.926515579223636,0.4920238707092167,chr7,109907500
29.633358001708984,0.7762515533513338,chr7,110378500
24.69399070739746,0.5365670967902232,chr7,110515500
42.78326797485352,0.609590723427512,chr7,110638500
40.42835235595703,0.8196333001347882,chr7,111632500
45.96343612670898,0.7618776458143356,chr7,111659500
39.34706878662109,0.56379752061367,chr7,111716500
41.137786865234375,0.7445363482803129,chr7,112275500
28.42592430114746,0.7339665488022489,chr7,113489500
26.887752532958984,0.36266037890019276,chr7,113618500
27.488733291625977,0.6258200543698303,chr7,113692500
28.375316619873047,0.7720578324701791,chr7,113714500
23.67667388916016,0.79541102826889,chr7,113952500
27.48426055908203,0.7091778708026021,chr7,114781500
26.286243438720703,0.7197863403197056,chr7,115642500
26.89332771301269,0.6518801640800589,chr7,115880500
48.53154754638672,0.8055531117228364,chr7,117133500
34.194217681884766,0.6996779697514519,chr7,117264500
44.17548751831055,0.7873647422305692,chr7,118239500
24.064661026000977,0.8262991995665031,chr7,118512500
33.848934173583984,0.6979500368244332,chr7,118546500
27.790632247924805,0.8311063045956488,chr7,118973500
30.37324523925781,0.7454370941015753,chr7,119341500
37.695220947265625,0.6221351730445892,chr7,119539500
45.70161819458008,0.8341298360438765,chr7,119785500
40.40813827514648,0.7490679127991471,chr7,120098500
36.895877838134766,0.7180596683887868,chr7,120630500
34.327911376953125,0.8262522180019483,chr7,121654500
23.99220848083496,0.8205140685497764,chr7,122247500
23.42403793334961,0.666960120091182,chr7,122504500
22.474159240722656,0.7424314133815476,chr7,123299500
38.1584587097168,0.8806479952779477,chr7,123366500
22.714597702026367,0.8417183966564148,chr7,124371500
27.5319766998291,0.6981828523318729,chr7,124383500
23.044546127319336,0.6114636782676434,chr7,124639500
36.564735412597656,0.7225752501664523,chr7,125086500
26.603294372558597,0.7827285647524078,chr7,125736500
22.19722557067871,0.6713471964638582,chr7,125833500
23.96436882019043,0.5486345295554942,chr7,126372500
45.59991836547852,0.6609800012493567,chr7,126663500
26.780271530151367,0.8198607022878045,chr7,126841500
41.20048522949219,0.6895941970149884,chr7,127218500
47.10807800292969,0.598223688453298,chr7,127344500
45.95008087158203,0.850857985809653,chr7,127718500
41.81277084350586,0.7366793426221832,chr7,127734500
48.76405334472656,0.5241264833607917,chr7,128008500
38.21041488647461,0.7499596155713824,chr7,128283500
46.64828109741211,0.7903138376954919,chr7,128847500
46.81147384643555,0.8265411655422368,chr7,128957500
50.32037353515625,0.7099279421467274,chr7,129409500
53.13920211791992,0.779910351495777,chr7,130010500
54.82473373413086,0.8713569614926421,chr7,130201500
43.3117790222168,0.7776723112042627,chr7,130454500
41.9638786315918,0.6977416380465673,chr7,130777500
40.80445098876953,0.827806040412493,chr7,130789500
47.308349609375,0.7337346518760297,chr7,131041500
45.6959114074707,0.8309804359828195,chr7,131187500
45.16308975219727,0.6390255482902207,chr7,131200500
46.69401168823242,0.6358564566607741,chr7,131497500
46.19073867797852,0.7077506377727283,chr7,131503500
42.52667236328125,0.6108470593315092,chr7,131871500
38.04692840576172,0.6870489125260182,chr7,132073500
41.225093841552734,0.8229414190591302,chr7,132671500
49.70452117919922,0.6881455458632655,chr7,132921500
39.98442840576172,0.6510682093721754,chr7,133100500
47.33258438110352,0.6428797103415419,chr7,133697500
49.1370964050293,0.747363915061499,chr7,133981500
41.33940887451172,0.7258233877998342,chr7,134707500
42.76211166381836,0.7774400807992967,chr7,134729500
20.470457077026367,0.7588188841367339,chr7,137152500
25.67023086547852,0.7233303780921544,chr7,137351500
38.7675895690918,0.6761407659804006,chr7,137836500
50.26251602172852,0.849445426354991,chr7,137881500
50.71072769165039,0.8471636101486352,chr7,138254500
42.2076530456543,0.6933971557580205,chr7,138929500
41.58699798583984,0.7548776231784731,chr7,138932500
47.03868103027344,0.8024949554359055,chr7,139051500
48.50838470458984,0.8094317921957208,chr7,139663500
49.74010467529297,0.6312074381284221,chr7,139881500
48.50820159912109,0.6156232839452318,chr7,140407500
43.13865661621094,0.6824388226968612,chr7,140532500
42.681396484375,0.7436944081753176,chr7,141255500
26.154415130615234,0.553579952992487,chr7,141948500
34.390586853027344,0.7894272092855842,chr7,142148500
34.67436218261719,0.6603620313474678,chr7,142286500
43.736793518066406,0.6187781866021922,chr7,142506500
50.11101913452149,0.8395020792264072,chr7,143386500
49.68659973144531,0.6001391677796639,chr7,143387500
45.01353073120117,0.740985715842245,chr7,143420500
49.355751037597656,0.9517889524674985,chr7,145804500
31.000423431396484,0.5084938127803569,chr7,146133500
27.199920654296875,0.7916973815642578,chr7,146358500
22.20133781433105,0.7026178781645757,chr7,146493500
22.45707130432129,0.7353289720214315,chr7,146624500
24.976991653442383,0.6549430471864299,chr7,146877500
22.304441452026367,0.6806536942651339,chr7,147017500
25.463254928588867,0.7104231217361419,chr7,147783500
22.196866989135746,0.6429890069914411,chr7,147943500
38.76517868041992,0.8048790110948061,chr7,148319500
41.76812744140625,0.8202525345528262,chr7,148590500
41.16599655151367,0.783441649713237,chr7,148634500
52.712738037109375,0.8020758255823979,chr7,148841500
49.98440170288086,0.7835253097551378,chr7,149230500
47.16615295410156,0.7038413608630498,chr7,149484500
34.58882522583008,0.6777238003217512,chr7,149676500
40.684356689453125,0.7875895022633476,chr7,149797500
38.74401092529297,0.7001141873174762,chr7,150453500
29.64034652709961,0.5580738555328415,chr7,150598500
50.11896133422852,0.8546037762653229,chr7,151021500
53.84195709228516,0.9741985378100568,chr7,151083500
49.80396270751953,0.8415893079207695,chr7,151098500
41.446659088134766,0.7971771779149188,chr7,151260500
45.405155181884766,0.860922065867502,chr7,151336500
40.77368927001953,0.7391931529292376,chr7,151793500
38.98295974731445,0.6460006297983099,chr7,153021500
39.567970275878906,0.6139818836862465,chr7,153024500
40.24896240234375,0.7311128366250406,chr7,153544500
28.26075935363769,0.6713066893042834,chr7,154001500
49.26864242553711,0.5581016086187731,chr7,155210500
35.11260223388672,0.7274805942333888,chr7,155349500
38.91641616821289,0.7441161645207557,chr7,155468500
52.43389892578125,0.8135565817662309,chr7,155651500
37.56680679321289,0.7205369157583146,chr7,155906500
41.742435455322266,0.6172486782065073,chr7,156301500
35.694026947021484,0.7810223184584998,chr7,157719500
36.97203063964844,0.7505605144594303,chr7,157854500
29.128881454467773,0.6288773656435914,chr7,158071500
41.93355941772461,0.7477578255896744,chr7,158234500
32.95210266113281,0.5862991202111993,chr7,158402500
43.93745040893555,0.5783431024435386,chr8,386500
27.41092300415039,0.7319690385832011,chr8,699500
31.90718078613281,0.739517545948785,chr8,938500
35.82537841796875,0.7468601910023169,chr8,1905500
39.18732452392578,0.7769982618713189,chr8,2129500
36.9393424987793,0.7440262883709418,chr8,2577500
42.39360046386719,0.6548416784749796,chr8,2591500
25.700164794921875,0.8312435851864927,chr8,4903500
22.055330276489254,0.6522037065562735,chr8,5143500
24.714630126953125,0.9313492776062929,chr8,5275500
23.748544692993164,0.7696587009633181,chr8,5315500
27.737194061279297,0.6409772578327839,chr8,5610500
22.45075035095215,0.765541837435908,chr8,5800500
49.196434020996094,0.6675235710606667,chr8,6521500
34.81352996826172,0.6449223620961921,chr8,6942500
45.692665100097656,0.7741415450135085,chr8,8289500
43.78448867797852,0.767430482652536,chr8,8315500
51.644569396972656,0.9255717243837699,chr8,8805500
45.88157272338867,0.7242078997822463,chr8,9128500
40.37493133544922,0.6932679951466059,chr8,9428500
30.420804977416992,0.7174802853619064,chr8,9808500
45.89763259887695,0.8690696345912027,chr8,10592500
41.08440017700195,0.715203708678843,chr8,10746500
42.86036682128906,0.5706825432244962,chr8,10748500
36.40420913696289,0.8497513821362529,chr8,11043500
38.18540954589844,0.7152197823045613,chr8,11102500
22.480833053588867,0.7678946619179132,chr8,12605500
41.7301139831543,0.7676956477601415,chr8,13021500
51.89654922485352,0.9597751156317474,chr8,13112500
46.85071563720703,0.717916547259082,chr8,13285500
29.623741149902344,0.6897384269014606,chr8,13691500
23.72233009338379,0.6635765812643197,chr8,13836500
23.791229248046875,0.8998903181598042,chr8,13985500
20.931055068969727,0.665535824064885,chr8,14416500
23.02166175842285,0.697640194266165,chr8,14643500
26.857032775878903,0.8057249446919048,chr8,14679500
22.01414680480957,0.7604262908801702,chr8,14812500
26.146329879760746,0.7961683663678067,chr8,15025500
24.435205459594727,0.7634807244451076,chr8,15029500
51.41862487792969,0.915545497955997,chr8,15416500
21.77411460876465,0.7230293590507956,chr8,16155500
32.55996322631836,0.7582825204281453,chr8,16192500
23.26956558227539,0.5922704845999547,chr8,16315500
32.24031066894531,0.6120093978005673,chr8,17003500
40.22100067138672,0.7129166228488402,chr8,17715500
54.89409637451172,0.7947182323437073,chr8,17921500
47.47208786010742,0.7740240509894192,chr8,18103500
46.49421691894531,0.7277465256382609,chr8,18244500
35.04630661010742,0.7509467866328969,chr8,18417500
35.6768684387207,0.6398403480674963,chr8,18486500
41.49630737304688,0.7654160073468321,chr8,20451500
49.83434677124024,0.6765041563411078,chr8,21989500
45.35980224609375,0.7674887795249586,chr8,22553500
50.2130012512207,0.6614550915519175,chr8,22952500
50.28548812866211,0.8301181853140736,chr8,23025500
41.562774658203125,0.6848887399317951,chr8,23331500
26.52900505065918,0.7939754157044883,chr8,24440500
24.547992706298828,0.6868062429208299,chr8,24565500
24.58371925354004,0.7517627422424502,chr8,24627500
36.88875198364258,0.652211045521832,chr8,25725500
36.48418426513672,0.6740816006445128,chr8,26041500
40.840606689453125,0.6663017087200738,chr8,26135500
41.77981948852539,0.7964266984757302,chr8,26166500
41.75454330444336,0.5503117708623773,chr8,26209500
47.023250579833984,0.7564611313332104,chr8,26242500
47.61153030395508,0.8334502629493189,chr8,26281500
55.8453369140625,0.8533552374784511,chr8,26295500
33.541351318359375,0.5734505201320551,chr8,26789500
46.98714065551758,0.6879046364551051,chr8,27000500
39.80990982055664,0.8199742068097942,chr8,27047500
42.93767547607422,0.5563772917096375,chr8,27258500
50.349945068359375,0.780932704284128,chr8,27401500
47.24791717529297,0.5578771021744899,chr8,27749500
48.35387420654297,0.715269804507558,chr8,27943500
42.63822937011719,0.5976183405726303,chr8,28227500
46.19111251831055,0.8065056169190337,chr8,28787500
50.99349594116211,0.8901234905950149,chr8,28925500
38.22272491455078,0.7418608033582157,chr8,29854500
50.48915481567383,0.8018466302926238,chr8,30139500
45.53983688354492,0.8122030487783864,chr8,30311500
47.50219345092773,0.6185014646994962,chr8,30546500
47.38275909423828,0.6712872772833378,chr8,30684500
25.37063980102539,0.7760681828565509,chr8,32024500
28.698501586914062,0.7559620393883657,chr8,32109500
26.09358787536621,0.8144891594470148,chr8,32181500
22.30025291442871,0.7218734810179792,chr8,32969500
25.59680557250977,0.6233536758611802,chr8,33909500
27.344057083129883,0.7491873063369651,chr8,34111500
24.876131057739254,0.3995835177649335,chr8,34218500
26.626325607299805,0.6156301264716497,chr8,34362500
21.48265647888184,0.6942573577747839,chr8,34577500
20.97115898132324,0.5811760955290586,chr8,35140500
26.404226303100582,0.6737466213386205,chr8,35385500
24.07974624633789,0.769579652402516,chr8,35767500
23.93256378173828,0.8724957231262749,chr8,35804500
25.39639663696289,0.703307392561594,chr8,35884500
35.37992858886719,0.7462768335157282,chr8,36774500
44.26948928833008,0.8611766362905596,chr8,37613500
42.525909423828125,0.7679817679325172,chr8,37688500
50.27627182006836,0.675163051886257,chr8,37919500
56.31676483154297,0.9505104588017185,chr8,38380500
45.67537307739258,0.8629699011713534,chr8,39858500
44.03032302856445,0.6661946268063604,chr8,40544500
41.33128356933594,0.6034109676491588,chr8,40830500
46.1401481628418,0.7110726017141771,chr8,41003500
41.17488098144531,0.8148768961139405,chr8,41393500
45.92829895019531,0.6543030383326058,chr8,41725500
48.02009963989258,0.703430041154733,chr8,42709500
45.629173278808594,0.7397147353965108,chr8,43197500
20.20332145690918,0.7318412432691144,chr8,43843500
33.21730422973633,0.693408777744249,chr8,46207500
37.35466384887695,0.6868496546321856,chr8,46588500
39.155311584472656,0.7111658288327423,chr8,46665500
36.33171081542969,0.7605002842598371,chr8,46922500
48.24227523803711,0.7595965596765746,chr8,47110500
44.79099655151367,0.8007736105885142,chr8,47221500
51.04064178466797,0.7836211491558105,chr8,47904500
47.84626388549805,0.8782629386033376,chr8,47910500
34.582454681396484,0.7198402790528724,chr8,48543500
36.13698196411133,0.643321321254489,chr8,48748500
37.017364501953125,0.8328046457911094,chr8,48866500
20.173025131225582,0.5766362568959293,chr8,49517500
26.512680053710938,0.7091366877723917,chr8,49534500
23.22624969482422,0.8078491131349324,chr8,49888500
23.07264518737793,0.8652689611696947,chr8,50250500
20.89651298522949,0.7574782373375383,chr8,50569500
19.800512313842773,0.8626452364878872,chr8,50800500
26.9407958984375,0.690112677894561,chr8,50957500
27.26205062866211,0.8128388666227634,chr8,51215500
34.68193435668945,0.5861698632642671,chr8,52115500
36.53062057495117,0.7459325549980269,chr8,52274500
39.20158004760742,0.789750809500653,chr8,52427500
41.85495376586914,0.7060664194154732,chr8,52744500
37.907752990722656,0.6855979623207036,chr8,52973500
34.597591400146484,0.520530662556127,chr8,53223500
39.337684631347656,0.5461889697823984,chr8,53303500
37.48470306396485,0.544200543682321,chr8,53330500
47.889278411865234,0.7895960546304959,chr8,54239500
38.81402969360352,0.7044019830200141,chr8,54364500
35.7963981628418,0.7426379181115796,chr8,54841500
38.227664947509766,0.5480565722973805,chr8,55306500
41.21669769287109,0.7499626202023228,chr8,55433500
51.776641845703125,0.7701561094292649,chr8,55782500
50.39323806762695,0.9464159108045245,chr8,55973500
42.57133102416992,0.6782246668314655,chr8,57004500
32.07850646972656,0.791471563199458,chr8,57216500
38.6318473815918,0.5927039820629796,chr8,57392500
30.57127952575684,0.712192204433127,chr8,57498500
33.70329666137695,0.7045761198251401,chr8,57535500
40.19215774536133,0.8135534863414482,chr8,58109500
41.421817779541016,0.7426248339113749,chr8,58152500
38.40546417236328,0.8012879716014694,chr8,59267500
34.50516128540039,0.69391768548478,chr8,59331500
28.359622955322266,0.4791639063967692,chr8,59536500
25.009063720703125,0.8550288191765123,chr8,59544500
48.99286651611328,0.8053316591522598,chr8,60741500
46.7954330444336,0.883570732375974,chr8,60833500
44.34658050537109,0.755763060539502,chr8,60928500
50.0616455078125,0.8949108000836089,chr8,61015500
55.97391891479492,0.8941611967443015,chr8,61684500
52.14728927612305,0.8860828130619142,chr8,61738500
42.514442443847656,0.703614762790673,chr8,61942500
39.10781478881836,0.7085640742818937,chr8,62032500
41.68114471435547,0.805876476211209,chr8,62043500
24.555652618408203,0.6568284117052801,chr8,62485500
40.45536804199219,0.8098020423038927,chr8,63089500
56.15916442871094,0.9917935832055651,chr8,63169500
22.780542373657227,0.6542181603883588,chr8,63466500
21.94485092163086,0.7145548402484543,chr8,64948500
21.41197967529297,0.8280883764760558,chr8,64949500
39.78442001342773,0.8051244624662828,chr8,65475500
53.23704147338867,0.4341878564472974,chr8,65843500
38.413841247558594,0.7377148117860011,chr8,66275500
53.18815231323242,0.6102464434484587,chr8,67316500
39.24981689453125,0.6799556883650206,chr8,67800500
38.85106658935547,0.5803752991420897,chr8,68389500
22.4280948638916,0.7565316536067737,chr8,68587500
31.731645584106445,0.6779820894778925,chr8,68710500
22.209686279296875,0.7061866495955582,chr8,68963500
23.02671432495117,0.720188682056015,chr8,69140500
27.71680450439453,0.6775139406050292,chr8,69363500
34.66839599609375,0.8040471919618921,chr8,69795500
29.025230407714844,0.611490884614231,chr8,70855500
22.248645782470703,0.5977436791757842,chr8,71008500
22.920774459838867,0.6810310134416857,chr8,71289500
22.90439987182617,0.7939754157044883,chr8,71478500
44.8418197631836,0.8166618066768042,chr8,72064500
35.29473876953125,0.6133247066107071,chr8,72629500
40.7490234375,0.5693814581070664,chr8,72819500
47.77128982543945,0.7573568503145635,chr8,74048500
41.87932586669922,0.7348247007344737,chr8,74111500
28.483022689819336,0.7124455636196712,chr8,74418500
23.92835235595703,0.6966126776756265,chr8,74546500
26.34215545654297,0.6686664084110487,chr8,76260500
41.45003890991211,0.6858947049367627,chr8,76845500
27.695117950439453,0.633558749695956,chr8,77348500
27.58248519897461,0.7739927208938961,chr8,77873500
22.60716438293457,0.856377120669843,chr8,78197500
31.05657958984375,0.8235505224705391,chr8,79334500
42.51771926879883,0.6378763738954187,chr8,79623500
46.77507400512695,0.7581573235271412,chr8,79721500
40.871559143066406,0.686455650162386,chr8,80294500
39.943138122558594,0.7921022268067576,chr8,80325500
38.44539642333984,0.6894802030350299,chr8,80611500
39.62960052490234,0.6338601591317283,chr8,80987500
43.851318359375,0.8120249913197815,chr8,81145500
36.54259490966797,0.5341416940818209,chr8,81484500
52.14336395263672,0.5996469061539875,chr8,81827500
22.217506408691406,0.7949460166794857,chr8,82605500
27.37554931640625,0.7678817848501369,chr8,83387500
22.50985145568848,0.651010112700227,chr8,83578500
22.65835189819336,0.8044985615219605,chr8,83976500
24.461746215820312,0.6898968562760152,chr8,84694500
33.32680892944336,0.7111226439333738,chr8,84853500
49.80617141723633,0.72214688684731,chr8,85104500
42.72697448730469,0.6988506572458308,chr8,85322500
37.87314224243164,0.7250450134059934,chr8,86633500
27.27224922180176,0.8662115402306361,chr8,86754500
19.8867130279541,0.7952795151899703,chr8,86923500
23.06367301940918,0.6313361464198224,chr8,87059500
22.820581436157227,0.7163282036807338,chr8,87118500
24.52004051208496,0.6506424874958836,chr8,87212500
22.072376251220703,0.8355997029083038,chr8,87261500
27.325746536254883,0.5793084479058566,chr8,87751500
36.5468635559082,0.8122661475116897,chr8,87980500
28.62055206298828,0.8185603265349584,chr8,88310500
28.914426803588867,0.7516035162216839,chr8,88413500
22.078611373901367,0.5027512121731931,chr8,89018500
23.38838768005371,0.7671672191446207,chr8,89291500
22.16626739501953,0.7047922740922427,chr8,89517500
44.50054168701172,0.7518188888460021,chr8,89825500
41.16012191772461,0.6942795360741328,chr8,90487500
44.07965850830078,0.6380490241460018,chr8,90817500
42.120304107666016,0.6099206732780591,chr8,90851500
29.24864959716797,0.7199137931988036,chr8,91627500
37.71418762207031,0.7948681933134913,chr8,92577500
47.30416488647461,0.6600165764689296,chr8,92860500
36.80038070678711,0.851143518680739,chr8,93335500
47.63643264770508,0.72636805712706,chr8,93625500
43.32340621948242,0.6785876811071099,chr8,94080500
47.84004211425781,0.7896188090896437,chr8,94857500
52.14119720458984,0.8321594165063895,chr8,95061500
39.474754333496094,0.7162231828104151,chr8,96097500
46.24580001831055,0.680670965645348,chr8,96834500
48.806915283203125,0.7468216018276046,chr8,96877500
45.1281852722168,0.7804477680922565,chr8,97238500
30.326860427856445,0.601715480029434,chr8,97299500
38.64435958862305,0.738453265580036,chr8,97371500
41.90763854980469,0.6484614727245004,chr8,97956500
42.199832916259766,0.9076515203029905,chr8,98656500
38.52549362182617,0.7863613288884185,chr8,99438500
44.98272705078125,0.7906057636056834,chr8,99778500
43.37770462036133,0.7705906277347376,chr8,99840500
44.14525985717773,0.5265144226167238,chr8,100129500
52.01385498046875,0.781920844300444,chr8,100240500
48.83602142333984,0.8293431838252202,chr8,100383500
46.27295303344727,0.6553743887223302,chr8,100535500
46.40045547485352,0.6081777668752182,chr8,102047500
48.25354766845703,0.8170750099240871,chr8,102264500
51.99501800537109,0.804433952466691,chr8,102555500
41.817848205566406,0.6111852627160641,chr8,103099500
40.92253875732422,0.548228419906271,chr8,103305500
40.4492073059082,0.7625616585238638,chr8,104408500
46.1631965637207,0.670080581761094,chr8,104799500
45.36819076538086,0.6475336064837166,chr8,105063500
53.56588745117188,0.7636344503091144,chr8,105316500
50.19916534423828,0.8903143886215514,chr8,105350500
44.64624786376953,0.9458341750008217,chr8,105691500
39.52437210083008,0.5464427404464303,chr8,106404500
40.72687149047852,0.6429318991416796,chr8,106600500
40.19392395019531,0.7707432436570757,chr8,106834500
46.84343719482422,0.7894637122107191,chr8,106879500
47.02043533325195,0.8124952196755852,chr8,107250500
38.68250274658203,0.6606086276256504,chr8,107482500
40.63666915893555,0.7659172382516934,chr8,107700500
25.817947387695312,0.777085599058587,chr8,107880500
25.334373474121094,0.817993044192929,chr8,107884500
24.909337997436523,0.6588171011471842,chr8,108760500
44.055850982666016,0.48886205738149,chr8,109170500
50.4580078125,0.8391832374829616,chr8,109494500
29.80065155029297,0.7277253598028852,chr8,109825500
32.269161224365234,0.842785586719444,chr8,109907500
27.53129768371582,0.820750918684202,chr8,110327500
26.8950252532959,0.780022185560479,chr8,110524500
22.3732967376709,0.8614260119370498,chr8,111833500
30.45759010314941,0.7107020613084689,chr8,111871500
28.4682731628418,0.7355990130716883,chr8,111880500
22.4050407409668,0.7048333515703226,chr8,112490500
24.38046646118164,0.786128562372139,chr8,113504500
31.2522087097168,0.7918393829998285,chr8,114580500
38.51953506469727,0.771040628858956,chr8,115262500
34.429229736328125,0.6061554504983393,chr8,115938500
32.94792938232422,0.825761528654141,chr8,116392500
26.01158332824707,0.7571544784483691,chr8,117377500
22.653640747070312,0.7507911173822908,chr8,117394500
32.5579948425293,0.7012569736921326,chr8,117568500
28.57351303100586,0.7728715934369537,chr8,117774500
35.0634880065918,0.7692735211870108,chr8,117831500
38.48312377929688,0.7578045908499882,chr8,118165500
26.96599769592285,0.7192123721696719,chr8,118386500
29.240522384643555,0.5943959160861909,chr8,118800500
21.88694953918457,0.5624913975181686,chr8,118983500
22.67013168334961,0.7338093788326225,chr8,119060500
38.96825408935547,0.763253850931583,chr8,119973500
35.54291534423828,0.6261339261662224,chr8,120294500
44.13862228393555,0.7409822152827783,chr8,120460500
36.13991165161133,0.47230872031681004,chr8,120573500
30.40460968017578,0.6994661669869047,chr8,120765500
38.623165130615234,0.7091347321668662,chr8,120917500
33.27940368652344,0.4655730472365801,chr8,121355500
31.76066398620605,0.7288276183295649,chr8,121771500
22.6558895111084,0.7197645653861948,chr8,122276500
33.46113586425781,0.8291990324102507,chr8,122510500
34.12651062011719,0.7491766195445524,chr8,122540500
41.27619171142578,0.7231362895693674,chr8,122636500
43.72422409057617,0.7158383604259693,chr8,122812500
54.4576301574707,0.9276333115784922,chr8,123392500
54.56843566894531,0.9180233743280041,chr8,124529500
46.339481353759766,0.8806658334241426,chr8,124555500
50.062049865722656,0.8044587215645204,chr8,125112500
52.90848159790039,0.6991450645403836,chr8,125195500
45.29301452636719,0.6574080756280479,chr8,125483500
41.39738464355469,0.7168656974685823,chr8,125680500
42.9453353881836,0.7527350435695144,chr8,127066500
44.12213516235352,0.7442453992295616,chr8,127067500
43.893741607666016,0.7948716329590282,chr8,127161500
41.498146057128906,0.567793762398952,chr8,127681500
41.54314422607422,0.6151926850443112,chr8,127696500
42.991302490234375,0.7256933353310344,chr8,128694500
54.476219177246094,0.6578312436647427,chr8,129031500
44.2269172668457,0.8661164136476814,chr8,129297500
50.6168327331543,0.7299800477751455,chr8,129731500
44.06637954711914,0.7300719002763203,chr8,129790500
33.56568908691406,0.7053068356011556,chr8,130880500
20.703279495239254,0.7221778948456159,chr8,131369500
36.82538986206055,0.6484338680399893,chr8,132140500
41.635013580322266,0.6526081298594265,chr8,132207500
33.66320037841797,0.5386945228107889,chr8,132248500
39.44102096557617,0.7210719988515528,chr8,132517500
38.83176040649414,0.571218482967416,chr8,132930500
35.73596954345703,0.6768614378029941,chr8,133159500
48.34266662597656,0.5901842604247537,chr8,133530500
39.49666213989258,0.6509329103893362,chr8,133690500
31.08749771118164,0.7256015310521311,chr8,134060500
26.286901473999023,0.6491451296445083,chr8,134189500
29.926342010498047,0.6181231100958917,chr8,135248500
21.67218971252441,0.9104624394777344,chr8,135930500
23.512256622314453,0.801732810765359,chr8,136039500
19.596899032592773,0.7309348261794938,chr8,136553500
20.804777145385746,0.5950400061194734,chr8,136653500
22.99030113220215,0.5898838565540652,chr8,136988500
26.544347763061523,0.5829797952581937,chr8,137035500
20.56783103942871,0.7692698086156945,chr8,137596500
21.463502883911133,0.7976481252656867,chr8,137685500
33.46449279785156,0.8357810967345204,chr8,138142500
31.60274887084961,0.7149333539166729,chr8,138732500
27.9344539642334,0.5848261125208505,chr8,138806500
32.463897705078125,0.6918881921497151,chr8,139565500
41.60686111450195,0.7691934755322161,chr8,140086500
41.439239501953125,0.701607499812453,chr8,140155500
44.70170974731445,0.6930847635907511,chr8,140819500
50.05744552612305,0.6860519279774111,chr8,140919500
52.08922958374024,0.793765318728454,chr8,141355500
35.7724723815918,0.5794743256410433,chr8,142218500
27.884811401367188,0.6496284712485454,chr8,142372500
44.01972579956055,0.6191793008895028,chr8,142871500
42.621681213378906,0.7705500589528211,chr8,142929500
36.19844055175781,0.7073432246366433,chr8,143091500
53.467891693115234,0.9475574946917,chr8,143292500
46.60645294189453,0.9057251435362242,chr8,143518500
50.01082229614258,0.7771165579603253,chr8,144415500
50.5770149230957,0.7634847484236784,chr8,144772500
47.90221405029297,0.6666172133143251,chr8,144832500
40.74402618408203,0.6778672594650115,chr9,382500
29.43140983581543,0.9249223681550067,chr9,1214500
32.138065338134766,0.7859058788072214,chr9,2595500
34.41223907470703,0.8430362945353443,chr9,2974500
46.2509765625,0.7058798174100681,chr9,3336500
38.47063064575195,0.7891610278458409,chr9,3347500
46.51394271850586,0.6204738273841046,chr9,4655500
28.538293838500977,0.8096853496966954,chr9,5031500
37.71261978149414,0.2814686387234827,chr9,6058500
39.598392486572266,0.709484964370916,chr9,7204500
25.67119598388672,0.8781930227376347,chr9,8048500
27.92121696472168,0.9031647534133417,chr9,8738500
24.399702072143555,0.5799725707464957,chr9,8791500
23.473981857299805,0.6790814335271709,chr9,8829500
23.23695945739746,0.6003093456033928,chr9,8898500
28.753154754638672,0.5469009350490913,chr9,9272500
25.258337020874023,0.663695542056138,chr9,9545500
27.38462448120117,0.7100502642065043,chr9,9882500
23.46219253540039,0.9050565261795342,chr9,10541500
24.62873077392578,0.7715629364343972,chr9,11579500
23.913654327392575,0.7233682414202436,chr9,11784500
21.62589263916016,0.6525869787667198,chr9,12017500
24.48362922668457,0.5451025997480599,chr9,12187500
28.26080322265625,0.6884091792930974,chr9,12283500
31.978052139282227,0.697691185839395,chr9,13107500
35.575706481933594,0.6883799661446227,chr9,13139500
41.52312850952149,0.6783935129886048,chr9,13186500
35.19034576416016,0.6380191848799365,chr9,13961500
38.49504089355469,0.5769182837754552,chr9,14195500
43.52957534790039,0.7090148310586407,chr9,14409500
35.74508285522461,0.6907099909519655,chr9,14737500
32.88854217529297,0.65905763543533,chr9,15185500
52.4039421081543,0.8853535934497375,chr9,15296500
42.14281463623047,0.6853447752893618,chr9,15353500
27.21341133117676,0.7621433353830518,chr9,15860500
24.71663475036621,0.9054593471716315,chr9,15880500
26.69617462158203,0.6268938276785386,chr9,15996500
30.84017944335937,0.7628090561664324,chr9,16061500
24.042940139770508,0.5233707118182893,chr9,16410500
29.833402633666992,0.7907076088837559,chr9,16623500
24.933181762695312,0.6851960700274409,chr9,16696500
26.28843688964844,0.6009397744396467,chr9,18121500
23.572736740112305,0.573296030338584,chr9,18180500
26.59834861755371,0.513818477606352,chr9,18281500
26.678396224975582,0.7307215656785162,chr9,18293500
50.84809112548828,0.7354123577185248,chr9,19218500
45.131591796875,0.8628415741563866,chr9,19314500
42.47286224365234,0.7699376340153421,chr9,19440500
36.42587661743164,0.6537865166998799,chr9,19581500
32.33058166503906,0.6467167071204096,chr9,19598500
26.369047164916992,0.39482763141704946,chr9,19976500
26.71630477905273,0.6923355208530013,chr9,20029500
26.53348922729492,0.7328084285106603,chr9,20082500
30.091745376586918,0.48589767933532524,chr9,20449500
24.77291488647461,0.5136147004262854,chr9,20522500
25.840164184570312,0.804353459809277,chr9,20613500
38.903900146484375,0.7690397178740532,chr9,26816500
34.52599334716797,0.7770445304259779,chr9,26867500
41.305023193359375,0.881613741493256,chr9,27378500
28.916210174560547,0.9535944810227387,chr9,27555500
25.431507110595703,0.7209935861374468,chr9,27758500
28.00527000427246,0.8411472414099193,chr9,32220500
47.81987762451172,0.6762936168267126,chr9,33095500
48.354591369628906,0.757909198316169,chr9,33717500
47.82104110717773,0.8276526995551156,chr9,34002500
53.74227142333984,0.9906467011926695,chr9,34637500
39.992000579833984,0.5196164589484725,chr9,34907500
44.00934982299805,0.7410755307322284,chr9,35062500
44.47127914428711,0.7522484613858634,chr9,36030500
38.248294830322266,0.5814256832912728,chr9,36049500
51.403953552246094,0.7550755253828599,chr9,36209500
53.82977294921875,0.8328369545291402,chr9,36305500
39.211910247802734,0.5911668462102477,chr9,37046500
49.9179573059082,0.8516697218637092,chr9,37834500
46.586307525634766,0.5722287102102698,chr9,37884500
45.854129791259766,0.6576057976731061,chr9,38189500
41.08427429199219,0.7931588744961965,chr9,38312500
42.6177864074707,0.777632032751546,chr9,38433500
30.51353073120117,0.7517884506902097,chr9,40915500
26.72722053527832,0.7450809302272221,chr9,63763500
30.85102653503418,0.7052628972157708,chr9,65380500
36.82172775268555,0.7637173660964856,chr9,69583500
35.570919036865234,0.45029926865906833,chr9,70764500
33.58433532714844,0.7247965586746925,chr9,70893500
32.1480598449707,0.5721691016976933,chr9,71027500
47.73495101928711,0.8239969406690795,chr9,71732500
51.469913482666016,0.650230775567803,chr9,71770500
41.93498229980469,0.5699756658799909,chr9,72335500
39.10618591308594,0.5841664692044605,chr9,72347500
40.99624633789063,0.7559708747842722,chr9,72385500
44.89753341674805,0.7333785423255124,chr9,72438500
55.5006103515625,0.8719249106487934,chr9,73145500
40.4732780456543,0.8489033809189428,chr9,73452500
41.57966613769531,0.8020019825767343,chr9,73502500
38.09904479980469,0.8117542655709402,chr9,73565500
34.8269157409668,0.5567505679621745,chr9,73683500
33.56175994873047,0.7866210538110734,chr9,73851500
30.204200744628903,0.7751926678341292,chr9,74065500
41.84169006347656,0.4662897621941555,chr9,74780500
41.82055282592773,0.7486948352899945,chr9,74994500
51.95022964477539,0.6562909770112465,chr9,75082500
48.68589401245117,0.7448854307240067,chr9,76352500
51.44062423706055,0.6933261733826326,chr9,76364500
33.88874435424805,0.7422077546336996,chr9,76755500
37.66762161254883,0.8253304621973929,chr9,77231500
47.305419921875,0.9062826790284192,chr9,77241500
45.609222412109375,0.7908065153401936,chr9,77378500
37.77674102783203,0.736543568188377,chr9,78228500
37.64265060424805,0.5950911598421602,chr9,79561500
28.61725234985352,0.7298437736538353,chr9,79774500
26.490203857421875,0.7856287993803743,chr9,80256500
25.211397171020508,0.7638020236589455,chr9,80319500
19.321456909179688,0.8524847434255742,chr9,80800500
22.400165557861328,0.753118912506973,chr9,80818500
24.472780227661133,0.6537322421569366,chr9,81121500
29.33641815185547,0.688236137222478,chr9,81581500
26.747215270996094,0.5345158489873612,chr9,82006500
23.222074508666992,0.7280042054698235,chr9,82047500
21.37439346313477,0.6682248485667951,chr9,82383500
24.96398162841797,0.7718419429116911,chr9,82797500
21.584714889526367,0.7246260456088258,chr9,82849500
29.671443939208984,0.7852363592843972,chr9,82930500
47.90542602539063,0.773280652346759,chr9,83678500
30.064586639404297,0.6531457810534019,chr9,83844500
41.05146789550781,0.6992451413276896,chr9,84380500
27.97617721557617,0.779846679006995,chr9,85070500
31.52133560180664,0.7435286224334178,chr9,85232500
46.21101379394531,0.7463282350927699,chr9,85894500
40.58487701416016,0.5982323135957075,chr9,86700500
52.77312088012695,0.7495561858475461,chr9,87599500
36.493446350097656,0.6204053395825897,chr9,88202500
35.59024810791016,0.7676300701650053,chr9,88584500
43.01070785522461,0.647641958672288,chr9,88607500
42.8853645324707,0.8141841903825134,chr9,88652500
51.03585433959961,0.715501139570082,chr9,88787500
33.2475700378418,0.7344480999565721,chr9,89201500
34.662837982177734,0.5819993949242706,chr9,89467500
36.35512924194336,0.6582738561135419,chr9,89725500
36.05718231201172,0.6855228671055125,chr9,89801500
35.76323318481445,0.8256044296130366,chr9,89803500
30.651397705078125,0.7564470919806892,chr9,89815500
36.62735748291016,0.6995297535151778,chr9,89922500
31.48460578918457,0.6697045134666602,chr9,90006500
33.79976272583008,0.47951508433115475,chr9,90065500
38.21092224121094,0.6322185275188977,chr9,90335500
35.37760925292969,0.6896856266516557,chr9,90664500
49.64798355102539,0.8148491055329123,chr9,91212500
46.74100112915039,0.6500865472240945,chr9,91254500
42.93064880371094,0.7638463244401335,chr9,91676500
41.3272590637207,0.8318492517525802,chr9,92349500
40.16183853149414,0.7818959926364306,chr9,93304500
40.67588806152344,0.7942847289477147,chr9,93353500
38.9765510559082,0.8177949959816944,chr9,93700500
47.07831573486328,0.645118515564495,chr9,94064500
41.38993453979492,0.6376965749914181,chr9,94624500
42.147010803222656,0.7281223452752581,chr9,95373500
41.16798400878906,0.8148819763990134,chr9,95538500
37.67270278930664,0.8734198077995594,chr9,96000500
45.94633865356445,0.8640101682840519,chr9,96893500
40.514625549316406,0.6174135485756134,chr9,97139500
49.46340560913086,0.8822360444076676,chr9,97563500
47.623626708984375,0.5936592448651068,chr9,97679500
46.20859146118164,0.7157539003781183,chr9,99262500
41.99429702758789,0.7325804362616751,chr9,99844500
46.38092041015625,0.8680297666256154,chr9,100411500
47.98655700683594,0.7438773995159036,chr9,100495500
29.83990859985352,0.6354649799421805,chr9,100690500
26.766759872436523,0.7864090045698994,chr9,100837500
21.855588912963867,0.7491926269697999,chr9,101050500
37.8659553527832,0.6941728141699188,chr9,101204500
47.77554321289063,0.7694982303514726,chr9,101338500
44.209598541259766,0.7451346140728645,chr9,101441500
50.47216796875,0.699511078669611,chr9,101450500
47.68736267089844,0.7294389687209589,chr9,101451500
55.47913360595703,0.8019153657426445,chr9,101895500
45.41241836547852,0.6836070696649807,chr9,101932500
33.80729675292969,0.7685335909369898,chr9,102143500
22.495996475219727,0.5244918354647539,chr9,102516500
22.717533111572266,0.5555668194227601,chr9,102902500
21.44314765930176,0.7593223488585171,chr9,102946500
25.41085433959961,0.7310960250004672,chr9,102999500
24.23100471496582,0.7698837733927564,chr9,103055500
30.053768157958984,0.806758079224354,chr9,103469500
31.32452774047852,0.7605178326459497,chr9,103492500
23.75742721557617,0.808767248034027,chr9,103534500
22.40589714050293,0.7679466263541672,chr9,103767500
23.56683349609375,0.6989907259297752,chr9,103948500
50.91797256469727,0.7261455656580749,chr9,104090500
39.68540191650391,0.6591058556318536,chr9,105122500
40.59856033325195,0.652132712968986,chr9,105200500
40.90994644165039,0.6693913814559342,chr9,105271500
42.00878143310547,0.8332175274162411,chr9,105321500
46.41944122314453,0.7203775837009019,chr9,105759500
48.455841064453125,0.7804254474924689,chr9,105886500
56.428199768066406,0.9751247895696229,chr9,107286500
37.71747589111328,0.5597538530566379,chr9,107406500
37.93388748168945,0.7814517186287983,chr9,107409500
36.84599304199219,0.6283228172787563,chr9,107510500
46.3192253112793,0.6384532628484025,chr9,108146500
37.31631851196289,0.7879385017140675,chr9,108454500
39.28753662109375,0.6493874541899051,chr9,109504500
36.51334381103516,0.7824185288047156,chr9,109668500
45.96315383911133,0.7592266267954254,chr9,110219500
47.14158630371094,0.8617615286889139,chr9,110274500
21.59182929992676,0.6723871647596991,chr9,110868500
27.193511962890625,0.7568057358343272,chr9,110895500
24.0614013671875,0.6616447705128105,chr9,110916500
21.28839111328125,0.8183044430916313,chr9,111145500
51.294864654541016,0.5291667659653454,chr9,111629500
49.29916000366211,0.7695745814616899,chr9,112017500
46.03174209594727,0.8494714724498207,chr9,112052500
51.645416259765625,0.8973451473494655,chr9,112262500
49.48935317993164,0.8225031260561848,chr9,112713500
52.46018981933594,0.638705287265809,chr9,112861500
36.80524826049805,0.772076363418537,chr9,112953500
50.642555236816406,0.7158772977325513,chr9,113244500
47.99282455444336,0.8043162269178015,chr9,113283500
39.70320892333984,0.7198814632747114,chr9,114146500
49.51591873168945,0.7549624045390017,chr9,114387500
34.665306091308594,0.7306580149931129,chr9,115150500
25.20273971557617,0.6794854014430981,chr9,115414500
21.860849380493164,0.5845190392517401,chr9,115491500
21.589563369750977,0.7105622432452208,chr9,115623500
22.089763641357425,0.7734451963876378,chr9,115665500
22.55726623535156,0.8831114629692725,chr9,115694500
22.81879234313965,0.7985531012998851,chr9,115939500
24.0362606048584,0.596284461887665,chr9,116024500
46.273624420166016,0.7676859194205685,chr9,116300500
50.910247802734375,0.8308112837606936,chr9,116426500
26.97710609436035,0.5112654879890138,chr9,117400500
28.26321601867676,0.7611072236622701,chr9,117617500
21.489791870117188,0.6654516235415036,chr9,118377500
21.068300247192383,0.6957952645942851,chr9,119084500
37.818450927734375,0.8734561179894329,chr9,120269500
49.75396728515625,0.8169468643850355,chr9,120576500
52.94750213623047,0.4910829826951255,chr9,121222500
48.90016555786133,0.8504817949343665,chr9,121391500
43.7661361694336,0.6852839883246806,chr9,121507500
42.10512161254883,0.6559294044460564,chr9,121537500
45.12438201904297,0.625327764854103,chr9,122575500
44.05552291870117,0.6671252623075985,chr9,122639500
49.255592346191406,0.7892171985018926,chr9,122883500
46.51171875,0.8875928304057081,chr9,122890500
49.8730354309082,0.8823434828437366,chr9,122925500
53.32403564453125,0.7316256463794676,chr9,123004500
50.27594757080078,0.6877611187069663,chr9,123738500
45.77521133422852,0.7787405173396241,chr9,124228500
51.83583068847656,0.8580657357002495,chr9,124567500
50.00348663330078,0.6418004355818747,chr9,124621500
53.67396545410156,0.8533424622429571,chr9,124746500
54.82008743286133,0.9783220620088138,chr9,125264500
41.32637023925781,0.6987382788892649,chr9,125987500
41.42062377929688,0.7606564294320772,chr9,127150500
52.602420806884766,0.8427219459001131,chr9,127508500
53.42501449584961,0.8837160670009359,chr9,127897500
54.025150299072266,0.979666658866573,chr9,128788500
51.46208572387695,0.8306815957698374,chr9,128941500
46.32314682006836,0.6673892949816087,chr9,129196500
43.66837310791016,0.5984536946267025,chr9,129296500
43.14304733276367,0.5994468396516468,chr9,129519500
53.53924560546875,0.9954509807417359,chr9,129625500
52.23508071899414,0.9167663567347801,chr9,129802500
48.55421829223633,0.6799264091299311,chr9,130510500
45.40657043457031,0.881325544897326,chr9,130729500
47.43115997314453,0.6248271694966869,chr9,131354500
50.276798248291016,0.5387215097154612,chr9,131376500
45.70199203491211,0.7228427153114185,chr9,131913500
42.07144546508789,0.6230311039134809,chr9,132450500
42.28963470458984,0.9140357621132373,chr9,132697500
46.927677154541016,0.8439762763217782,chr9,132918500
45.001953125,0.7308092055343391,chr9,133105500
37.87036895751953,0.8105389668397307,chr9,134004500
44.25932312011719,0.7023018580861643,chr9,134129500
37.18022537231445,0.6533042908756483,chr9,135247500
42.680809020996094,0.7139360502709167,chr9,135521500
42.44705581665039,0.6036584263356836,chr9,135573500
48.6694564819336,0.7945266816148271,chr9,136210500
49.01632308959961,0.8591266962861481,chr9,136218500
43.740570068359375,0.8444419681371154,chr9,136304500
52.93291091918945,0.8313107578258327,chr9,136669500
52.92482376098633,0.9022037941410566,chr9,136760500
49.97680282592773,0.8431167120470207,chr9,136861500
52.82723236083984,0.9036216967344048,chr9,136881500
46.13242721557617,0.733231299499838,chr9,136957500
53.276668548583984,0.9693690829967423,chr9,136996500
52.80925369262695,0.8563007466400054,chr9,137435500
48.00542449951172,0.7924138642500533,chr9,137543500
46.08919906616211,0.7192691485349952,chr9,137994500
32.31360626220703,0.7256144366815707,chr10,455500
41.92970657348633,0.9081302723699273,chr10,865500
42.6632194519043,0.6033799989983462,chr10,875500
36.79745101928711,0.7344042348076063,chr10,2196500
38.39404296875,0.8068878031276937,chr10,2893500
44.94889831542969,0.6602663464397065,chr10,3478500
49.01651763916016,0.7509329777163516,chr10,3756500
53.116432189941406,0.7083296674906494,chr10,3886500
36.77248001098633,0.732078895584449,chr10,4249500
43.92315673828125,0.7337213817779744,chr10,4412500
39.542118072509766,0.5544905934534752,chr10,4515500
38.34166717529297,0.7180162512637212,chr10,4537500
39.33415985107422,0.5723210334076856,chr10,4541500
45.63380813598633,0.7118082006608923,chr10,4729500
50.73468780517578,0.8110958258609782,chr10,5077500
38.2586669921875,0.8375653680219974,chr10,5151500
43.70680618286133,0.7581485332262128,chr10,5287500
51.249977111816406,0.8503554196466019,chr10,5784500
43.33837127685547,0.8283589968814602,chr10,6072500
53.22614288330078,0.7448177775967859,chr10,6146500
42.47916412353516,0.7770815499231503,chr10,6224500
48.008079528808594,0.4723125022456066,chr10,7107500
50.10665512084961,0.805371004836118,chr10,7318500
49.70236587524414,0.6722681409648048,chr10,7388500
47.68285751342773,0.8272571377270612,chr10,7983500
27.839242935180664,0.6519603145952602,chr10,8794500
22.99684333801269,0.6876831298100476,chr10,8947500
38.41131210327149,0.7321923106128096,chr10,9804500
21.53995704650879,0.7192704581334477,chr10,10055500
23.95007705688477,0.5763832084202953,chr10,10493500
32.9067268371582,0.635676681633216,chr10,10620500
38.40679168701172,0.7480686710404858,chr10,10880500
38.62882232666016,0.7697261827884534,chr10,11388500
42.2108154296875,0.7500475600396467,chr10,12333500
43.152809143066406,0.8146907286640446,chr10,12718500
49.78425216674805,0.7668997070553125,chr10,13090500
52.40265655517578,0.579576617002606,chr10,13499500
41.76442337036133,0.7779079654925203,chr10,13558500
40.63554382324219,0.8498951680667712,chr10,13909500
39.45277404785156,0.8758207507003373,chr10,14629500
44.637088775634766,0.7270775067678299,chr10,14698500
50.3386344909668,0.7626213094954555,chr10,14891500
47.97028350830078,0.9314228731765243,chr10,14943500
48.71780014038086,0.7648888109301137,chr10,15032500
41.61776351928711,0.7248486151282516,chr10,15613500
39.78824615478516,0.6532943542460444,chr10,16353500
48.14757537841797,0.7577039140952385,chr10,17071500
48.93424987792969,0.7801702833630583,chr10,17090500
46.96685409545898,0.7508318385757542,chr10,17334500
50.683353424072266,0.9067080032117781,chr10,17793500
37.47792434692383,0.7179827085647812,chr10,17928500
38.37213134765625,0.7192626714014816,chr10,18065500
29.606422424316406,0.735018196722592,chr10,18951500
22.01611328125,0.7192694792899323,chr10,19064500
22.89089584350586,0.5359950974478316,chr10,19259500
31.24294662475586,0.6833384307895543,chr10,19780500
30.68719482421875,0.8101523122124243,chr10,20144500
27.41392707824707,0.6146010203980087,chr10,20368500
20.32396125793457,0.5975282622676588,chr10,20482500
23.149932861328125,0.7275770524618522,chr10,20619500
40.77790451049805,0.8323976696853861,chr10,20788500
45.78530883789063,0.8438514567970714,chr10,22438500
50.98410034179688,0.7515228275103483,chr10,22990500
22.34186744689941,0.8050195307337715,chr10,23571500
28.88203430175781,0.7005915757283042,chr10,23642500
24.38947486877441,0.8438135603373111,chr10,23737500
38.95285034179688,0.5691890517062069,chr10,24277500
51.17682647705078,0.6126163378856151,chr10,24978500
31.942058563232425,0.7036990227233861,chr10,26025500
51.48454284667969,0.7773368213932719,chr10,26813500
48.577880859375,0.8604812955396699,chr10,27141500
42.30738830566406,0.9002931197094207,chr10,27210500
45.95166778564453,0.7988743604188776,chr10,27455500
37.658016204833984,0.5631443852168512,chr10,28109500
48.8199577331543,0.7680438086032297,chr10,28428500
45.691162109375,0.784196135493392,chr10,28996500
44.722412109375,0.7929556550381456,chr10,29020500
44.18339538574219,0.7592151626146013,chr10,29096500
36.93619155883789,0.8319007347642862,chr10,29540500
34.00401306152344,0.8479846030001876,chr10,30015500
37.96064376831055,0.7927539049041163,chr10,30030500
43.49168014526367,0.7316215179460096,chr10,30094500
40.92317962646485,0.8191902382888394,chr10,30288500
49.394927978515625,0.6778470387636844,chr10,30462500
40.28983688354492,0.7566539641327384,chr10,30654500
41.63933944702149,0.751533861111829,chr10,30680500
48.38648986816406,0.7927720741437554,chr10,31245500
48.34785461425781,0.7007868547739937,chr10,32294500
39.52653121948242,0.643952673973073,chr10,32840500
44.54547500610352,0.6941309605934556,chr10,33153500
35.01065444946289,0.6743217380592395,chr10,33228500
41.98263549804688,0.793412142371096,chr10,33263500
38.89760208129883,0.659637141870688,chr10,33723500
38.94050598144531,0.7284117908226122,chr10,34104500
37.85811996459961,0.5954498199626626,chr10,34394500
49.607452392578125,0.8651490419095977,chr10,34737500
44.28043365478516,0.7949375797507607,chr10,34843500
40.54081344604492,0.7362533367039042,chr10,34970500
46.46303939819336,0.6743441457168045,chr10,35245500
52.19171905517578,0.7160849553486608,chr10,35356500
53.13903045654297,0.9184224976330932,chr10,35359500
46.70076370239258,0.8047547272973448,chr10,35576500
35.9843864440918,0.8041454989793198,chr10,35733500
25.32627487182617,0.7641446514474668,chr10,37264500
29.238386154174805,0.733969807834025,chr10,37445500
39.25252532958984,0.6568278657305882,chr10,37804500
51.21881484985352,0.632285153302076,chr10,37859500
32.18999481201172,0.89058910170777,chr10,37893500
36.48311996459961,0.5402458382502187,chr10,37915500
36.59020614624024,0.6991620181909158,chr10,38143500
27.804088592529297,0.6430584718081847,chr10,38193500
27.0429630279541,0.9424840887356354,chr10,38390500
21.674043655395508,0.9147823990719695,chr10,38650500
22.884052276611328,0.6929852044055642,chr10,39034500
21.48444366455078,0.7121614720804994,chr10,39072500
19.45121955871582,0.5983533901488973,chr10,39194500
20.851953506469727,0.869309259524253,chr10,39354500
23.21320915222168,0.7285599438390751,chr10,39484500
21.54013061523437,0.5321773626708528,chr10,39497500
23.013181686401367,0.8485662228377904,chr10,42337500
47.36849594116211,0.8712847030410447,chr10,42631500
38.59844207763672,0.7897995372691922,chr10,42714500
32.57133102416992,0.7808618823667326,chr10,42896500
43.95903396606445,0.7965019887183582,chr10,43283500
49.26958084106445,0.7135812617277967,chr10,43461500
38.10564422607422,0.5119108176472158,chr10,44182500
30.93511962890625,0.41731723093248174,chr10,44453500
43.7656478881836,0.7767504685470132,chr10,45095500
45.79328536987305,0.7437434525995912,chr10,45191500
42.33114242553711,0.8108947950076648,chr10,45316500
52.38412857055664,0.7276278337856743,chr10,45405500
49.4027099609375,0.8200028262325298,chr10,45513500
46.650634765625,0.7345871092316089,chr10,46088500
39.54996490478516,0.7241708640703926,chr10,46308500
20.630172729492188,0.46881639804853703,chr10,46370500
40.35578536987305,0.7243026543396127,chr10,46533500
21.32550048828125,0.40817790846701696,chr10,46616500
55.21778106689453,0.9811905136188154,chr10,46787500
42.939849853515625,0.6896498502625497,chr10,47186500
42.06258392333984,0.7644145146166033,chr10,47188500
49.49061965942383,0.6431574494910415,chr10,49204500
32.10188674926758,0.7927405398855992,chr10,49964500
48.53732299804688,0.8065877824702588,chr10,50298500
55.72356033325195,0.912648373501513,chr10,50407500
42.16239547729492,0.6364934383538455,chr10,50838500
22.654504776000977,0.6988237408625881,chr10,51158500
26.726451873779297,0.7864087577896446,chr10,51520500
25.33482551574707,0.7768755793080586,chr10,51785500
29.66834259033203,0.6945675608484165,chr10,52219500
22.50084114074707,0.8102757655169929,chr10,52541500
25.34455299377441,0.7610161721822803,chr10,52962500
22.18074607849121,0.6473668441220946,chr10,54087500
26.417091369628903,0.678378752062841,chr10,55018500
25.09484100341797,0.738036944170593,chr10,55171500
24.32065773010254,0.7690073785574898,chr10,55583500
25.13524627685547,0.7085589694633623,chr10,55593500
42.52797317504883,0.7926996946275422,chr10,56373500
30.42654609680176,0.7305316810680532,chr10,57412500
29.35086250305176,0.7634956836207991,chr10,58654500
23.24860382080078,0.7121923325398429,chr10,59126500
48.41828536987305,0.34029412236896095,chr10,59697500
42.47733688354492,0.7052939085065569,chr10,59747500
49.85271072387695,0.7805314981927995,chr10,59888500
47.41077423095703,0.7358396113111232,chr10,59937500
48.81956481933594,0.8210266146840215,chr10,60883500
46.3661003112793,0.6213684078012585,chr10,61020500
39.17258834838867,0.6333313111940908,chr10,61124500
36.5758056640625,0.7050878427058602,chr10,61149500
36.99748229980469,0.4907540514486314,chr10,61515500
39.23606872558594,0.6436645532311016,chr10,62125500
40.263919830322266,0.7433290355125033,chr10,62146500
51.47811126708984,0.7403060696497592,chr10,63461500
20.13138771057129,0.7747832455323831,chr10,64176500
48.94426345825195,0.7876182302166861,chr10,64642500
28.102458953857425,0.805939907281737,chr10,64739500
27.73522186279297,0.7571639043814202,chr10,64808500
27.90658569335937,0.5946023468673717,chr10,64838500
32.495880126953125,0.7720258523683675,chr10,64885500
39.93687438964844,0.8529680369500388,chr10,64909500
21.955963134765625,0.7191635489645196,chr10,65403500
23.305492401123047,0.7162757304088119,chr10,65602500
20.932973861694336,0.7095041587405584,chr10,65623500
22.150829315185547,0.7109756472868842,chr10,65694500
24.121286392211918,0.6533386862559261,chr10,66083500
21.008678436279297,0.7490286406985802,chr10,66217500
22.882856369018555,0.830263755459584,chr10,66401500
23.770410537719727,0.6628990728314232,chr10,66675500
39.98148727416992,0.5460684400768454,chr10,67731500
49.10833740234375,0.9812795943222071,chr10,67884500
55.23908996582031,0.8684179066089519,chr10,68554500
50.56181716918945,0.9041979206304485,chr10,68995500
54.65287780761719,0.906380146845257,chr10,69328500
39.3924560546875,0.6552767555058991,chr10,69624500
43.79342269897461,0.8526056730687649,chr10,70103500
40.01887130737305,0.8965211241615376,chr10,70138500
46.951263427734375,0.8124903413764895,chr10,70219500
42.77687072753906,0.8871131293344142,chr10,70459500
41.99848937988281,0.7234180274400341,chr10,70487500
41.67320251464844,0.7879669208196445,chr10,70518500
47.15542602539063,0.897464660769954,chr10,71547500
44.664886474609375,0.6654296682223082,chr10,71953500
50.95280456542969,0.9530507340473223,chr10,72092500
49.77336120605469,0.8608282378451624,chr10,72651500
46.21913146972656,0.7844743896796119,chr10,73025500
53.10069274902344,0.7908738818268785,chr10,73090500
55.9710693359375,0.9865486383397005,chr10,73247500
48.01491165161133,0.6850728511325039,chr10,73738500
47.81480026245117,0.7294081784642681,chr10,74378500
41.966590881347656,0.5855557213767666,chr10,74574500
45.080360412597656,0.7636727882641652,chr10,74795500
46.38766098022461,0.6783751791158388,chr10,74949500
46.69918823242188,0.6691230034386528,chr10,74954500
43.4817008972168,0.7658127997027984,chr10,75651500
32.88652420043945,0.7624941446563119,chr10,75681500
38.7588996887207,0.6873204104733737,chr10,76150500
22.001100540161133,0.7049968144872172,chr10,76572500
42.29027938842773,0.6409241838699098,chr10,76937500
39.7826042175293,0.7114422665119985,chr10,77229500
39.9718017578125,0.740481890631274,chr10,77426500
48.772216796875,0.7286256563873831,chr10,77886500
39.715946197509766,0.81128871050381,chr10,78114500
46.20023727416992,0.680878911772547,chr10,78157500
41.55895233154297,0.5755934645683891,chr10,78772500
39.88010025024414,0.5936547678592501,chr10,78846500
41.00957107543945,0.8305020636341738,chr10,78911500
31.005407333374023,0.6365749211181257,chr10,79862500
41.058223724365234,0.8455983507798887,chr10,79904500
39.74479675292969,0.8104262980267847,chr10,80104500
41.8404655456543,0.5930350076706796,chr10,80134500
43.62843322753906,0.7382042687829794,chr10,80686500
44.9481315612793,0.8698556711106435,chr10,80810500
27.619508743286133,0.7231023301385293,chr10,81281500
34.07340240478516,0.7902026168096589,chr10,81440500
23.65287971496582,0.892071875897398,chr10,81892500
21.8055477142334,0.5605092962163529,chr10,81903500
23.08644294738769,0.8690118691129993,chr10,82706500
22.979154586791992,0.756430336731611,chr10,83105500
47.11336517333984,0.7374302262355116,chr10,84388500
36.269344329833984,0.8213371847361487,chr10,84924500
26.95355224609375,0.5469310327603714,chr10,85127500
32.98077392578125,0.5868212129365874,chr10,86107500
41.92897033691406,0.5809634559611354,chr10,86690500
50.09588241577149,0.6309423115609469,chr10,86986500
55.936500549316406,0.7872777567898788,chr10,87509500
45.732521057128906,0.8539316402850089,chr10,87737500
47.06066131591797,0.7214276560338053,chr10,87858500
44.947025299072266,0.6877994093975471,chr10,87982500
41.08235931396485,0.6709770966488648,chr10,88011500
32.62285232543945,0.30109316260121477,chr10,88925500
39.5014762878418,0.650072193516311,chr10,89405500
39.86169052124024,0.6927745699663339,chr10,90834500
35.45086669921875,0.6790434173143809,chr10,90956500
47.95668029785156,0.840439247259021,chr10,91421500
48.16347885131836,0.8291490023058725,chr10,91567500
46.997108459472656,0.8261936245436263,chr10,91835500
45.12917709350586,0.6317644667737747,chr10,91916500
47.156246185302734,0.7708835738714304,chr10,92045500
50.86906051635742,0.8285881375757849,chr10,92196500
49.68355941772461,0.7181317128246443,chr10,92295500
49.05616760253906,0.9078003048477453,chr10,92599500
46.41987228393555,0.48343523914640296,chr10,93197500
41.30749130249024,0.6926068746666387,chr10,93279500
29.104148864746094,0.7138143961120096,chr10,93518500
35.84539794921875,0.7834145504398451,chr10,94009500
33.92719268798828,0.5812892957547159,chr10,94963500
41.076446533203125,0.7616341317552399,chr10,95034500
40.56810760498047,0.6136345985205645,chr10,95042500
51.641483306884766,0.8131896352293924,chr10,95660500
37.18098449707031,0.8389939409860964,chr10,96411500
35.75350570678711,0.6852241747372008,chr10,98063500
38.74015808105469,0.5677864984047181,chr10,98660500
29.151762008666992,0.7634956836207991,chr10,98786500
40.41205596923828,0.7789782202463829,chr10,99346500
43.14176559448242,0.828674547798359,chr10,100302500
51.24444580078125,0.7900980500200075,chr10,100367500
47.0556869506836,0.7968598598016118,chr10,102953500
44.919681549072266,0.7593666414889091,chr10,103005500
44.33705139160156,0.7559019219821419,chr10,103295500
45.29741668701172,0.8226749531409874,chr10,103649500
26.20072364807129,0.7634485920888937,chr10,105199500
22.52814292907715,0.6762083636670173,chr10,106075500
26.76338577270508,0.6154426112685918,chr10,106351500
37.92306137084961,0.5491193277042907,chr10,106740500
25.854522705078125,0.8739810232700931,chr10,107350500
23.52656555175781,0.8014946390810722,chr10,107820500
24.558198928833008,0.6322468934895811,chr10,107898500
30.820375442504883,0.7422299371600298,chr10,108479500
24.89728164672852,0.677004658452375,chr10,108641500
23.652019500732425,0.7507101715662492,chr10,108646500
25.08168601989746,0.8502147389614354,chr10,109148500
26.125473022460938,0.6878191339014953,chr10,109206500
25.86153030395508,0.8021112340056953,chr10,109450500
51.48067474365234,0.7444321065374202,chr10,110064500
53.66062927246094,0.928384398244558,chr10,110442500
52.484474182128906,0.7953321498287969,chr10,110446500
53.475364685058594,0.917429857945063,chr10,110497500
50.98940658569336,0.5072872338314157,chr10,110626500
27.49919319152832,0.8008339206021994,chr10,111368500
33.88660430908203,0.6023017425202081,chr10,112076500
45.744117736816406,0.7009678964914741,chr10,112522500
45.78278350830078,0.5824409506658867,chr10,112524500
52.9067611694336,0.9414050041753776,chr10,112952500
41.8922233581543,0.7855636999849038,chr10,113324500
30.13739585876465,0.7753206754139665,chr10,113510500
49.70453643798828,0.7106038945625635,chr10,113559500
38.29428863525391,0.9068929994521803,chr10,114139500
39.288856506347656,0.8754564994513723,chr10,114167500
39.33549880981445,0.5514925449061175,chr10,114361500
35.931488037109375,0.643094173910818,chr10,114806500
39.04464340209961,0.7244209973957001,chr10,114900500
24.84890365600586,0.7672150642096538,chr10,115382500
23.0429744720459,0.6819372075353121,chr10,115546500
27.823671340942383,0.8098900381979809,chr10,115599500
28.538089752197266,0.8703868087340467,chr10,115920500
51.014427185058594,0.6586965726614299,chr10,117443500
38.51110458374024,0.6169770966858219,chr10,117529500
46.60016632080078,0.771433690777275,chr10,117749500
40.34878158569336,0.7702293835280757,chr10,118423500
37.19863128662109,0.761279462698708,chr10,118796500
40.61814498901367,0.7404412626087509,chr10,119020500
33.496456146240234,0.6319958665590213,chr10,120485500
35.164573669433594,0.7445615896408249,chr10,120644500
31.943254470825195,0.6267165955704617,chr10,121618500
46.16134643554688,0.7135132131756661,chr10,121939500
39.22010803222656,0.654188394046956,chr10,123120500
31.616352081298828,0.8880734907481402,chr10,123395500
36.00934982299805,0.74493493198754,chr10,123423500
40.012542724609375,0.7135056454776252,chr10,123530500
36.59749221801758,0.6754051473115124,chr10,123739500
49.748008728027344,0.7871502084540446,chr10,124445500
38.58526992797852,0.8915868727111598,chr10,124620500
34.97420120239258,0.7728144161968081,chr10,125961500
31.8420467376709,0.5721697266998218,chr10,126519500
29.57466125488281,0.7216141252133037,chr10,126591500
27.43744468688965,0.6496057976040417,chr10,127555500
24.691059112548828,0.8640850550662058,chr10,127767500
33.181121826171875,0.6021152910113088,chr10,128484500
35.868064880371094,0.6986613828217689,chr10,128809500
31.85614776611328,0.7252820367978633,chr10,129455500
43.75894165039063,0.9037579553409728,chr10,130180500
36.58572769165039,0.8091690144590697,chr10,130210500
22.03971290588379,0.5784680888949605,chr10,130276500
30.46586036682129,0.603023697157048,chr10,130610500
33.56509780883789,0.480185971975465,chr10,130732500
31.64159202575684,0.5898303407612562,chr10,131058500
31.40227699279785,0.7320422918862926,chr10,131169500
29.621002197265625,0.5666786611867807,chr10,131739500
38.5898666381836,0.5362745551458719,chr10,132073500
35.97908401489258,0.6323282597680584,chr10,132467500
36.21136093139648,0.8304591177716513,chr10,132690500
37.190086364746094,0.6516909715321844,chr10,133557500
46.44205474853516,0.867338664476304,chr11,654500
41.88755416870117,0.756535669487722,chr11,1144500
40.92319869995117,0.5590001218877982,chr11,1203500
37.85552597045898,0.8886030204880568,chr11,1276500
46.87305068969727,0.7272176128285968,chr11,1337500
42.98735427856445,0.7269549238264714,chr11,1928500
39.14215469360352,0.8218178142821955,chr11,2464500
48.94108581542969,0.8047713214728173,chr11,2909500
49.173954010009766,0.9078462810804322,chr11,2999500
51.53698348999024,0.8938157261959762,chr11,3226500
47.58140182495117,0.7925213726124452,chr11,3699500
53.22614288330078,0.6945057129073053,chr11,3825500
46.91706085205078,0.9195951740082752,chr11,4047500
39.752235412597656,0.7644131097493838,chr11,4834500
36.85574722290039,0.49173433207891926,chr11,4936500
45.83223724365234,0.6225335002317364,chr11,6135500
41.48111343383789,0.7837522740645366,chr11,6409500
47.56303405761719,0.9082235497492558,chr11,6724500
40.50807189941406,0.7834135348425281,chr11,7528500
39.72831726074219,0.8770419234460378,chr11,7697500
40.10181427001953,0.6669454306792695,chr11,8007500
40.2495231628418,0.5695609582916374,chr11,8094500
34.262603759765625,0.44327634389800763,chr11,8523500
48.22643280029297,0.8411024224546324,chr11,9201500
48.058406829833984,0.7637521771995915,chr11,9702500
47.806636810302734,0.7986195715489823,chr11,9767500
48.87468719482422,0.5852096462810288,chr11,9879500
33.48415756225586,0.7012240941796106,chr11,11105500
37.71299743652344,0.7779492385937926,chr11,11434500
40.46770858764648,0.6848165419163772,chr11,11619500
52.95661544799805,0.616319135061016,chr11,12180500
53.95388412475586,0.9688000479613859,chr11,12852500
43.43213653564453,0.7321098354489844,chr11,12903500
44.71248626708984,0.7521964200523883,chr11,12916500
45.31908416748047,0.7017537976584909,chr11,13355500
39.00851058959961,0.7465113429922587,chr11,13392500
38.47915267944336,0.7567077507024931,chr11,13519500
46.97493743896485,0.7418458192329533,chr11,13640500
48.2360725402832,0.7482945621112718,chr11,14527500
47.08045196533203,0.8571427684204294,chr11,14532500
51.04732131958008,0.6682411091934887,chr11,14763500
54.462032318115234,0.8981904193248383,chr11,15968500
42.959503173828125,0.679342840838032,chr11,17014500
41.832252502441406,0.775366009258884,chr11,17577500
50.46319961547852,0.7246605697855953,chr11,18695500
38.82367706298828,0.5656994605060823,chr11,18820500
51.0201530456543,0.7996023884341209,chr11,19162500
44.60152053833008,0.840988254954338,chr11,19200500
43.63682174682617,0.772932914409843,chr11,19211500
41.12395858764648,0.7009835229083247,chr11,19556500
38.09130096435547,0.6279450694216248,chr11,19588500
39.13019943237305,0.6013078836524091,chr11,19841500
33.78926467895508,0.8198302135716182,chr11,19870500
37.05215835571289,0.8336676700709325,chr11,20271500
51.17846298217773,0.7805293834520988,chr11,20392500
37.08731842041016,0.7426171566793838,chr11,20553500
46.5860710144043,0.7866201896042019,chr11,22631500
23.695863723754883,0.737923037382773,chr11,23094500
21.854978561401367,0.7237273501112063,chr11,24134500
24.499187469482425,0.846182799953419,chr11,24334500
21.6483097076416,0.844680171236824,chr11,25323500
23.48688507080078,0.6224059863863469,chr11,25671500
19.56338119506836,0.6957432803617243,chr11,25791500
48.54149627685547,0.47119264466399013,chr11,27282500
40.80878829956055,0.8089544329439174,chr11,27525500
49.00617980957031,0.8719886864562707,chr11,28014500
21.16632461547852,0.5786581690210837,chr11,28847500
28.04032516479492,0.5681890160235171,chr11,29033500
28.154754638671875,0.7429351636590928,chr11,29049500
26.057579040527344,0.7169099411064866,chr11,29645500
22.78717994689941,0.8601198347958974,chr11,29672500
39.55721282958984,0.5157864526247874,chr11,31210500
41.7733268737793,0.7917623279821469,chr11,31537500
45.554325103759766,0.7497643156065781,chr11,31640500
42.99778747558594,0.8430846679095675,chr11,31675500
43.40689086914063,0.6842194863994031,chr11,32052500
51.98944854736328,0.656043047502289,chr11,32380500
46.55153274536133,0.7294599128993706,chr11,32980500
32.78907775878906,0.6019144726351215,chr11,33629500
48.81753921508789,0.7336138578274431,chr11,33704500
47.19321823120117,0.7888740808776313,chr11,34388500
47.045013427734375,0.8450050013861479,chr11,34877500
49.46390914916992,0.8088412533903334,chr11,34954500
45.088993072509766,0.6922836658155422,chr11,35921500
33.596458435058594,0.6965572550684584,chr11,36550500
47.25829315185547,0.6988184857114441,chr11,36563500
32.19804763793945,0.6882720539527845,chr11,37274500
23.776832580566406,0.8684046375554675,chr11,37706500
36.84449005126953,0.6075059909539162,chr11,37843500
34.153324127197266,0.8058468909310414,chr11,38191500
40.47531127929688,0.7801317205464119,chr11,38255500
45.537593841552734,0.8129971840600893,chr11,38434500
44.56385040283203,0.7601198919644871,chr11,38652500
24.993061065673828,0.6618068881460604,chr11,38837500
29.022146224975582,0.6952552643081962,chr11,38940500
23.901710510253903,0.6518809597398953,chr11,39151500
26.418481826782227,0.7412320289746743,chr11,39591500
27.891189575195312,0.7463729836744348,chr11,39950500
28.634469985961918,0.8040209005394967,chr11,40233500
27.762771606445312,0.6321779566121954,chr11,40283500
25.1057071685791,0.8149769997513696,chr11,40380500
21.20408058166504,0.7282838220884937,chr11,40842500
20.387300491333008,0.7237175344528026,chr11,41128500
23.56845092773437,0.6925870082298766,chr11,41523500
21.247722625732425,0.7493788217370965,chr11,41561500
23.02078437805176,0.7779767216390273,chr11,41851500
24.42770004272461,0.7558858074106468,chr11,42221500
27.06500625610352,0.6990881958649144,chr11,42736500
27.202938079833984,0.6473195563885414,chr11,43112500
30.255964279174805,0.726741320140869,chr11,43228500
42.74431228637695,0.8122301030060548,chr11,43569500
41.21083831787109,0.5079819422958555,chr11,44026500
51.96148681640625,0.8248877956630231,chr11,44559500
41.645015716552734,0.8125300991169355,chr11,45289500
40.78251266479492,0.712242213327093,chr11,45952500
51.19100189208984,0.864606136788584,chr11,46354500
47.545677185058594,0.8710826909350904,chr11,46656500
46.70978927612305,0.8678364771911027,chr11,46724500
42.3541259765625,0.6924048926376822,chr11,46900500
49.51801681518555,0.814550904731278,chr11,47190500
47.28012847900391,0.6024963139334001,chr11,47226500
50.36908721923828,0.9028113663483556,chr11,47364500
49.07611083984375,0.8435674398918134,chr11,47371500
53.46602630615234,0.9454454690798123,chr11,47643500
50.22257995605469,0.7659016607908091,chr11,48046500
23.22201156616211,0.9022260581773028,chr11,48449500
23.8527774810791,0.7588102028596873,chr11,48643500
27.703594207763672,0.6573272181358427,chr11,48916500
25.01772689819336,0.7543450764180701,chr11,49441500
28.27430534362793,0.5844433781563643,chr11,50010500
23.573760986328125,0.6446840190106702,chr11,54897500
28.96102333068848,0.7421175029193496,chr11,55136500
24.51035690307617,0.8263528588983513,chr11,55306500
27.419496536254883,0.9083033492473104,chr11,55331500
23.77201271057129,0.6874749293869231,chr11,55917500
20.42098426818848,0.6663321442415895,chr11,55934500
23.417110443115234,0.6980772562404152,chr11,56615500
24.985652923583984,0.7916659492427327,chr11,56754500
34.89825820922852,0.7080051130691063,chr11,57059500
51.70745468139648,0.9151407744538506,chr11,57483500
41.60313034057617,0.735038600144817,chr11,58104500
36.29633331298828,0.5478209373140854,chr11,59052500
49.4522705078125,0.8902418869646295,chr11,59831500
52.78788757324219,0.6099369168157938,chr11,60873500
47.90299987792969,0.6248233219213919,chr11,60882500
41.21147537231445,0.6460289925658702,chr11,61022500
49.8222770690918,0.749519124515099,chr11,61746500
46.93886566162109,0.619082588367315,chr11,62526500
51.117706298828125,0.9088600145736423,chr11,62566500
36.10211944580078,0.7309182715048158,chr11,63237500
35.00651550292969,0.7996287907258901,chr11,63344500
46.99980926513672,0.810675589852526,chr11,63586500
49.52588653564453,0.3964391867048934,chr11,63663500
48.10585021972656,0.6214851001684656,chr11,64151500
49.87778854370117,0.9242282065607007,chr11,64155500
50.4819564819336,0.8890319802960887,chr11,64173500
50.82943344116211,0.7937134548239902,chr11,64287500
53.004356384277344,0.8317010576745707,chr11,65353500
50.83154678344727,0.8071315291222044,chr11,66066500
51.095794677734375,0.6683385195529833,chr11,66291500
51.60551834106445,0.789050230698204,chr11,66337500
47.48479080200195,0.7666796043919939,chr11,66377500
53.99325942993164,0.9872277180497713,chr11,66745500
51.22953414916992,0.9119558853061119,chr11,67235500
37.51220703125,0.7611568022494184,chr11,67729500
38.16502380371094,0.4938091902434988,chr11,67914500
42.85806274414063,0.7869405475729995,chr11,68368500
47.60883712768555,0.7635921030002089,chr11,68743500
41.84270095825195,0.5522562437220315,chr11,69276500
46.86898422241211,0.8146209105217821,chr11,69457500
39.51720428466797,0.6385854652960217,chr11,70122500
42.446590423583984,0.816178111260893,chr11,70148500
42.582889556884766,0.7372748500275217,chr11,70701500
53.10601425170898,0.949327564509269,chr11,72751500
50.95561981201172,0.8982796417411679,chr11,73383500
49.73678588867188,0.7653625757625164,chr11,73592500
45.189334869384766,0.6402504393339085,chr11,73616500
50.394996643066406,0.8589438132097247,chr11,73832500
51.212196350097656,0.8412643546116875,chr11,73972500
49.07061004638672,0.7047973546633286,chr11,74134500
47.39949417114258,0.8261867731373775,chr11,74278500
48.831199645996094,0.7379612267727638,chr11,75044500
46.42768478393555,0.7117893713542981,chr11,75621500
49.01408004760742,0.6500856436647344,chr11,76182500
40.87672424316406,0.6750589005115041,chr11,76635500
39.99810409545898,0.6961096791474135,chr11,77380500
42.50556564331055,0.6710177716500434,chr11,77519500
41.26471328735352,0.6696837288982738,chr11,78689500
34.343055725097656,0.7063393515320273,chr11,78876500
36.24397659301758,0.8271851309442122,chr11,78893500
39.69400024414063,0.6675714011719768,chr11,79022500
34.576839447021484,0.7147883469789836,chr11,79211500
23.3933162689209,0.7030381283555533,chr11,79878500
26.75518035888672,0.7999898802790814,chr11,80884500
19.74441719055176,0.7647332926697221,chr11,80941500
20.11630249023437,0.66234927350173,chr11,81016500
27.044164657592773,0.6504239177514266,chr11,81422500
22.65532112121582,0.8538287742956244,chr11,81498500
27.194236755371094,0.5287729613203702,chr11,81532500
21.49518394470215,0.6649055128611203,chr11,81794500
25.60817527770996,0.6779559237758417,chr11,81920500
24.32914352416992,0.8130966920354764,chr11,82498500
41.09746170043945,0.6926124434654005,chr11,82673500
50.77484893798828,0.6959695571318425,chr11,82999500
53.53987121582031,0.6310296430961759,chr11,83198500
39.31131362915039,0.7725487768917098,chr11,83753500
24.1961612701416,0.6350455623158728,chr11,83893500
23.605026245117188,0.7310342803816486,chr11,84297500
22.156816482543945,0.8007268530005061,chr11,84432500
29.69868469238281,0.6826146466863175,chr11,84683500
24.620094299316406,0.7613466629964858,chr11,84717500
48.489845275878906,0.8319685321010831,chr11,86270500
47.05443954467773,0.7409008724984107,chr11,86456500
30.382497787475582,0.6680630988667935,chr11,86652500
47.48390579223633,0.8075938103231778,chr11,87307500
22.366003036499023,0.7662622953513094,chr11,87939500
36.95146179199219,0.7217046183137201,chr11,88209500
45.27969741821289,0.7384683178202909,chr11,88274500
49.33658981323242,0.7883921888052825,chr11,88388500
40.89106369018555,0.8104073927628177,chr11,88528500
24.34436798095703,0.5148698103902583,chr11,89088500
23.06648063659668,0.751433516138625,chr11,89275500
21.63886070251465,0.8023118648955248,chr11,90760500
22.46160316467285,0.45989096193160284,chr11,90771500
46.17890930175781,0.560643301409157,chr11,91778500
32.79747772216797,0.6107315055379616,chr11,92351500
30.3794002532959,0.713306243504201,chr11,92377500
21.200668334960938,0.7889027591323214,chr11,92503500
21.598129272460938,0.6585898079789532,chr11,92550500
24.133472442626957,0.7660285288182722,chr11,92712500
38.18387222290039,0.6838175604047099,chr11,93261500
46.977149963378906,0.6959562432498865,chr11,93622500
39.50020980834961,0.610740213216217,chr11,94225500
40.83610916137695,0.7559370517343091,chr11,94889500
51.08590316772461,0.7636232911225473,chr11,95763500
42.662357330322266,0.6943554800693582,chr11,96624500
42.29306411743164,0.7904684465016222,chr11,96894500
34.10312271118164,0.739665167893879,chr11,97088500
31.5151424407959,0.7818273300165688,chr11,97451500
31.444721221923828,0.6711529960534082,chr11,98802500
20.7583065032959,0.6673496526017948,chr11,98909500
24.936485290527344,0.7370757951091174,chr11,99110500
21.300268173217773,0.8368728674515223,chr11,99426500
34.22323989868164,0.6826499084115949,chr11,99942500
29.35242462158203,0.799356876860031,chr11,100469500
47.9155387878418,0.738560717175132,chr11,100744500
48.574214935302734,0.7565035676832492,chr11,101035500
42.552364349365234,0.8580303836194725,chr11,101056500
39.49616622924805,0.7266107585860979,chr11,101080500
45.80470275878906,0.7014776288670563,chr11,102230500
47.62144470214844,0.7382490220149065,chr11,102360500
49.27349472045898,0.8466049813679599,chr11,102402500
38.47218704223633,0.7705193599324813,chr11,103004500
22.631547927856445,0.7918284692010956,chr11,104858500
21.01670265197754,0.6440044032880269,chr11,105080500
22.80531311035156,0.788043527650596,chr11,105804500
21.45302963256836,0.7066578609584883,chr11,106567500
20.558399200439453,0.8364191462667648,chr11,106822500
29.846399307250977,0.8042984876883152,chr11,106988500
47.12150573730469,0.5756605162678265,chr11,108132500
49.5464096069336,0.7044413087351119,chr11,109931500
35.10358428955078,0.6237627575314573,chr11,110529500
21.53221893310547,0.7927462341763272,chr11,110777500
39.21969604492188,0.7490370843974571,chr11,111277500
47.04140853881836,0.7605274921689765,chr11,112120500
34.431880950927734,0.6544546900462143,chr11,112431500
35.99201202392578,0.738306985391693,chr11,112805500
36.1026725769043,0.7020308703703778,chr11,113158500
37.69711685180664,0.6529828511900637,chr11,113171500
50.52521896362305,0.7482874691245549,chr11,113595500
47.033016204833984,0.6931562975343659,chr11,113656500
32.9654655456543,0.8083247103024063,chr11,114673500
31.072816848754883,0.5713720755440643,chr11,114887500
21.37085723876953,0.8303806788626787,chr11,114939500
32.96989440917969,0.7485316027465287,chr11,115877500
39.34737014770508,0.6406878735618444,chr11,116125500
35.57160568237305,0.7965253038065658,chr11,116163500
40.04200744628906,0.7256062074871861,chr11,116272500
40.04611587524414,0.752433109050362,chr11,116344500
45.70542526245117,0.7775658107957975,chr11,116605500
53.126121520996094,0.867934078699188,chr11,117225500
49.43933868408203,0.8223419234721793,chr11,118097500
51.91744613647461,0.7543763550473344,chr11,118707500
49.06864547729492,0.7164017668062784,chr11,119568500
35.96373748779297,0.6831373284390347,chr11,119648500
38.37128829956055,0.7786860654454627,chr11,119792500
37.61892318725586,0.6449045734758241,chr11,119875500
33.54774856567383,0.7356681727109793,chr11,119880500
40.925880432128906,0.7145080470114278,chr11,119926500
40.727787017822266,0.7646712116920565,chr11,120689500
32.46153259277344,0.6229442684767463,chr11,120851500
37.605743408203125,0.7191750766580064,chr11,121006500
37.479095458984375,0.6201727027431129,chr11,121126500
39.687782287597656,0.6869521580770397,chr11,121333500
21.349328994750977,0.7218885084541493,chr11,122179500
34.29185104370117,0.564458579677602,chr11,122520500
37.326358795166016,0.7614054915093326,chr11,123199500
40.36745834350586,0.7920477240106483,chr11,123290500
42.14834213256836,0.7077526031068909,chr11,123874500
43.48746490478516,0.7941318657775682,chr11,125041500
52.92326736450195,0.8748412041668387,chr11,125072500
48.19001770019531,0.704620044872186,chr11,125580500
40.10585403442383,0.6127160053672358,chr11,125956500
20.960664749145508,0.767394837921116,chr11,127878500
37.41521453857422,0.7452883397028753,chr11,128541500
44.84961318969727,0.7964604166494975,chr11,129679500
55.199363708496094,0.9772323208942144,chr11,130001500
51.701942443847656,0.6979229138647656,chr11,130297500
34.408729553222656,0.6849737571764498,chr11,130493500
42.35750579833984,0.6914269002195235,chr11,130833500
35.806480407714844,0.5380307950979906,chr11,130932500
31.17368698120117,0.5416972756528375,chr11,131013500
35.81768035888672,0.75136057240192,chr11,131111500
22.2299747467041,0.5663682746370993,chr11,132043500
23.933969497680664,0.7088114172313744,chr11,132867500
23.30315971374512,0.7553036841259358,chr11,133115500
49.630855560302734,0.7975140755619823,chr11,134197500
54.04084014892578,0.8517222761832747,chr11,134226500
42.26234436035156,0.637681942977192,chr11,134283500
45.57368469238281,0.6961902126942705,chr11,134288500
50.93833160400391,0.47646913361018994,chr11,134334500
37.9356803894043,0.6211762123337554,chr11,134664500
39.58112335205078,0.758170397072406,chr11,134874500
49.237586975097656,0.6033187962782691,chr12,451500
52.60064697265625,0.9020137182905041,chr12,1304500
52.249359130859375,0.7300427059221849,chr12,1322500
50.5732650756836,0.7026981567998586,chr12,1352500
46.41354751586914,0.9199602897354466,chr12,1421500
49.68501281738281,0.7282677353965471,chr12,1521500
32.62622833251953,0.6082016891893812,chr12,2492500
33.7371940612793,0.39935160282587434,chr12,2588500
49.69453811645508,0.8701091692183879,chr12,2947500
30.989259719848636,0.8062092654330716,chr12,3231500
31.02559280395508,0.6592302560684511,chr12,3344500
35.04770278930664,0.8264234940989406,chr12,3567500
32.43901062011719,0.6958569885147075,chr12,3589500
32.67581558227539,0.706740182516244,chr12,4244500
45.630367279052734,0.8456228639622851,chr12,4282500
46.0316162109375,0.7364665569637331,chr12,4646500
39.50797653198242,0.6045620470722725,chr12,4716500
33.8292236328125,0.6092026044132013,chr12,4801500
29.61128234863281,0.7586424481733105,chr12,5091500
40.25425720214844,0.869546550803548,chr12,5196500
46.166542053222656,0.7724396476899741,chr12,5266500
35.827999114990234,0.43316739536741233,chr12,5432500
38.32358169555664,0.7960530832254984,chr12,6085500
42.77543258666992,0.6950817101925479,chr12,6291500
48.52696990966797,0.7471959485007871,chr12,7071500
43.79073715209961,0.4346449808124564,chr12,7153500
32.48270034790039,0.538330285985683,chr12,7522500
42.573509216308594,0.6829858898013208,chr12,7716500
51.28885269165039,0.5300823062497535,chr12,7864500
52.59624099731445,0.9835099867502289,chr12,8242500
31.28282165527344,0.6073742879891852,chr12,8622500
48.50447463989258,0.8252373724372899,chr12,8735500
47.03726577758789,0.6505518396137921,chr12,9034500
41.89054870605469,0.7015293327738399,chr12,9839500
52.016143798828125,0.8554843760657315,chr12,11164500
35.91097640991211,0.737795334496961,chr12,11486500
39.40563201904297,0.6290889369560176,chr12,11637500
37.79800033569336,0.6224192912193988,chr12,12001500
44.705684661865234,0.7022943981830638,chr12,12766500
32.967891693115234,0.7640600186569989,chr12,13516500
32.001983642578125,0.6066085237623645,chr12,13814500
55.55234909057617,0.9714438934445271,chr12,14392500
42.90773010253906,0.7727841028053202,chr12,14427500
40.1566162109375,0.7710775543888245,chr12,14675500
38.21452713012695,0.8555603677253792,chr12,14865500
28.428455352783203,0.6960917426673171,chr12,15240500
26.076326370239254,0.5001816754169315,chr12,15300500
21.88070678710937,0.6807592179631503,chr12,16266500
37.68093490600586,0.8121544055302048,chr12,16329500
30.280467987060547,0.7513352368574437,chr12,16392500
25.631940841674805,0.708557792254821,chr12,16593500
24.76006317138672,0.7756884106427239,chr12,16742500
25.305212020874023,0.7315759442368065,chr12,16909500
21.47965240478516,0.7800649655224421,chr12,16915500
27.047666549682617,0.6605539754800551,chr12,16951500
24.810226440429688,0.8527045856216539,chr12,17499500
25.25570106506348,0.582622411384489,chr12,18205500
32.39067459106445,0.6709081191317398,chr12,19604500
24.974733352661133,0.841632831823877,chr12,19903500
28.150972366333008,0.7805057590140898,chr12,20023500
25.44371032714844,0.763870138141218,chr12,20087500
29.67807388305664,0.8632960093942764,chr12,20912500
45.94910430908203,0.8016384480767293,chr12,22580500
48.81205368041992,0.7831870699226959,chr12,23043500
45.00689315795898,0.6943916121654258,chr12,23107500
49.60371017456055,0.6343800964163888,chr12,23354500
42.45158004760742,0.8067099873920426,chr12,23477500
46.740684509277344,0.7870625223749075,chr12,24068500
40.9248046875,0.5692510378210085,chr12,24633500
44.547847747802734,0.6578126047960042,chr12,25373500
41.21476745605469,0.5908386612303331,chr12,25742500
42.16115188598633,0.7156298863521128,chr12,26473500
47.18922424316406,0.762042742224798,chr12,26893500
53.07497024536133,0.5847811042638348,chr12,27008500
40.92107772827149,0.80895657515529,chr12,27188500
42.9599494934082,0.7165214847286678,chr12,27254500
40.86870574951172,0.849748093203784,chr12,27261500
39.623680114746094,0.809902668263074,chr12,27541500
45.68724060058594,0.7876758771784487,chr12,27692500
50.52373504638672,0.7686001415698751,chr12,28436500
38.53636169433594,0.6849709242626396,chr12,28663500
49.15018081665039,0.6331935477144628,chr12,28780500
34.24070358276367,0.5595657182307736,chr12,28852500
39.67647933959961,0.7766276524901123,chr12,28922500
49.08322143554688,0.6784009048471569,chr12,29220500
36.319297790527344,0.8046966114830367,chr12,29552500
32.372528076171875,0.6245410053163037,chr12,30373500
43.83501815795898,0.8085392904747278,chr12,30451500
40.43164825439453,0.7485316027465287,chr12,30593500
45.20711135864258,0.684042237712664,chr12,30708500
30.40839958190918,0.8421825705085142,chr12,31100500
27.8179931640625,0.6567964013513785,chr12,31143500
45.24635314941406,0.8775848320984745,chr12,31765500
51.24234771728516,0.8145656442118779,chr12,31815500
45.1245002746582,0.8409411410251766,chr12,32168500
47.16514587402344,0.6823804698378553,chr12,32382500
50.85493087768555,0.8022860181786384,chr12,33537500
39.28605270385742,0.8125713932310669,chr12,34271500
21.807308197021484,0.6779566318144101,chr12,37017500
21.96802520751953,0.7485316027465287,chr12,37106500
26.08305931091309,0.6528604999669545,chr12,37296500
24.382858276367188,0.8096404240228142,chr12,37329500
27.387163162231445,0.626819058837099,chr12,37345500
21.474639892578125,0.5714377473872359,chr12,37749500
26.092628479003903,0.7301783469994847,chr12,37758500
28.734418869018555,0.8293048945832648,chr12,37789500
20.253835678100582,0.5112139392627065,chr12,37978500
22.445499420166016,0.6726929644473816,chr12,38267500
26.286922454833984,0.7310828590292334,chr12,38309500
30.350765228271484,0.652642484042662,chr12,38607500
47.50091552734375,0.8018422281347193,chr12,39342500
47.74107360839844,0.7635810625904432,chr12,39399500
21.147106170654297,0.8561584742173415,chr12,39712500
39.28549957275391,0.7133077699953458,chr12,40141500
34.142478942871094,0.8110682620228036,chr12,40173500
23.98241233825684,0.6222274104194983,chr12,40649500
25.17279624938965,0.8185072611864752,chr12,40814500
20.42851829528809,0.7012163771083957,chr12,40833500
39.85811614990234,0.8076885216393874,chr12,40946500
28.47548484802246,0.8078772469378463,chr12,40960500
26.562572479248047,0.8209576600854974,chr12,41081500
20.25550079345703,0.7218120558645988,chr12,41451500
28.63883399963379,0.7084748964123899,chr12,41700500
31.056760787963867,0.6056854027085652,chr12,42045500
53.13846969604492,0.8350777386971241,chr12,42435500
22.135478973388672,0.7913721738436725,chr12,42913500
21.71946144104004,0.7370644254415274,chr12,43420500
38.83951568603516,0.737892063536121,chr12,43657500
51.63019561767578,0.8418028473163981,chr12,43804500
26.06228256225586,0.7612039012560601,chr12,44174500
23.86568832397461,0.5708967706834429,chr12,44391500
23.875179290771484,0.8144859873590278,chr12,44439500
35.35345458984375,0.7844625152799566,chr12,45043500
47.47775268554688,0.7348521221981553,chr12,45705500
48.59611892700195,0.6264945550252805,chr12,45916500
41.35205841064453,0.8401896543152405,chr12,46683500
42.90723037719727,0.7608524240104988,chr12,46801500
42.13614654541016,0.837883943601799,chr12,47567500
52.77886962890625,0.7332747827598762,chr12,47738500
42.75211715698242,0.7863033530735976,chr12,47941500
43.07794952392578,0.6819082145770075,chr12,47950500
44.14723205566406,0.7638030673279685,chr12,47961500
42.852325439453125,0.8578819944669483,chr12,49040500
48.52206039428711,0.7825094743470795,chr12,49639500
50.18937683105469,0.8357705908595574,chr12,50230500
53.707313537597656,0.892371556949844,chr12,50551500
51.04888153076172,0.9212193713340394,chr12,51031500
47.621700286865234,0.782273545575798,chr12,51041500
49.93766021728516,0.7762075576367562,chr12,51150500
52.057430267333984,0.8686590398429791,chr12,51236500
50.05839157104492,0.6292610013925741,chr12,51969500
41.721317291259766,0.6986209704068639,chr12,52083500
42.377052307128906,0.6815210881412326,chr12,52134500
34.21887969970703,0.7771646885422682,chr12,52345500
41.63460922241211,0.7321306156453067,chr12,52582500
43.93806076049805,0.7167213469897276,chr12,53769500
44.58380889892578,0.8481967390499969,chr12,53902500
43.73884582519531,0.7720463794757478,chr12,54878500
46.114532470703125,0.6473460044386192,chr12,54966500
37.72151565551758,0.7402507522062073,chr12,55425500
50.18582534790039,0.8047791675811498,chr12,55991500
47.27827072143555,0.7162759943426296,chr12,56662500
45.09065246582031,0.5790979873263264,chr12,56850500
53.33532333374024,0.8738072529924662,chr12,57027500
53.03092193603516,0.9119076258564147,chr12,57103500
48.9814453125,0.6529051738627162,chr12,57326500
46.45838928222656,0.7749103576584521,chr12,57720500
22.11890983581543,0.7565605216954743,chr12,59374500
23.70831871032715,0.7598107864582477,chr12,59390500
19.15618705749512,0.6698160554561338,chr12,59676500
34.533203125,0.6752602554045891,chr12,60094500
48.1378059387207,0.8753779230496711,chr12,60115500
26.201866149902344,0.8409971619912001,chr12,60404500
25.72900009155273,0.8187712623445473,chr12,60601500
27.30770301818848,0.7093089555488603,chr12,60642500
21.79714584350586,0.5841953527267056,chr12,60710500
23.479345321655277,0.72176925290221,chr12,61646500
23.136808395385746,0.7020061397634856,chr12,61752500
51.82530975341797,0.5337354376557886,chr12,62307500
42.1213493347168,0.7456784056127554,chr12,62497500
49.465362548828125,0.6654284176034344,chr12,62874500
44.08839797973633,0.6994500763180724,chr12,63076500
33.7310791015625,0.5124590644333245,chr12,63194500
38.08708572387695,0.5953793476788067,chr12,63218500
29.652851104736328,0.7682058273717716,chr12,63336500
30.64904022216797,0.6715848478142148,chr12,63348500
47.70238876342773,0.7777107661152277,chr12,66115500
43.106441497802734,0.816945912217548,chr12,66320500
42.08112716674805,0.7135288480677089,chr12,66501500
43.942420959472656,0.7978932454778037,chr12,67313500
44.21120071411133,0.7240100933704694,chr12,68124500
32.13367462158203,0.7279680934148308,chr12,68131500
42.12377548217773,0.734467096366304,chr12,68256500
45.73689270019531,0.6963941968899012,chr12,69410500
53.824954986572266,0.9051203132273862,chr12,69475500
50.06200408935547,0.8348595364817347,chr12,69629500
30.14372444152832,0.7645612651001408,chr12,70105500
44.60986328125,0.6263791134261691,chr12,70530500
46.97163009643555,0.8458499439047551,chr12,71231500
46.01520156860352,0.7684102749597828,chr12,71566500
48.53780746459961,0.8107246685532654,chr12,71849500
51.06510162353516,0.8562593511132305,chr12,71882500
34.746952056884766,0.5290751068443846,chr12,72298500
28.681053161621094,0.8455260188862612,chr12,72676500
22.775224685668945,0.6500569224146373,chr12,72834500
27.144739151000977,0.7650354515750393,chr12,73013500
41.84128952026367,0.8929000407297794,chr12,74223500
36.90445709228516,0.7583178840392323,chr12,74473500
26.92893409729004,0.77695289991427,chr12,75179500
20.42403221130371,0.7194348704038716,chr12,75241500
43.16135025024414,0.6940079717690458,chr12,75551500
45.162784576416016,0.7241004387228531,chr12,75563500
49.38085174560547,0.4984885398351354,chr12,75652500
46.389305114746094,0.7830303632577835,chr12,75989500
46.38176727294922,0.8457639388562976,chr12,76839500
46.62799835205078,0.5945754254917915,chr12,76907500
36.50016784667969,0.764025973577614,chr12,76986500
23.262374877929688,0.6174832483475936,chr12,77401500
20.5810604095459,0.6895752056672134,chr12,77629500
20.41294288635254,0.7593871723866056,chr12,79076500
40.620643615722656,0.7309771298535128,chr12,79373500
38.173927307128906,0.7358274548850043,chr12,79696500
48.77503204345703,0.8692741314634477,chr12,79817500
48.489967346191406,0.8210387435506012,chr12,79841500
55.766719818115234,0.8730587082033945,chr12,79937500
45.69002914428711,0.8005709156330184,chr12,79967500
45.437625885009766,0.6988639579136519,chr12,80082500
22.015066146850582,0.7030183586971539,chr12,80800500
22.69702911376953,0.6667755206693979,chr12,81230500
23.617446899414062,0.7564142818353169,chr12,81620500
20.94180679321289,0.7055537336791872,chr12,81724500
20.925493240356445,0.8156712823935338,chr12,82015500
52.24468612670898,0.8570025312385151,chr12,83175500
50.248008728027344,0.7132547693291291,chr12,83210500
24.427536010742188,0.6368685217408228,chr12,83498500
27.913299560546875,0.8392126379233702,chr12,83790500
20.53634452819824,0.775269547887753,chr12,84194500
22.19047164916992,0.7480357132902453,chr12,84257500
21.627273559570312,0.7247493758002952,chr12,84784500
21.859373092651367,0.6720827411650683,chr12,84927500
22.175716400146484,0.6868360745713775,chr12,84998500
22.27663993835449,0.7421454838100408,chr12,85024500
26.0185604095459,0.754381630910693,chr12,85613500
21.18092155456543,0.7463752146931746,chr12,86381500
23.14066696166992,0.6021682622291633,chr12,86484500
25.72642707824707,0.8085516227432014,chr12,86877500
20.69077682495117,0.47386935673117403,chr12,87674500
48.488731384277344,0.8082016974297983,chr12,89264500
45.64415740966797,0.6834624307677601,chr12,89482500
48.62553405761719,0.7686380293673445,chr12,89828500
21.282442092895508,0.834453957713952,chr12,90445500
41.61608505249024,0.7821188105000707,chr12,91104500
51.1767807006836,0.8047568002259603,chr12,91762500
50.56172561645508,0.6302199362661023,chr12,92018500
48.708717346191406,0.758159164352892,chr12,92310500
53.683876037597656,0.6675196490694172,chr12,92362500
43.76566696166992,0.7587718593778721,chr12,92648500
44.7393913269043,0.7663655213626952,chr12,92693500
48.490234375,0.8609951213465336,chr12,92936500
44.10209274291992,0.6978853969306372,chr12,93159500
48.75259017944336,0.7971866755080312,chr12,93393500
46.2796745300293,0.7885179469105976,chr12,94449500
37.79121017456055,0.6050956698210216,chr12,94572500
44.14139175415039,0.7720821416447525,chr12,94785500
34.62942886352539,0.7550522164636602,chr12,96811500
36.508819580078125,0.7487847615711385,chr12,97035500
25.17440414428711,0.7212514470058244,chr12,97255500
25.86699867248535,0.8369615816536503,chr12,97720500
23.32675170898437,0.6124153690065586,chr12,97861500
27.91447257995605,0.7179559905520585,chr12,97880500
36.49736785888672,0.799956136660575,chr12,98187500
37.63357925415039,0.7420379705864107,chr12,99923500
46.45966339111328,0.8117961374677992,chr12,100109500
36.68497467041016,0.694229378490755,chr12,100490500
46.43978118896485,0.586343194247458,chr12,102147500
39.517234802246094,0.5838010161509282,chr12,103509500
53.48833465576172,0.935305630804319,chr12,104604500
50.33458709716797,0.4258918019204103,chr12,104784500
53.441062927246094,0.9568074358162699,chr12,105083500
45.3395881652832,0.7580255594027439,chr12,105134500
39.457462310791016,0.8417906010288045,chr12,105678500
43.10547256469727,0.8141971894068154,chr12,106132500
32.37812805175781,0.6989046358490798,chr12,106205500
40.45006942749024,0.5994933104088775,chr12,106676500
40.57682037353516,0.708181719648521,chr12,107816500
46.73073959350586,0.8533934408866842,chr12,108040500
48.41864013671875,0.6082134518983037,chr12,108273500
44.02406692504883,0.7815870904119206,chr12,108416500
48.218544006347656,0.7866518141479255,chr12,108793500
51.401363372802734,0.8669157933157177,chr12,109473500
47.11659240722656,0.6921367839286732,chr12,109906500
46.86460113525391,0.8187362512006338,chr12,109940500
51.24552154541016,0.6681174995955342,chr12,110310500
51.19231033325195,0.7989041217020002,chr12,111623500
49.717750549316406,0.8069230628840286,chr12,111746500
54.067604064941406,0.9565428422566509,chr12,111978500
55.25740432739258,0.8784585632644208,chr12,112123500
46.68007278442383,0.6911128816428249,chr12,112241500
48.97061920166016,0.7648500331815649,chr12,112426500
43.43087005615234,0.7500175693953277,chr12,112663500
52.89301681518555,0.7928706750102442,chr12,113135500
48.99892807006836,0.656574858084717,chr12,113804500
46.43966674804688,0.7111897883399566,chr12,113918500
34.497108459472656,0.7516583943840284,chr12,114107500
40.794883728027344,0.5556999019195241,chr12,114217500
37.67554473876953,0.8358042713426806,chr12,115394500
45.62069320678711,0.7447909346643271,chr12,115960500
54.48280334472656,0.972776652955638,chr12,116278500
55.01228332519531,0.9837961252384113,chr12,116360500
46.161888122558594,0.7826112392857085,chr12,116828500
43.77474594116211,0.75985343664747,chr12,116888500
52.57883834838867,0.7630594450259097,chr12,116912500
46.98055648803711,0.8250759533989125,chr12,117166500
40.63958740234375,0.7094432578284047,chr12,117303500
38.69917297363281,0.6849558039239203,chr12,117582500
44.47277069091797,0.6752992818055557,chr12,118919500
36.85275268554688,0.7604613177189533,chr12,118960500
47.32664489746094,0.7709147820460212,chr12,119589500
45.78351593017578,0.331280092104999,chr12,119645500
49.49629974365234,0.8291229361681416,chr12,119788500
54.41881942749024,0.9829297001113451,chr12,120292500
54.27484893798828,0.8908357600136991,chr12,120479500
47.79682540893555,0.8610785001605415,chr12,120731500
50.85215377807617,0.6536830141467718,chr12,121213500
53.42967987060547,0.8854230384282361,chr12,121665500
38.992897033691406,0.3893676771078072,chr12,122717500
50.27020263671875,0.9028088947594494,chr12,123421500
49.96705627441406,0.9130154975553751,chr12,123492500
48.96062469482422,0.9096712578713835,chr12,123709500
48.26944351196289,0.6760285588029046,chr12,123765500
43.3623275756836,0.7729593240729659,chr12,123845500
39.7251205444336,0.8027666502008796,chr12,123880500
43.60393905639648,0.636734855901642,chr12,123905500
48.00717926025391,0.8625412425421162,chr12,124262500
50.24663543701172,0.7816206939704897,chr12,124495500
48.56469345092773,0.7944460224773373,chr12,124644500
48.61470031738281,0.854915460592448,chr12,124813500
45.91470336914063,0.7715266130684136,chr12,125098500
42.2646713256836,0.63955807139354,chr12,125138500
34.820404052734375,0.5647419911447307,chr12,125499500
27.11163330078125,0.8264581081242517,chr12,125581500
23.428272247314453,0.5864486630528811,chr12,125801500
26.97599029541016,0.8536356567338538,chr12,126073500
50.09812927246094,0.9134058112837699,chr12,126772500
32.97331237792969,0.8551851854242195,chr12,127523500
33.327335357666016,0.7155443180325455,chr12,128056500
32.20427322387695,0.6279437336593068,chr12,128268500
53.13877868652344,0.8713277526355003,chr12,128817500
40.5056266784668,0.7197726733314456,chr12,129280500
37.23592758178711,0.678657187696522,chr12,129733500
37.70966720581055,0.6194593413920708,chr12,130378500
49.05083465576172,0.8316456683167417,chr12,130998500
44.09153366088867,0.9145313533742544,chr12,131595500
42.59750747680664,0.7508169270700031,chr12,131826500
44.10620880126953,0.7267701911042951,chr12,132016500
41.63533782958984,0.6294784691683841,chr12,132483500
40.81075286865234,0.588482223746053,chr12,132589500
40.91505432128906,0.8737715648057391,chr12,132790500
33.556396484375,0.8733893918305905,chr12,133020500
19.4769287109375,0.6977051347103613,chr12,133221500
22.90058135986328,0.587762676224584,chr13,16280500
25.58512115478516,0.5815906396257358,chr13,16681500
40.49927520751953,0.7955503598396683,chr13,19655500
40.234519958496094,0.7571698707089847,chr13,20149500
38.291465759277344,0.6794509420728153,chr13,20178500
41.42455673217773,0.7268522924899101,chr13,20837500
40.81612396240234,0.5665888152811376,chr13,21415500
55.399539947509766,0.6364776045407943,chr13,21457500
35.59666061401367,0.5437276574649017,chr13,21660500
35.58985137939453,0.5576986277544453,chr13,21750500
36.28487777709961,0.558418783189538,chr13,22128500
31.063905715942383,0.6644652627249424,chr13,22247500
42.168582916259766,0.8810513316608142,chr13,23053500
35.39090347290039,0.796695221772677,chr13,23364500
31.11178398132324,0.5639372279747469,chr13,23445500
33.378143310546875,0.7469692179037093,chr13,24027500
42.664154052734375,0.8462825382607537,chr13,24886500
41.28908157348633,0.8962077267520482,chr13,24890500
35.08445739746094,0.5955982800424257,chr13,25126500
32.85995864868164,0.7231956319839323,chr13,25184500
37.94322204589844,0.7941546787232533,chr13,25460500
32.27595138549805,0.4711275151351263,chr13,25674500
38.96774673461914,0.823536766808452,chr13,27490500
52.10143661499024,0.666132319195755,chr13,27632500
36.02946472167969,0.6806772765234144,chr13,27970500
50.04976272583008,0.807169947205462,chr13,28379500
45.91474914550781,0.7603131595520631,chr13,28799500
35.023651123046875,0.5888075601610294,chr13,29628500
50.5569953918457,0.6437198937553906,chr13,30373500
46.76810073852539,0.5152725633620128,chr13,30601500
37.74398422241211,0.5386335651994789,chr13,31241500
31.62202835083008,0.5213776314107357,chr13,31674500
35.43483352661133,0.6647850794308564,chr13,31863500
41.08466720581055,0.7693242608273542,chr13,31951500
29.546955108642575,0.6310900292129011,chr13,32866500
31.1768856048584,0.7209380221541932,chr13,33912500
30.27701759338379,0.6429280093098271,chr13,33976500
27.099699020385746,0.8360456024246206,chr13,34170500
23.66394424438477,0.7168037934193128,chr13,34812500
27.471879959106445,0.8788392548713664,chr13,35265500
30.13095474243164,0.8598632361867207,chr13,35813500
41.13884735107422,0.7861524140563705,chr13,36918500
39.42765808105469,0.664540439092288,chr13,37108500
25.877952575683597,0.631542678922852,chr13,37339500
23.96026992797852,0.6704744983884255,chr13,37560500
39.194366455078125,0.8634896981372867,chr13,37715500
32.34614562988281,0.6090750444365247,chr13,38109500
41.0037841796875,0.8716175712118411,chr13,38330500
33.8658561706543,0.5253704814161739,chr13,38428500
32.86124801635742,0.6567512690209625,chr13,38623500
38.86547088623047,0.4810393192670599,chr13,39444500
32.8503303527832,0.7403640876521342,chr13,40331500
35.14767074584961,0.6062833076340391,chr13,40710500
42.97609329223633,0.8517531311661056,chr13,40935500
46.49351501464844,0.696360542314366,chr13,41070500
49.681907653808594,0.8981644009648078,chr13,41593500
49.892356872558594,0.7082019105734605,chr13,42245500
44.34156799316406,0.7203583604294249,chr13,42318500
34.165313720703125,0.7570474407119072,chr13,42528500
35.381649017333984,0.6618303375562226,chr13,42728500
32.77967071533203,0.7379158014588643,chr13,42743500
31.05852699279785,0.7199002846385978,chr13,42919500
28.717086791992188,0.6782875447791215,chr13,43228500
30.4941520690918,0.5518388876575042,chr13,43591500
33.191524505615234,0.6321109271017595,chr13,43785500
32.98820495605469,0.6384096427119306,chr13,44032500
33.580413818359375,0.6411674346999756,chr13,44772500
47.16232681274414,0.7616662475897986,chr13,44839500
37.78786849975586,0.769928460892631,chr13,44850500
41.10514831542969,0.8126472511144038,chr13,45029500
46.04896545410156,0.8324341997204945,chr13,45384500
38.90935134887695,0.5630415507788353,chr13,45557500
33.050636291503906,0.7976748868403699,chr13,46844500
25.5515079498291,0.6562545726269666,chr13,47451500
49.02494430541992,0.8810278387978144,chr13,48042500
41.44548797607422,0.7012688378110243,chr13,48053500
46.60569381713867,0.7249380256010194,chr13,48139500
39.17986679077149,0.7776342463259277,chr13,48331500
41.58925628662109,0.843000920778162,chr13,48480500
45.10549545288086,0.7768528505967637,chr13,48543500
47.54821395874024,0.7744274053030811,chr13,49105500
49.56789016723633,0.7297587320570113,chr13,50278500
51.06107711791992,0.9189565198637908,chr13,50509500
45.6689338684082,0.44898947461662964,chr13,50595500
46.74358367919922,0.7456483143548036,chr13,50623500
42.48664474487305,0.8046976826603984,chr13,50700500
52.07848739624024,0.6984935290265433,chr13,50989500
53.276668548583984,0.9217230393775018,chr13,51956500
52.030067443847656,0.8811972745080812,chr13,52124500
32.5782470703125,0.6636884497164002,chr13,52921500
30.102161407470703,0.760024305698141,chr13,53080500
24.94979286193848,0.7797002498312585,chr13,55843500
25.473522186279297,0.6829226390258052,chr13,56335500
21.89621353149414,0.8611912086991904,chr13,56400500
25.208053588867188,0.8595875011108943,chr13,56827500
26.972753524780277,0.7296398362226515,chr13,56845500
30.647056579589844,0.7402601409004079,chr13,57210500
28.819936752319336,0.8349131617417825,chr13,58256500
23.21820068359375,0.8752479521700277,chr13,58292500
28.008935928344727,0.5741032782397819,chr13,58965500
37.2358627319336,0.6607656483888658,chr13,59356500
49.2786865234375,0.714335494468306,chr13,59535500
41.58218383789063,0.9042210696942168,chr13,59831500
43.05558776855469,0.900098291758077,chr13,59982500
38.139404296875,0.6924345361728865,chr13,59987500
44.20289611816406,0.7752285403073538,chr13,60576500
27.208744049072266,0.7362099116897487,chr13,61435500
29.9051570892334,0.7142062978047313,chr13,61567500
23.30193901062012,0.7239216640469708,chr13,61616500
22.974103927612305,0.8197598962047175,chr13,61707500
26.16231918334961,0.8198876514645131,chr13,62345500
24.291927337646484,0.5691356486744081,chr13,62414500
26.42347526550293,0.7896651367049037,chr13,62457500
26.71752548217773,0.9098937517584648,chr13,62654500
28.42901039123535,0.7937220179952913,chr13,62845500
25.961626052856445,0.8724844208876122,chr13,63926500
42.53446960449219,0.7975224109165724,chr13,64063500
21.59255027770996,0.7040789086144494,chr13,64526500
28.72949981689453,0.7751451418547949,chr13,64952500
25.44252014160156,0.8774005827759959,chr13,65233500
29.76974296569824,0.5440736254716424,chr13,65409500
24.797704696655277,0.5849175046383914,chr13,65712500
33.339881896972656,0.7137433933164732,chr13,65720500
38.68271255493164,0.7005088007703988,chr13,65926500
37.41226196289063,0.664341420630937,chr13,66019500
42.67453002929688,0.8010474438358922,chr13,66107500
33.80021667480469,0.7091433457300746,chr13,66124500
24.81130027770996,0.8050977176832124,chr13,67483500
34.644283294677734,0.7462695602232067,chr13,67622500
29.613468170166016,0.7510653330289067,chr13,67749500
30.784257888793945,0.7976542864150763,chr13,67988500
30.181055068969727,0.8483223555426196,chr13,67991500
27.68110656738281,0.7298187757314467,chr13,68575500
27.238943099975582,0.7891960819055543,chr13,70450500
25.328279495239254,0.6755074332967455,chr13,70501500
22.659337997436523,0.6722644654237209,chr13,70526500
22.48809051513672,0.6271006358288872,chr13,70763500
27.650440216064453,0.872168475814408,chr13,70961500
25.672393798828125,0.645045753685676,chr13,72049500
27.62565803527832,0.9582042324921007,chr13,72067500
24.271520614624023,0.7364036276404962,chr13,72074500
27.326791763305664,0.8306111129218928,chr13,72321500
26.13934326171875,0.6563130088912028,chr13,72397500
37.7802963256836,0.7102290974926186,chr13,72918500
34.839576721191406,0.6545412236016913,chr13,73732500
30.90492248535156,0.6496025062331587,chr13,73862500
28.72459983825684,0.6743997022394707,chr13,73975500
24.97658348083496,0.7682655007610981,chr13,74075500
22.575178146362305,0.6858719092930445,chr13,74246500
28.376502990722656,0.6911456314465309,chr13,75177500
39.86772537231445,0.5986660984690124,chr13,75271500
43.74870300292969,0.7150546685565711,chr13,77280500
43.24796676635742,0.7887849097005609,chr13,77289500
36.47251510620117,0.4338713320326322,chr13,77561500
26.85671615600586,0.7285512199038224,chr13,77722500
26.508140563964844,0.38590950422421655,chr13,77724500
36.34732055664063,0.8191804892140475,chr13,79706500
30.611053466796875,0.6412924265795552,chr13,80111500
38.39240646362305,0.6750805547908467,chr13,80323500
34.749454498291016,0.6708309085217867,chr13,80485500
25.75554656982422,0.5323887444419614,chr13,80810500
25.226207733154297,0.8543845093677267,chr13,80947500
28.301807403564453,0.7838434657439104,chr13,81160500
28.894495010375977,0.6658139911668879,chr13,81577500
23.801074981689453,0.8362106427012506,chr13,81862500
25.93941879272461,0.7844801238653822,chr13,82272500
25.52602767944336,0.7470323914263503,chr13,82732500
28.340869903564453,0.9026031871853869,chr13,82785500
22.22439956665039,0.6397504529635962,chr13,83699500
24.93292999267578,0.7314979474021923,chr13,83947500
25.68999290466309,0.7686322220080952,chr13,84472500
25.179357528686523,0.816125909890254,chr13,84847500
24.149980545043945,0.6971454573493698,chr13,84933500
27.818077087402344,0.7104429227098383,chr13,85615500
22.31119537353516,0.7928316002397615,chr13,85648500
23.724159240722656,0.8392009391389913,chr13,85746500
22.712371826171875,0.7337500233790648,chr13,85895500
25.638992309570312,0.7416079371411185,chr13,86036500
24.25448226928711,0.7328306617926903,chr13,86343500
28.466901779174805,0.7893627557855778,chr13,86599500
23.928808212280277,0.8900301949239118,chr13,87038500
23.550981521606445,0.8718752391187459,chr13,87308500
25.61041259765625,0.7488530739641892,chr13,87452500
27.84648323059082,0.8285575322917491,chr13,87880500
24.37358665466309,0.6589815374877206,chr13,87928500
18.781641006469727,0.797660820725133,chr13,88857500
27.18702888488769,0.7691659077398951,chr13,88922500
25.277189254760746,0.7561247279655859,chr13,89468500
25.40912628173828,0.8791118607515795,chr13,89777500
26.970497131347656,0.5817398956758656,chr13,89862500
21.20282745361328,0.7781866842373373,chr13,89935500
22.485719680786133,0.7712154093318487,chr13,90020500
22.93463706970215,0.7698924272647645,chr13,90363500
25.285377502441406,0.8065084861754857,chr13,90418500
23.17051315307617,0.811461967588016,chr13,90595500
23.762807846069336,0.7914813154345882,chr13,90962500
26.875465393066406,0.7053487327054228,chr13,91040500
31.64173889160156,0.548924588875136,chr13,91247500
30.63155937194824,0.7197035933060687,chr13,91256500
28.257280349731445,0.6756075922763319,chr13,91508500
29.40612030029297,0.6470523196028133,chr13,92966500
46.2033576965332,0.7686908539013353,chr13,93223500
39.58273696899414,0.6556373021569841,chr13,93356500
27.19865226745605,0.8204846082715458,chr13,93389500
28.23805046081543,0.7117107664227563,chr13,93791500
24.37979507446289,0.8661070366297403,chr13,93823500
29.163368225097656,0.6285850731979084,chr13,94245500
34.93638610839844,0.5225571109041391,chr13,94334500
33.597843170166016,0.6230697831214713,chr13,94856500
50.01988220214844,0.8005321352027093,chr13,95262500
49.408241271972656,0.7621860492852124,chr13,95265500
37.49023818969727,0.7608975708690264,chr13,95975500
31.73362922668457,0.729519629460776,chr13,96441500
32.32563781738281,0.740496841172184,chr13,96573500
36.101654052734375,0.8487841035894893,chr13,98883500
52.342041015625,0.8236061733421459,chr13,99082500
44.53282165527344,0.5528709322931915,chr13,99408500
46.806678771972656,0.7294322772177009,chr13,99418500
43.06936264038086,0.7723492886323325,chr13,99518500
35.271949768066406,0.7081005611305204,chr13,99827500
39.53778076171875,0.8821033565003096,chr13,100354500
35.41740417480469,0.5680317843983506,chr13,100812500
33.49264144897461,0.7357028393783829,chr13,100950500
26.139442443847656,0.791937203873833,chr13,101502500
25.777318954467773,0.7178902029940266,chr13,102345500
26.410303115844727,0.8803990780147242,chr13,103495500
29.78649139404297,0.6587985403444366,chr13,103666500
25.366352081298828,0.7178875381440202,chr13,104114500
24.39147186279297,0.6108439001653699,chr13,104453500
24.389873504638672,0.8615826153746217,chr13,104683500
23.222230911254883,0.815699263203709,chr13,104742500
23.77342987060547,0.6348559672633508,chr13,104955500
28.358901977539062,0.8517471107103907,chr13,105257500
29.10750961303711,0.6342253556399597,chr13,106259500
32.675540924072266,0.7687795071114212,chr13,106613500
25.41147804260254,0.5795787318789256,chr13,107007500
24.057357788085938,0.8970837771299387,chr13,107390500
26.280685424804688,0.7714360091694616,chr13,107835500
36.47358703613281,0.6707540974321167,chr13,108152500
35.128875732421875,0.5990784258592654,chr13,108183500
40.13573455810547,0.780690153207389,chr13,108364500
35.313621520996094,0.8631064193510183,chr13,108392500
44.110111236572266,0.6765274812420123,chr13,108595500
45.29636764526367,0.7758772832664965,chr13,108697500
52.35286331176758,0.9729493074356045,chr13,108788500
38.41866302490234,0.7045465492518403,chr13,108934500
29.25239562988281,0.6170656057700405,chr13,109456500
33.665550231933594,0.8453175198969216,chr13,109845500
33.68489074707031,0.6590811833456973,chr13,110102500
41.29860305786133,0.6976707896976326,chr13,110830500
47.35108947753906,0.7434841602848337,chr13,110881500
50.6737060546875,0.8325914108701267,chr13,110903500
39.49184799194336,0.5848321241344403,chr13,111139500
30.873580932617188,0.7660919773183936,chr13,111642500
35.402828216552734,0.6532428923258105,chr13,112123500
32.049922943115234,0.638974697635131,chr13,112256500
37.35613632202149,0.6921611807289705,chr13,113045500
38.674415588378906,0.6563697189504516,chr13,113645500
35.974342346191406,0.6539969519275322,chr14,19779500
31.74017143249512,0.5900598002137253,chr14,19813500
38.763145446777344,0.6654693077356524,chr14,19883500
49.39682769775391,0.9235799760517505,chr14,20458500
51.85750579833984,0.5794267883793607,chr14,20813500
29.889867782592773,0.48401385246479034,chr14,20911500
39.349239349365234,0.556851111505198,chr14,22639500
45.30699157714844,0.8913182309448924,chr14,22837500
27.80177497863769,0.7054153104295625,chr14,24768500
32.9434700012207,0.7313041495498693,chr14,24783500
30.687368392944336,0.7605817298297436,chr14,25146500
30.08596420288086,0.765058574917457,chr14,25943500
25.2559814453125,0.6208060058305491,chr14,26174500
28.67175674438477,0.7050195979562395,chr14,27210500
31.97171211242676,0.8216784526135078,chr14,27682500
24.00680923461914,0.7933291273362784,chr14,28103500
25.32881546020508,0.867265060613185,chr14,28142500
29.08833694458008,0.9096837287089549,chr14,28662500
40.11823272705078,0.7834636134560282,chr14,28836500
41.761810302734375,0.6937565507572757,chr14,28893500
39.494407653808594,0.9168902981993216,chr14,29010500
38.08945846557617,0.8743785382582996,chr14,29900500
39.65663146972656,0.6021300430613143,chr14,30324500
42.0414924621582,0.7753408432568051,chr14,30780500
51.58026123046875,0.8004524584173082,chr14,30869500
35.80100631713867,0.5657772695011698,chr14,31616500
38.998138427734375,0.7605462654607478,chr14,31780500
48.41830062866211,0.7314300215377187,chr14,31969500
43.51131820678711,0.7603907603878215,chr14,32059500
46.52025604248047,0.8946865503702066,chr14,32154500
39.552696228027344,0.7756502088695544,chr14,34304500
48.38520812988281,0.8078648198004102,chr14,34906500
45.184200286865234,0.8533418201488832,chr14,35027500
49.17163848876953,0.6175682389897916,chr14,36909500
38.62359619140625,0.664665096461236,chr14,37260500
45.63753509521485,0.7327893658067555,chr14,37316500
39.43743896484375,0.715440456669509,chr14,37716500
24.772003173828125,0.6903300084419044,chr14,37940500
29.343965530395508,0.5761319457072962,chr14,37983500
27.148887634277344,0.5948316075476907,chr14,38202500
29.85818862915039,0.5460533146170792,chr14,38710500
39.19287109375,0.7446911402818357,chr14,39001500
46.71896743774414,0.693254779715137,chr14,39008500
35.29383850097656,0.819663873883146,chr14,39489500
23.2237548828125,0.8781228274944428,chr14,39911500
24.851747512817383,0.7489228617361671,chr14,39965500
24.43626976013184,0.5538318816397846,chr14,40466500
27.93826103210449,0.7468125422538934,chr14,40909500
25.148569107055664,0.7120821064855625,chr14,41486500
28.08306312561035,0.6717169595065804,chr14,41870500
27.87189483642578,0.6892454582542651,chr14,41968500
25.057373046875,0.7133168656064378,chr14,42516500
23.374229431152344,0.7279724335271895,chr14,43103500
26.40453338623047,0.6363880046917109,chr14,43161500
24.52139663696289,0.787511595912496,chr14,43174500
26.83437156677246,0.747184057521671,chr14,43184500
24.856210708618164,0.9369860982113714,chr14,43341500
28.874500274658203,0.7295880059746439,chr14,43550500
27.63784408569336,0.7132435130128401,chr14,43748500
25.088781356811523,0.765383222276111,chr14,44345500
36.02313995361328,0.7842680555925439,chr14,44769500
25.878995895385746,0.7707764547585909,chr14,46934500
22.33769416809082,0.6926839305921404,chr14,46962500
28.708934783935547,0.9008174408196864,chr14,46983500
28.31022453308105,0.8390091673308782,chr14,47002500
25.08193016052246,0.7378799696503148,chr14,47141500
23.7213077545166,0.6648046802106669,chr14,47516500
29.791126251220703,0.7165282887065867,chr14,47726500
22.216367721557617,0.6792521991711964,chr14,48120500
23.71657943725586,0.9218701573197216,chr14,48737500
29.74730110168457,0.699819080968948,chr14,48975500
45.34531021118164,0.7685616306588046,chr14,50466500
48.759403228759766,0.8150030128451609,chr14,50501500
42.86088562011719,0.6995721598687187,chr14,51086500
32.51095199584961,0.6840638489507688,chr14,51557500
34.85513687133789,0.6181536274543837,chr14,51713500
33.48292922973633,0.5404339406269691,chr14,51890500
50.75754165649414,0.6996899374686243,chr14,52022500
42.56000518798828,0.5022733512823757,chr14,52996500
19.544408798217773,0.8462312882171843,chr14,53510500
22.132686614990234,0.8189652544303565,chr14,53559500
20.694528579711918,0.6419445649763962,chr14,53660500
28.16629409790039,0.7536571939143036,chr14,53994500
22.824024200439453,0.7313512893146397,chr14,54011500
36.1085090637207,0.797128386164256,chr14,54218500
45.439701080322266,0.7977426402940347,chr14,55154500
35.028099060058594,0.7506266956900296,chr14,55874500
40.39916610717773,0.5330213813903164,chr14,59395500
55.9321517944336,0.9074601703942067,chr14,59480500
40.70973587036133,0.7992633867555495,chr14,59574500
39.0302963256836,0.587184744157352,chr14,60172500
30.018911361694336,0.7420384190143479,chr14,61315500
47.177677154541016,0.7061699275166664,chr14,61367500
49.21724319458008,0.7979903421037352,chr14,61728500
25.225494384765625,0.5613847809581254,chr14,62406500
23.90105628967285,0.7277647511779575,chr14,62763500
30.678129196166992,0.6479624092250382,chr14,62999500
40.83654022216797,0.661969426604458,chr14,64104500
40.866580963134766,0.6414006105411816,chr14,64153500
42.5870361328125,0.5838911876212941,chr14,64682500
34.253211975097656,0.7176025379060944,chr14,64732500
44.68381881713867,0.768979879629555,chr14,65376500
37.50075912475586,0.6412853883448966,chr14,65685500
31.20311164855957,0.8220295914975282,chr14,66622500
35.293670654296875,0.8766690728520716,chr14,66684500
34.628440856933594,0.5912499953550697,chr14,66689500
23.65973472595215,0.7547541951970735,chr14,66800500
45.60912704467773,0.6997100807944239,chr14,67432500
51.83358383178711,0.8521776407176573,chr14,68272500
53.224159240722656,0.8602170810841148,chr14,68620500
49.407997131347656,0.8153226127105402,chr14,68934500
42.94002151489258,0.7845143985526086,chr14,69474500
47.52961730957031,0.7275398834130888,chr14,69596500
55.13182067871094,0.8449532680978603,chr14,69698500
40.17952346801758,0.5236762726387254,chr14,69994500
41.64824676513672,0.8621672359194301,chr14,70858500
38.71053695678711,0.7731462471397469,chr14,71305500
56.00152969360352,0.9096077351518366,chr14,71538500
38.639137268066406,0.8358880217416812,chr14,71709500
34.55024337768555,0.7396695801404467,chr14,71812500
37.106082916259766,0.7055322697569808,chr14,71858500
46.944149017333984,0.6709071527497352,chr14,73100500
53.66889572143555,0.9959791988782207,chr14,73758500
46.32212829589844,0.8339321703658313,chr14,74190500
48.06744384765625,0.7986241863639645,chr14,74298500
46.23909378051758,0.7532182801756192,chr14,74892500
49.25568389892578,0.6354245180598321,chr14,75243500
32.18153762817383,0.45296873951472694,chr14,75593500
43.135475158691406,0.8399555418012503,chr14,75677500
35.93260192871094,0.844211566640614,chr14,76466500
37.43699264526367,0.751216408869142,chr14,76795500
41.48188781738281,0.5862004358136241,chr14,77285500
54.13444900512695,0.8960303310694531,chr14,77606500
50.32728958129883,0.8405013139262311,chr14,77815500
35.248802185058594,0.5694414619298271,chr14,78218500
46.015892028808594,0.7722577730410092,chr14,78611500
38.52421188354492,0.8015245565405146,chr14,78669500
25.89897918701172,0.6867654183205671,chr14,79215500
26.830265045166016,0.7678253609601697,chr14,79521500
22.180423736572266,0.7373577141770573,chr14,79975500
29.83983421325684,0.8006450729731083,chr14,80650500
35.88400650024414,0.774122495662751,chr14,80701500
32.90729522705078,0.8501369489150763,chr14,81664500
27.06029510498047,0.8084614077026481,chr14,81919500
24.65480613708496,0.7134036738598262,chr14,82414500
26.919023513793945,0.6485789814686498,chr14,82444500
22.7039794921875,0.6018322521792584,chr14,82736500
24.72479057312012,0.7616185714297327,chr14,82834500
22.00529289245605,0.8736234000375083,chr14,83296500
25.00004768371582,0.709568253743204,chr14,83404500
25.1202449798584,0.6477486110896777,chr14,83610500
23.41097068786621,0.7509216410029008,chr14,83653500
23.510662078857425,0.7526120731196605,chr14,85299500
24.87792205810547,0.8825263516275113,chr14,85397500
25.96018409729004,0.5832737895102618,chr14,85472500
25.19832801818848,0.7178134559660108,chr14,85723500
27.615324020385746,0.6761479799356243,chr14,86265500
27.996448516845703,0.7155897577985808,chr14,86414500
24.72031784057617,0.7071440484783538,chr14,86627500
21.72007751464844,0.7064879707596454,chr14,86645500
25.93121719360352,0.7609911004773088,chr14,86710500
23.42790031433105,0.7181903970269858,chr14,86805500
25.92277717590332,0.6029443384029703,chr14,86842500
24.57931327819824,0.6727797031942551,chr14,86979500
25.43467712402344,0.808257295628104,chr14,87382500
21.56077003479004,0.8136656405112672,chr14,87691500
25.45941162109375,0.7070133488904722,chr14,88167500
40.33076858520508,0.8640793365494578,chr14,88467500
31.45082092285156,0.6362902211772834,chr14,89057500
33.92876434326172,0.6187069194381352,chr14,89356500
33.06779861450195,0.6330649193842741,chr14,89582500
31.936899185180664,0.6881015938262587,chr14,89638500
33.09455108642578,0.4571101317385966,chr14,89695500
40.30452346801758,0.8758242322493821,chr14,89982500
46.47384262084961,0.7160727712722244,chr14,90266500
40.12030792236328,0.6948691298723801,chr14,91568500
35.828617095947266,0.8455173721404654,chr14,91597500
52.2320442199707,0.8966110095450296,chr14,92102500
38.3819580078125,0.7106230328055582,chr14,92260500
46.23345947265625,0.7853683937933528,chr14,92998500
46.70896911621094,0.8543183042412374,chr14,93336500
32.444522857666016,0.8139646331235006,chr14,93834500
31.394664764404297,0.6771486671857115,chr14,94413500
47.48063659667969,0.97716966166194,chr14,95157500
54.5671501159668,0.9740364671160595,chr14,96364500
36.35261917114258,0.6630342617652053,chr14,96710500
41.74126052856445,0.736222738761175,chr14,96746500
51.12337493896485,0.808453746350613,chr14,96842500
35.392391204833984,0.5761544924318676,chr14,97392500
29.416778564453125,0.7402944821579338,chr14,97534500
31.063013076782227,0.5587029149204017,chr14,97957500
31.981592178344727,0.5194463173405686,chr14,97959500
25.45401954650879,0.6031583428426912,chr14,98447500
22.69477081298828,0.5527531451275898,chr14,98694500
37.23023223876953,0.7282672997451736,chr14,98952500
48.974639892578125,0.7569382186067453,chr14,100200500
53.76443862915039,0.8573931946565777,chr14,100681500
50.8215217590332,0.7142661020862413,chr14,100694500
50.24918746948242,0.7163730155470878,chr14,100715500
35.1439208984375,0.6339943497563136,chr14,101089500
38.81558609008789,0.8458797991241984,chr14,101139500
43.23981094360352,0.6294353359784599,chr14,101556500
46.12232971191406,0.6218696321362457,chr14,103084500
40.62416076660156,0.581799521197911,chr14,103161500
53.17227935791016,0.9449731392118872,chr14,103443500
50.2818489074707,0.8806010351265642,chr14,103720500
43.36187744140625,0.7562022158578923,chr14,103800500
36.88862609863281,0.7659833638238576,chr14,104589500
48.74715423583984,0.6615721782597987,chr14,105062500
40.15663146972656,0.921844074399921,chr14,105496500
26.678083419799805,0.7103315910482253,chr14,105860500
30.51642608642578,0.7622739418671809,chr14,106238500
25.76211929321289,0.6082501442604106,chr14,106734500
21.459453582763672,0.90132307326154,chr15,19889500
32.469444274902344,0.8447100996978698,chr15,19986500
32.28604888916016,0.7023951752706469,chr15,20397500
35.74668502807617,0.5881972329160907,chr15,22293500
53.88410568237305,0.9826388721960061,chr15,22711500
46.32730865478516,0.8614950653497205,chr15,22933500
38.709564208984375,0.631045907661099,chr15,23425500
38.17568588256836,0.6689536626623984,chr15,23498500
28.76492118835449,0.7086365054582584,chr15,23785500
29.83241844177246,0.7570794626398353,chr15,23883500
24.442739486694336,0.8168054497390441,chr15,24307500
25.68830299377441,0.849496000077682,chr15,24497500
27.009859085083008,0.6523778190695322,chr15,24570500
21.16005516052246,0.7680288861273079,chr15,24664500
33.003780364990234,0.8530482498920229,chr15,25530500
34.05322265625,0.7118198802960993,chr15,26696500
35.833045959472656,0.5885391036912468,chr15,26802500
38.85955047607422,0.6842413822345768,chr15,27701500
34.350921630859375,0.7640543355004034,chr15,27789500
37.59392166137695,0.7382100360812098,chr15,27793500
43.998046875,0.6308164568674368,chr15,28087500
35.53948974609375,0.8131511151723865,chr15,28135500
39.16360855102539,0.8345880531766272,chr15,30008500
25.719423294067383,0.7425589223043345,chr15,30694500
41.38762283325195,0.7879572602864968,chr15,30929500
35.1036376953125,0.7792256580106641,chr15,31475500
40.52824020385742,0.9313998618810787,chr15,31870500
40.462013244628906,0.6166761476614235,chr15,32753500
45.21159744262695,0.6640771722490995,chr15,33128500
37.36091232299805,0.765986102626155,chr15,33449500
38.929683685302734,0.8573233367608527,chr15,33814500
46.175872802734375,0.5226749716250811,chr15,33917500
43.772796630859375,0.8164431111288758,chr15,34352500
50.11717987060547,0.8677909327293938,chr15,34461500
47.12139129638672,0.7931954070446201,chr15,34509500
48.58956527709961,0.8230436973236162,chr15,34510500
45.31578063964844,0.7349153998320351,chr15,34772500
49.95301818847656,0.8085799107055855,chr15,35042500
38.75957489013672,0.7413120228744481,chr15,35393500
43.73876953125,0.8661959199229229,chr15,35480500
34.021297454833984,0.629258380431722,chr15,35759500
51.195579528808594,0.6987820685526545,chr15,36405500
47.5189208984375,0.5562165907130409,chr15,36489500
43.87736892700195,0.6973521978716529,chr15,36619500
38.62279891967773,0.6523672264401876,chr15,36691500
20.70633316040039,0.6055992069396046,chr15,37655500
26.138887405395508,0.7535594938494681,chr15,37834500
44.77399444580078,0.6797272715442352,chr15,39325500
40.02040100097656,0.6165686217723593,chr15,39528500
42.17504501342773,0.74062128885902,chr15,39810500
46.40971755981445,0.8199750986713129,chr15,39973500
49.55367660522461,0.6655623758734255,chr15,40548500
49.84674453735352,0.8190279535538714,chr15,40947500
47.01845550537109,0.7340386465248725,chr15,41215500
46.117958068847656,0.7771502262220122,chr15,41356500
40.12980270385742,0.730786762175504,chr15,42013500
44.4818229675293,0.6667725226751355,chr15,42298500
50.17424392700195,0.8931802854871342,chr15,42955500
50.59305191040039,0.7342131774887215,chr15,43111500
42.00310897827149,0.7571340522301713,chr15,43279500
54.54536437988281,0.9753840191043146,chr15,44288500
45.97636413574219,0.85842913340727,chr15,44581500
48.226661682128906,0.7383786910961269,chr15,45206500
26.782501220703125,0.7313395673874694,chr15,45298500
41.107215881347656,0.6956885982753476,chr15,45440500
41.62556457519531,0.7507694501709035,chr15,45619500
35.10288619995117,0.6052976688052997,chr15,45775500
30.650453567504883,0.6045498169144905,chr15,46349500
23.665599822998047,0.6747490316989695,chr15,46914500
23.59346008300781,0.7014716345540819,chr15,47183500
24.408716201782227,0.7916196347634911,chr15,47469500
22.474214553833008,0.5276216697501822,chr15,47945500
24.67864990234375,0.7312352012239955,chr15,47990500
23.945798873901367,0.5755696480802965,chr15,48090500
46.52434158325195,0.7160013974504531,chr15,50483500
53.71257400512695,0.7742810552190782,chr15,50754500
53.54092025756836,0.9380402751876363,chr15,52016500
41.033599853515625,0.7156633971448243,chr15,52158500
41.27399444580078,0.6940931737950352,chr15,52222500
36.580753326416016,0.6988810144653067,chr15,52364500
40.69588851928711,0.7443509168857172,chr15,52603500
38.66987609863281,0.7103067006992791,chr15,52700500
26.3286247253418,0.8233376619197308,chr15,53494500
25.902538299560547,0.6581116745009288,chr15,53497500
21.353479385375977,0.6425452544709176,chr15,54389500
23.82060813903809,0.6188812496233342,chr15,54450500
23.152517318725582,0.83283029458288,chr15,54518500
46.65121078491211,0.7778426567922628,chr15,55473500
46.47563171386719,0.723219899357284,chr15,55628500
51.2015266418457,0.6550083775438287,chr15,56342500
49.099853515625,0.7880420235203819,chr15,57039500
48.15187072753906,0.820392871464422,chr15,58631500
50.092315673828125,0.7824547055912743,chr15,58784500
49.81873321533203,0.8419726149662878,chr15,58911500
43.85643005371094,0.8269625722112075,chr15,59240500
40.26213836669922,0.6856370997608626,chr15,59361500
34.97576141357422,0.8315637444384845,chr15,60042500
42.89485549926758,0.7135174526459697,chr15,60332500
42.09633255004883,0.7438653134261201,chr15,60549500
34.343563079833984,0.6320619590145824,chr15,60684500
40.19503021240234,0.7704799030298093,chr15,60877500
39.92463684082031,0.7061167408496444,chr15,61456500
40.00177001953125,0.762814425174169,chr15,61706500
35.238582611083984,0.6741633595426553,chr15,61725500
39.91341018676758,0.8744698335012486,chr15,61750500
31.501474380493164,0.5779572825063637,chr15,62217500
40.194732666015625,0.6513831355144002,chr15,62735500
49.03886795043945,0.7090103375383416,chr15,63165500
50.54635620117188,0.6885185589747561,chr15,63340500
47.77164840698242,0.7937100621586506,chr15,63412500
50.61213302612305,0.6137362789346787,chr15,63926500
50.084999084472656,0.744928093003183,chr15,64240500
49.26180267333984,0.7742572255249836,chr15,64718500
44.50608444213867,0.8316307370128784,chr15,64941500
46.43350982666016,0.7709059288623832,chr15,65007500
49.66081619262695,0.773045102566263,chr15,65451500
47.94215774536133,0.7270070927799167,chr15,65815500
48.77312088012695,0.7096309210987377,chr15,67667500
44.31497573852539,0.819554123833884,chr15,67699500
52.40959167480469,0.7373186286509864,chr15,68079500
43.54228973388672,0.675157030066112,chr15,68309500
39.583282470703125,0.7463671543477549,chr15,68375500
39.85963821411133,0.7423984126635768,chr15,68680500
40.04938507080078,0.8249304647802447,chr15,68838500
41.33795166015625,0.5045625966908279,chr15,69323500
39.428897857666016,0.7712619491485321,chr15,69980500
42.91693878173828,0.5712237169466845,chr15,70488500
29.30015182495117,0.6878614332506905,chr15,70943500
34.17359924316406,0.6549962409484609,chr15,71185500
50.713897705078125,0.7536231000388741,chr15,72114500
35.46929168701172,0.6828779313807327,chr15,72422500
40.40620803833008,0.7412591112923216,chr15,73092500
43.57806396484375,0.6169180652897985,chr15,73775500
45.89397048950195,0.807517660651458,chr15,75099500
44.83776092529297,0.7629506552648924,chr15,75389500
46.924259185791016,0.8732145315253607,chr15,75415500
41.65012741088867,0.5153264821875253,chr15,76061500
45.94966125488281,0.7306180707584826,chr15,76373500
32.85391616821289,0.6255196726574295,chr15,76579500
33.26331329345703,0.6709966070268709,chr15,76631500
33.95684814453125,0.5954433171911457,chr15,76722500
46.578033447265625,0.7368964196476502,chr15,77799500
47.02919387817383,0.7328561041316592,chr15,80192500
48.6998291015625,0.7184568786485204,chr15,80317500
49.627811431884766,0.6143165897936818,chr15,80959500
49.71667098999024,0.6744485747914839,chr15,81182500
49.26645278930664,0.884725446542525,chr15,81235500
49.00620269775391,0.731181724420987,chr15,81258500
43.153785705566406,0.7085339136362147,chr15,81877500
47.33552169799805,0.7184467219602291,chr15,81898500
53.381309509277344,0.824282226581635,chr15,81946500
51.11878967285156,0.7896374505111072,chr15,82013500
48.92011642456055,0.6815430474018529,chr15,82091500
23.83476448059082,0.6240317444360757,chr15,82353500
33.63639450073242,0.8303515990564789,chr15,82487500
45.17562484741211,0.6989455657510906,chr15,82697500
41.829132080078125,0.7189540583477465,chr15,82906500
49.58382034301758,0.7402864497824602,chr15,83174500
38.09230422973633,0.8142449043698207,chr15,84005500
52.81567001342773,0.8740137261844632,chr15,85002500
42.07503890991211,0.6509919341598656,chr15,85131500
49.81293869018555,0.7453019680479747,chr15,85142500
38.69627380371094,0.6199933376383512,chr15,85571500
39.62835311889648,0.7496920021103446,chr15,85615500
40.26689910888672,0.7078331037497245,chr15,85695500
23.281457901000977,0.9059324402268367,chr15,85991500
20.663724899291992,0.5696570342598526,chr15,86347500
25.95916748046875,0.5049703272967931,chr15,86489500
21.09984397888184,0.6343619689439344,chr15,86867500
40.51958465576172,0.625588774434556,chr15,87409500
52.62667465209961,0.724931671571919,chr15,87622500
41.46451568603516,0.7604561585797573,chr15,88370500
49.815616607666016,0.8567411601494308,chr15,88634500
40.04725646972656,0.7581503929663248,chr15,88736500
46.85308837890625,0.7631224530595614,chr15,89964500
47.22887802124024,0.66021737305372,chr15,89967500
49.77090072631836,0.8966962500549489,chr15,90698500
51.44402694702149,0.8487637497837897,chr15,90966500
49.95565414428711,0.774695703762392,chr15,91011500
47.03950119018555,0.6895757712293711,chr15,92738500
50.76247787475586,0.9166877462811623,chr15,92828500
35.26626968383789,0.71578144030329,chr15,93131500
33.83223342895508,0.5549074427820537,chr15,93243500
34.72639465332031,0.8103608500332831,chr15,93461500
28.03750228881836,0.7334515475028007,chr15,93898500
21.329689025878903,0.7970424667841374,chr15,94562500
46.3054313659668,0.7342310888552229,chr15,94751500
47.89730072021485,0.7910697864186516,chr15,95368500
48.43622589111328,0.8422633018686128,chr15,95571500
47.43570327758789,0.6829296369538269,chr15,95961500
50.78725814819336,0.8520647886468857,chr15,96184500
51.63608932495117,0.8351202353040557,chr15,96341500
49.52709579467773,0.7797200713676775,chr15,96382500
36.00762176513672,0.765608830309161,chr15,96664500
39.9862174987793,0.6496853432101037,chr15,97781500
34.2244758605957,0.7025201564827317,chr15,98430500
45.22329711914063,0.7175010119203944,chr15,98644500
41.249271392822266,0.8706780976161316,chr15,99016500
41.98168563842773,0.5751151776646968,chr15,99536500
48.085479736328125,0.6979760699533937,chr15,99730500
40.68169784545898,0.8129291874615518,chr15,99850500
28.78830337524414,0.6162261180555719,chr15,100171500
48.45399856567383,0.7581083154199952,chr15,101467500
42.26699447631836,0.8118884596747178,chr15,101528500
39.9007682800293,0.6416227964413364,chr15,101825500
50.7303581237793,0.7167992752361291,chr16,255500
53.53384780883789,0.9607515497159383,chr16,352500
36.63423538208008,0.6327827971869651,chr16,1013500
40.18759536743164,0.7767142861192436,chr16,1213500
42.81609344482422,0.8721328855791641,chr16,1789500
46.06100845336914,0.6890005968436381,chr16,2393500
50.01844024658203,0.7904399058068512,chr16,2719500
50.75126647949219,0.9274248535098618,chr16,3014500
43.027462005615234,0.6981588039005502,chr16,3204500
40.47086334228516,0.4035723211162505,chr16,3913500
52.89430618286133,0.8322375837765215,chr16,4314500
56.49824142456055,0.9834708907973563,chr16,4477500
35.885990142822266,0.6608371586219957,chr16,5365500
35.85413360595703,0.799675658663282,chr16,5577500
39.2919921875,0.7073298938181132,chr16,6813500
36.18944549560547,0.7338696630862216,chr16,7190500
33.257896423339844,0.7118085395445964,chr16,7477500
39.93022918701172,0.7316027651226737,chr16,7596500
39.94552993774414,0.7000737312774215,chr16,8220500
40.0817756652832,0.6603955109053851,chr16,9260500
39.18242263793945,0.792853158113851,chr16,9370500
39.61202239990234,0.6144255913778529,chr16,9984500
43.09881591796875,0.6778227787787301,chr16,10473500
51.73402786254883,0.7769995530763616,chr16,11313500
48.73794937133789,0.6528091096974157,chr16,11340500
46.06903076171875,0.7577298807526867,chr16,11487500
42.82931518554688,0.7246878789369446,chr16,11657500
49.26304244995117,0.691592492652231,chr16,11683500
45.78565216064453,0.7054422024975413,chr16,12195500
43.571048736572266,0.7281223452752581,chr16,12268500
43.15251922607422,0.7643810460921415,chr16,12543500
44.79207229614258,0.6153345868349962,chr16,12601500
35.58274841308594,0.7736497268556568,chr16,13051500
40.48273086547852,0.7828497778317537,chr16,13108500
35.615135192871094,0.6648540823790876,chr16,13245500
44.68383026123047,0.7864884037022432,chr16,13885500
47.29887771606445,0.7821329541988613,chr16,14593500
51.44601058959961,0.711336720536163,chr16,14627500
44.39845275878906,0.5441665870637238,chr16,15806500
48.75642776489258,0.8655901625974871,chr16,16594500
40.56647872924805,0.744333754513381,chr16,17253500
41.72735595703125,0.7335082918091008,chr16,17257500
41.61898422241211,0.7159847139572821,chr16,17298500
34.94060516357422,0.7186377167471009,chr16,17508500
44.075927734375,0.7331058966470265,chr16,17603500
33.616920471191406,0.5668495812043572,chr16,17624500
23.128108978271484,0.5650480958035502,chr16,18268500
44.26362228393555,0.9272624275064487,chr16,18781500
32.25151824951172,0.8387279778189239,chr16,20475500
40.61176300048828,0.6875318786369802,chr16,20488500
52.441402435302734,0.7477259005532475,chr16,20771500
49.524658203125,0.9091418131228748,chr16,21621500
31.707643508911133,0.7602266206430134,chr16,21932500
38.39130783081055,0.7348794804689924,chr16,22959500
48.83629989624024,0.7435863924156831,chr16,23125500
40.88217544555664,0.6920466392714321,chr16,23165500
43.14493560791016,0.6591979970015345,chr16,23372500
41.1714973449707,0.6854232991837935,chr16,24337500
53.94802474975586,0.8495341681687464,chr16,25033500
46.72419357299805,0.7632581898727083,chr16,25193500
38.60979080200195,0.645063651848099,chr16,25425500
40.3612060546875,0.7020840300248117,chr16,25717500
40.60748672485352,0.7234517946397491,chr16,25968500
37.46421051025391,0.6790550419830115,chr16,26252500
45.921974182128906,0.613853118109165,chr16,26962500
42.25559997558594,0.7264510198698432,chr16,27379500
46.23411560058594,0.3334308041231424,chr16,27923500
48.60780334472656,0.8071607085778522,chr16,28968500
49.78546142578125,0.8989244894546908,chr16,28987500
39.99277877807617,0.7460386380049691,chr16,29356500
48.99995422363281,0.7811504498411168,chr16,29706500
49.26110076904297,0.9112730741419585,chr16,29722500
49.959739685058594,0.8021019925143515,chr16,29874500
50.57341003417969,0.6042835801076176,chr16,29909500
48.58442687988281,0.6524609542712991,chr16,30520500
49.68561172485352,0.9429839431123793,chr16,30810500
29.81338119506836,0.5191309038712555,chr16,31596500
25.261035919189453,0.7957831017581654,chr16,33774500
22.41872215270996,0.7528985253289389,chr16,34805500
23.57571601867676,0.7854917505396795,chr16,35381500
43.06338119506836,0.80467026943861,chr16,47218500
47.69852066040039,0.7737592189330186,chr16,47438500
41.36573791503906,0.6832904245542345,chr16,48061500
35.13323211669922,0.5769363165556592,chr16,48937500
35.0421028137207,0.6717829118148835,chr16,49018500
40.06858825683594,0.6903408709004801,chr16,49386500
36.5963134765625,0.8036739344891657,chr16,49643500
40.99417495727539,0.7193936052752408,chr16,49905500
29.721803665161133,0.6779854740882186,chr16,51327500
24.954408645629883,0.7041716576065942,chr16,52232500
43.976173400878906,0.7418895465044266,chr16,53349500
49.0118293762207,0.7974045309493325,chr16,53841500
40.83224487304688,0.7905425642293998,chr16,53976500
38.53216171264648,0.753796612762773,chr16,54081500
37.98736190795898,0.7085871624608981,chr16,54239500
26.61149406433105,0.7608874699330196,chr16,54605500
37.85275650024414,0.6336645263337857,chr16,54761500
38.63592147827149,0.8086405024510274,chr16,55036500
35.27809524536133,0.6235411014343917,chr16,55113500
41.15071105957031,0.6647953822582628,chr16,55213500
37.27384948730469,0.6402413454454512,chr16,55269500
45.1266975402832,0.7638511320034345,chr16,55472500
41.07210922241211,0.602488703021938,chr16,55581500
39.39993667602539,0.8394960492833501,chr16,55637500
48.90430068969727,0.7256338610499318,chr16,55845500
49.03395462036133,0.6408119737180699,chr16,56759500
52.75735092163086,0.8576497907137165,chr16,56765500
49.92274856567383,0.7935759947303296,chr16,57122500
42.74513626098633,0.5351178597787187,chr16,57337500
50.27385330200195,0.6270628579576423,chr16,57548500
45.94329071044922,0.80430948122464,chr16,58070500
52.946285247802734,0.864750506297975,chr16,58261500
50.18429183959961,0.784723655147654,chr16,58399500
21.79858016967773,0.6648455992486177,chr16,59140500
28.99271011352539,0.8371800650212223,chr16,59228500
52.14574432373047,0.7161113165240467,chr16,59358500
26.03880500793457,0.7889888265255338,chr16,59429500
21.194398880004883,0.5639877483071039,chr16,59605500
21.49102210998535,0.5738522727480733,chr16,59845500
22.84185791015625,0.7472535959005151,chr16,60438500
22.298154830932617,0.7296194443379866,chr16,60733500
22.934364318847656,0.7252920432961991,chr16,61025500
23.261329650878903,0.8188982510301005,chr16,61299500
21.24750518798828,0.8443843426413744,chr16,61309500
23.436429977416992,0.8055824592723942,chr16,62215500
21.24751091003418,0.8734479542046785,chr16,62340500
19.68878173828125,0.5613936448789137,chr16,62722500
23.85233497619629,0.6880707036643728,chr16,62883500
21.21912956237793,0.8082620994025258,chr16,62930500
22.965917587280277,0.7595681629116087,chr16,62977500
27.118915557861328,0.7074890385775934,chr16,63634500
30.88010025024414,0.8240114294521163,chr16,63729500
23.021352767944336,0.7978480828518727,chr16,63980500
22.968551635742188,0.641381041289532,chr16,63996500
21.59280204772949,0.7062792913537166,chr16,64683500
21.496585845947266,0.7608757643249291,chr16,64730500
39.56450271606445,0.6712642013156506,chr16,65707500
46.32298278808594,0.7223580759068138,chr16,66732500
45.37741470336914,0.8218072070648181,chr16,66790500
46.14315032958984,0.5395667704516278,chr16,67810500
48.92615509033203,0.7972267708249794,chr16,67908500
47.72611618041992,0.7271937607084654,chr16,67911500
47.62023162841797,0.7480826442510149,chr16,68901500
47.71333694458008,0.8526269518271775,chr16,69158500
56.31676483154297,0.9915953274758291,chr16,69568500
47.675811767578125,0.8473974351924559,chr16,69815500
26.08110618591309,0.45051827880343787,chr16,69970500
49.439361572265625,0.8700392597373628,chr16,70469500
22.00887107849121,0.39029628988051923,chr16,70843500
33.580684661865234,0.9004199869823788,chr16,70864500
21.26365089416504,0.3496881852595456,chr16,70930500
29.27399253845215,0.7233565861083535,chr16,70943500
24.05127716064453,0.38276927892863744,chr16,70986500
50.65169525146485,0.6279349531981978,chr16,71729500
49.4544677734375,0.7855159290897528,chr16,71866500
45.94346237182617,0.7382107539766378,chr16,72570500
51.05348587036133,0.5634549241132485,chr16,72659500
43.623146057128906,0.757150495195115,chr16,72709500
43.88687133789063,0.7059887730370222,chr16,72732500
39.24369812011719,0.801833902965356,chr16,73200500
33.521026611328125,0.656825750632326,chr16,73512500
39.72861099243164,0.7674509378653819,chr16,73572500
35.83308792114258,0.7075109360159779,chr16,73623500
47.05730438232422,0.8634058720436651,chr16,75020500
48.6786994934082,0.6968196153040485,chr16,75510500
54.95752716064453,0.8950654777610821,chr16,75594500
45.301300048828125,0.7371033274998398,chr16,75747500
39.988037109375,0.8321342668834244,chr16,75842500
26.217641830444336,0.7172615173824298,chr16,76084500
45.37446975708008,0.8382750810319158,chr16,77221500
37.78768539428711,0.6567305179575088,chr16,77413500
40.49411010742188,0.7880716392283927,chr16,77778500
34.50970458984375,0.6041954704447197,chr16,77863500
36.70042419433594,0.6089637366332599,chr16,77897500
41.91659164428711,0.7746642248141185,chr16,78264500
44.61041641235352,0.4214079139021423,chr16,78266500
41.82490158081055,0.7227388544610724,chr16,78519500
39.47856140136719,0.7321368677363025,chr16,79135500
40.94162368774414,0.7656806487846444,chr16,79250500
42.67289352416992,0.6743117539053884,chr16,79369500
48.63357162475586,0.7408220877197292,chr16,79818500
47.87905502319336,0.8304379142751287,chr16,80032500
42.55366134643555,0.7665820786466951,chr16,80318500
41.060333251953125,0.7302704418385172,chr16,81202500
38.479034423828125,0.7272498466921893,chr16,83170500
36.182708740234375,0.7255105979986054,chr16,83539500
50.113189697265625,0.7058608850480296,chr16,84113500
47.087181091308594,0.6929037552959034,chr16,84519500
47.56143951416016,0.7957192500598202,chr16,84577500
44.1723861694336,0.7988325882311965,chr16,85163500
49.72829055786133,0.6281875495327831,chr16,85425500
53.62284851074219,0.9438430528909872,chr16,85552500
39.52634048461914,0.791789579767525,chr16,86862500
44.66189193725586,0.736743335509972,chr16,86977500
41.5366439819336,0.7621901225279645,chr16,87109500
39.4220085144043,0.8058513880045445,chr16,87564500
47.78585815429688,0.9048667671782443,chr16,87967500
36.62206268310547,0.872357341138484,chr16,88216500
46.11781311035156,0.7876405367995152,chr16,88864500
45.58848571777344,0.8515179507488697,chr16,88915500
46.85639953613281,0.73817031040965,chr16,89434500
53.684791564941406,0.930941506295804,chr16,89462500
51.61235427856445,0.8964428730659296,chr16,89494500
39.47163009643555,0.8887527839692481,chr16,90004500
41.16635513305664,0.8889081068709223,chr17,627500
33.5093994140625,0.7811061476347546,chr17,940500
43.914737701416016,0.7309941981574573,chr17,1745500
46.95588684082031,0.7512282496430706,chr17,1749500
48.6837272644043,0.7471998647692215,chr17,1753500
48.53038024902344,0.7082388280741821,chr17,1843500
51.23957061767578,0.9005874672563917,chr17,2087500
48.262489318847656,0.9123918966112273,chr17,2418500
33.55792617797852,0.6835018603151053,chr17,2769500
35.03142547607422,0.7354306931299612,chr17,2894500
37.41804885864258,0.7428690692652976,chr17,3494500
48.07513046264648,0.8042800393066378,chr17,4076500
40.79175567626953,0.6284221493612345,chr17,4471500
50.35474395751953,0.6272065708997757,chr17,5114500
43.45668029785156,0.7573237147835272,chr17,5492500
36.32564163208008,0.6875010325549039,chr17,5813500
35.10085678100586,0.48963318575891834,chr17,5912500
32.23638916015625,0.6418994449080366,chr17,5934500
29.48496437072754,0.8083812095823977,chr17,5969500
31.29767799377441,0.5794803093079292,chr17,6093500
36.46256637573242,0.6975720472468844,chr17,6387500
51.65509796142578,0.7028568473314376,chr17,6930500
51.03813552856445,0.8265659290392643,chr17,8060500
48.86018371582031,0.884578197224462,chr17,8534500
30.02626037597656,0.7438309224986127,chr17,9221500
32.95929718017578,0.5906437509629128,chr17,9380500
31.35191345214844,0.8383591414444058,chr17,9384500
32.89345932006836,0.6671128346098132,chr17,9795500
31.246788024902344,0.7510192874353896,chr17,10568500
30.34004592895508,0.6057497693224716,chr17,11578500
34.576271057128906,0.49457174221024347,chr17,12640500
34.284873962402344,0.6522131977325668,chr17,12791500
31.645164489746094,0.6705168369819183,chr17,13176500
41.58120346069336,0.7980808721664198,chr17,13457500
40.63064193725586,0.7121648610486113,chr17,14134500
50.33530044555664,0.7404986537953694,chr17,14374500
31.950084686279297,0.7790914718072066,chr17,14619500
43.16930389404297,0.6181034306889911,chr17,15190500
48.30268096923828,0.8395444322931434,chr17,16334500
22.539281845092773,0.802164228286278,chr17,16616500
24.82579231262207,0.8863799125169289,chr17,16626500
51.58919525146485,0.9171699610393016,chr17,17300500
51.18633270263672,0.5788762619061257,chr17,17912500
40.95254135131836,0.730107183795365,chr17,18381500
28.046390533447266,0.8103036806089641,chr17,18675500
46.65492248535156,0.8308599597919711,chr17,18976500
40.8696403503418,0.7762685936602821,chr17,19325500
46.86629867553711,0.8586046072264778,chr17,19356500
38.32548522949219,0.5426175094035656,chr17,19458500
50.126197814941406,0.6863103362160046,chr17,20224500
28.17960357666016,0.5086666802801925,chr17,20610500
43.04997253417969,0.8396064480947529,chr17,21020500
53.38584899902344,0.9805970764131426,chr17,21285500
19.78741836547852,0.4625161622367011,chr17,21992500
51.487335205078125,0.8537547276764109,chr17,22210500
50.75199508666992,0.812266052728294,chr17,22223500
21.807308197021484,0.7634956836207991,chr17,23842500
48.21961212158203,0.6854511452554297,chr17,27924500
52.47261047363281,0.753964076664852,chr17,28407500
49.15453720092773,0.6736434948709754,chr17,28529500
43.53343200683594,0.7148182508358829,chr17,29915500
39.09857940673828,0.7695631307450457,chr17,30067500
50.80646133422852,0.8694270472986252,chr17,30128500
49.54296875,0.7573038012801392,chr17,30371500
48.771514892578125,0.8443713959708549,chr17,30536500
45.0120964050293,0.6587943552788103,chr17,31000500
47.83024215698242,0.8564252006270189,chr17,32190500
50.16168594360352,0.5912209981422036,chr17,32490500
34.27287673950195,0.6267400645129717,chr17,32685500
36.75458908081055,0.6585024944383115,chr17,34545500
45.46965789794922,0.7137902715332447,chr17,35384500
54.6695442199707,0.9767830131422588,chr17,35568500
49.86164474487305,0.753397651795415,chr17,35949500
39.439247131347656,0.6857948192892513,chr17,35995500
42.68125534057617,0.5971154418484756,chr17,36835500
45.45415878295898,0.7792586524848373,chr17,37150500
44.75367736816406,0.7011760528713032,chr17,37158500
47.01668167114258,0.5279727743490985,chr17,37197500
49.94072341918945,0.6467173438758549,chr17,38833500
42.44354248046875,0.7333210384323231,chr17,39141500
52.06055450439453,0.8357095232618752,chr17,39339500
48.08995819091797,0.7581545765056059,chr17,39808500
49.25102615356445,0.6811989508431271,chr17,40428500
45.08770751953125,0.49992849264225825,chr17,40790500
49.21217346191406,0.7056162501753889,chr17,42100500
48.83732986450195,0.8818870443729114,chr17,42492500
51.5093994140625,0.745491081806499,chr17,42736500
50.11424255371094,0.6292369266449606,chr17,42752500
45.57979583740234,0.6960158668249088,chr17,42878500
46.20702362060547,0.9103745899417758,chr17,43098500
41.6328125,0.7653330280317667,chr17,43707500
42.34317779541016,0.7903707304814211,chr17,43786500
46.89428329467773,0.5238986933353145,chr17,44678500
45.703369140625,0.8390675426934879,chr17,44854500
54.97448348999024,0.9686378600321737,chr17,45160500
49.21609878540039,0.9800219811267192,chr17,46213500
20.566783905029297,0.6397737685284772,chr17,46678500
49.91516876220703,0.8824957608207852,chr17,47227500
44.94430541992188,0.8656609057997924,chr17,47336500
44.90962219238281,0.7348081961864859,chr17,47795500
50.36072540283203,0.8184060176842918,chr17,47887500
50.39060592651367,0.7487744122645359,chr17,48375500
44.60502624511719,0.695844076088898,chr17,48686500
43.171722412109375,0.692116488041395,chr17,48699500
49.43763732910156,0.836531182167801,chr17,48905500
43.86792755126953,0.8531646122787825,chr17,49482500
45.73503112792969,0.7494607377736116,chr17,50081500
49.39462661743164,0.6962628378148046,chr17,50494500
43.14029312133789,0.772392556396655,chr17,50532500
51.35639572143555,0.8383688371515073,chr17,50702500
39.76622009277344,0.7266603515972467,chr17,51505500
32.54782485961914,0.5934317247784922,chr17,51596500
21.70756721496582,0.8294851506138151,chr17,52142500
20.784469604492188,0.8424664997215119,chr17,52858500
43.220314025878906,0.7927706591514754,chr17,53804500
21.542125701904297,0.7340079023854742,chr17,54301500
22.87154006958008,0.8075510377477524,chr17,54339500
38.17693328857422,0.7572074970124036,chr17,54752500
53.0161247253418,0.8600773351619845,chr17,55448500
42.21400833129883,0.7854915192921437,chr17,55860500
34.64271926879883,0.7509965930264572,chr17,55901500
39.96932220458984,0.6077565749171452,chr17,56205500
31.93814468383789,0.7239178607212979,chr17,56287500
40.03178787231445,0.6802888327213528,chr17,56435500
42.37779235839844,0.7291638435052157,chr17,56543500
39.31768798828125,0.6818313754838072,chr17,56700500
48.58613204956055,0.6840986900542358,chr17,57308500
48.87859725952149,0.7030317471691647,chr17,57323500
41.74879837036133,0.7339438191354033,chr17,58551500
52.22323226928711,0.9141077376786484,chr17,59637500
49.23198318481445,0.6217776404141014,chr17,59663500
48.383113861083984,0.837712649993291,chr17,59673500
46.25281524658203,0.8164536382905674,chr17,59948500
42.15372467041016,0.7674296182927538,chr17,60149500
45.264259338378906,0.8884241245844853,chr17,60267500
44.785430908203125,0.6556224730801221,chr17,61083500
38.505950927734375,0.7158124850429255,chr17,61353500
41.93682098388672,0.6722438860104395,chr17,61575500
52.39033126831055,0.755968165734924,chr17,61808500
48.7952766418457,0.8865197492738123,chr17,62237500
40.84434127807617,0.821072681875906,chr17,62737500
40.87446975708008,0.6989802080795531,chr17,62822500
50.3244743347168,0.6518736187529837,chr17,62993500
46.04051971435547,0.7717772863302922,chr17,63171500
50.58823776245117,0.6405753355229817,chr17,63423500
50.90777969360352,0.8010921793478818,chr17,64027500
49.360164642333984,0.7933493668311582,chr17,64101500
46.93712615966797,0.7287464767892619,chr17,64286500
49.9521598815918,0.6384584660856917,chr17,64324500
53.416622161865234,0.8558577400406763,chr17,64628500
53.18556213378906,0.8511522139839272,chr17,64634500
46.930442810058594,0.8864280217790035,chr17,64956500
50.64703369140625,0.9632613099026166,chr17,65048500
33.432552337646484,0.6519634315291727,chr17,65431500
45.48170471191406,0.38766699093887735,chr17,66103500
40.029563903808594,0.6840584476621417,chr17,66125500
49.23006057739258,0.7981379991551517,chr17,66636500
52.641937255859375,0.8432940444882714,chr17,67225500
41.71403503417969,0.8252738040943411,chr17,68310500
44.10655975341797,0.6337655939672107,chr17,68551500
54.544212341308594,0.9496429371233891,chr17,68954500
48.00062942504883,0.6857340991871247,chr17,69007500
33.779014587402344,0.7023001140813907,chr17,70384500
21.91988754272461,0.6792243841688133,chr17,70733500
30.265275955200195,0.825844492823476,chr17,72825500
49.62677383422852,0.8328628306179797,chr17,72987500
41.77840042114258,0.5311116214035987,chr17,73102500
50.25284194946289,0.8489745356941782,chr17,73196500
42.96879577636719,0.8714912331329914,chr17,73348500
34.3598747253418,0.655189913043517,chr17,73556500
37.76796722412109,0.6937778252008667,chr17,73885500
50.30249786376953,0.7625618696735961,chr17,74911500
52.56314849853516,0.9260472099638387,chr17,75113500
48.8097038269043,0.7891323263996832,chr17,75278500
44.87649154663086,0.7392004192088083,chr17,77483500
41.76031875610352,0.7801921778076599,chr17,77641500
41.560333251953125,0.6636895688804206,chr17,77736500
40.30860900878906,0.5849150165635698,chr17,78471500
40.90616989135742,0.7172202765188178,chr17,80083500
53.27518081665039,0.9139592660954463,chr17,80220500
48.58822250366211,0.743508586525722,chr17,80225500
44.35704803466797,0.7941214400741254,chr17,80239500
47.98003768920898,0.7072840045380722,chr17,80677500
45.49058532714844,0.8385641577843873,chr17,81086500
51.57669448852539,0.5946129688127804,chr17,81969500
49.163551330566406,0.6931188523119372,chr17,82073500
43.27938079833984,0.735922766664451,chr18,571500
48.45577239990234,0.839023596241241,chr18,702500
54.01789093017578,0.8870209823996946,chr18,826500
41.584171295166016,0.6967050937054444,chr18,1024500
36.53477478027344,0.7109576268883213,chr18,1948500
44.61865234375,0.7833696249613343,chr18,2143500
43.49575424194336,0.7476986758530039,chr18,2208500
43.687347412109375,0.6005880461738754,chr18,2469500
46.31333160400391,0.8847554453750406,chr18,2745500
46.297481536865234,0.6192471996280844,chr18,2762500
43.31684112548828,0.7072651952731179,chr18,2842500
50.12110900878906,0.8303444817660903,chr18,3060500
48.9916877746582,0.8408482978311769,chr18,3350500
50.63594436645508,0.6696953610156052,chr18,3406500
21.631975173950195,0.6683045643630353,chr18,4307500
21.59954261779785,0.7204312062653964,chr18,4406500
19.851226806640625,0.8552717819542806,chr18,4513500
25.327638626098636,0.8007258585907104,chr18,4601500
20.56536865234375,0.6793138400054375,chr18,4913500
23.71671867370605,0.7974889248388133,chr18,4964500
26.331987380981445,0.8047431285596112,chr18,5120500
22.22103881835937,0.6205922703521587,chr18,6204500
42.14030075073242,0.7592456485542266,chr18,6936500
40.99937438964844,0.7364093886376729,chr18,7502500
47.70410919189453,0.5990594152727875,chr18,8646500
49.23592758178711,0.6892308792729599,chr18,8700500
50.15938186645508,0.7664632851629437,chr18,8856500
56.25527191162109,0.9508793879275828,chr18,9612500
52.39749526977539,0.8532905648028714,chr18,9798500
38.53629302978516,0.567241473020595,chr18,10402500
47.64926910400391,0.8068685982412227,chr18,10570500
37.85336685180664,0.596146477051573,chr18,11024500
34.88677978515625,0.7865638134673815,chr18,11118500
49.1295051574707,0.5639280564091158,chr18,11813500
45.43474578857422,0.807251379991859,chr18,12010500
45.21575927734375,0.8461607618000869,chr18,12054500
47.65291213989258,0.8074482004632657,chr18,12831500
48.820411682128906,0.8803101517629801,chr18,13025500
47.11124420166016,0.8205737058245075,chr18,13086500
36.19907379150391,0.6189648516922681,chr18,13166500
40.53608322143555,0.8369176037233393,chr18,13183500
35.762351989746094,0.7282072850692004,chr18,13284500
31.511350631713867,0.8073083911017672,chr18,14098500
22.56333351135254,0.8139242194763602,chr18,14532500
23.47759056091309,0.5910988040655103,chr18,14690500
29.43009185791016,0.5377266863281049,chr18,14926500
40.74802017211914,0.7140796786462202,chr18,21942500
41.9838752746582,0.7429010928012183,chr18,22054500
42.54319381713867,0.7444751631338178,chr18,22270500
37.76341247558594,0.6503438529594363,chr18,22308500
40.96998596191406,0.6898184794578643,chr18,22317500
42.37948989868164,0.7375936679930448,chr18,23144500
52.206912994384766,0.7813267816107395,chr18,23583500
39.952579498291016,0.7355475756431973,chr18,23994500
38.20503616333008,0.8219597563053868,chr18,24304500
38.7957763671875,0.7285352372708034,chr18,24407500
46.80453872680664,0.748255215802098,chr18,24437500
32.46713638305664,0.7166694588490059,chr18,24607500
29.35658264160156,0.7162959814857869,chr18,24865500
22.358755111694336,0.6338935438572139,chr18,24883500
29.05302619934082,0.6608367303933675,chr18,25407500
26.08086204528809,0.7952812597868599,chr18,25441500
42.16851425170898,0.8510907711836383,chr18,26035500
30.24837684631348,0.8386740005663723,chr18,26597500
30.56802749633789,0.7809542197683671,chr18,26729500
23.699079513549805,0.7578480239764744,chr18,27297500
25.069015502929688,0.8202401249609567,chr18,27360500
22.920238494873047,0.7810483019445904,chr18,27654500
20.541208267211918,0.8369832831518955,chr18,27777500
23.91328239440918,0.7128774769447785,chr18,27821500
22.273923873901367,0.7432282679958655,chr18,28659500
19.436861038208008,0.8020965134660163,chr18,28726500
23.864768981933597,0.6403190726199222,chr18,28893500
21.41597557067871,0.7939857106302812,chr18,28894500
24.866065979003903,0.818278348181881,chr18,29867500
41.795509338378906,0.7738893539154097,chr18,30354500
46.666748046875,0.7274874722658451,chr18,30756500
40.50396728515625,0.7030113563984688,chr18,31025500
45.558292388916016,0.7788569183780487,chr18,31028500
39.0613899230957,0.7269420514523562,chr18,31289500
49.7524528503418,0.7674753134370202,chr18,31507500
40.570220947265625,0.784348397226165,chr18,31755500
39.69625854492188,0.6657914034233914,chr18,31763500
45.59083938598633,0.7535904930143759,chr18,31860500
46.08654022216797,0.854579564351147,chr18,32129500
49.42631912231445,0.7351695676082155,chr18,32142500
34.021385192871094,0.6462910240420277,chr18,32317500
25.77779006958008,0.6818946608872118,chr18,32590500
21.79214859008789,0.900371201475936,chr18,32809500
26.825773239135746,0.6307284047947046,chr18,32979500
27.431228637695312,0.6863678721811082,chr18,33683500
22.62622833251953,0.7699940898587325,chr18,33894500
21.31378746032715,0.8145431076935092,chr18,34114500
27.806100845336918,0.8297693100504,chr18,34671500
49.62727737426758,0.70431111529011,chr18,35584500
45.2105712890625,0.7798193271971919,chr18,36280500
40.1855697631836,0.6811876402210661,chr18,36364500
33.205753326416016,0.6477656227867853,chr18,37422500
34.20549011230469,0.6631120559170263,chr18,37550500
20.85560417175293,0.7469859719296936,chr18,37848500
21.556968688964844,0.8436616684608269,chr18,38769500
21.523895263671875,0.5683328756904744,chr18,38900500
21.583202362060547,0.7218917739916683,chr18,39026500
23.15560531616211,0.7633142953454688,chr18,39485500
21.565460205078125,0.6226616159371452,chr18,39634500
24.137470245361328,0.8558221075279453,chr18,39642500
22.32855987548828,0.6016995827487889,chr18,40808500
24.65324211120605,0.7223534543787558,chr18,41152500
25.947416305541992,0.5981032190139168,chr18,41277500
24.548864364624023,0.7361319401735273,chr18,42474500
24.843048095703125,0.6986852537656227,chr18,43149500
24.00243759155273,0.789090382587831,chr18,43777500
24.69614791870117,0.722465975093953,chr18,43862500
49.565555572509766,0.8746706680006068,chr18,46194500
41.05185317993164,0.5445421473929003,chr18,46332500
43.459381103515625,0.47657024004928894,chr18,46397500
36.71473693847656,0.674775873216849,chr18,46611500
53.54029846191406,0.8100882257470832,chr18,46919500
26.92161750793457,0.5904323497158365,chr18,46962500
53.04166793823242,0.6625059983576069,chr18,47147500
32.43733215332031,0.8431867017605206,chr18,47429500
47.47858047485352,0.6149965800746797,chr18,47973500
36.05447006225586,0.4256211428632416,chr18,48238500
35.475276947021484,0.5861071489911709,chr18,48313500
32.05609893798828,0.8348156070564277,chr18,48365500
43.28556823730469,0.7791027189498417,chr18,48522500
49.4278678894043,0.623230956102002,chr18,48876500
46.835540771484375,0.7111324775758219,chr18,49032500
47.50511169433594,0.7743414566739122,chr18,49534500
37.385520935058594,0.7498008746753211,chr18,49646500
40.01405334472656,0.658917557939264,chr18,49748500
39.8037223815918,0.7954805148316586,chr18,49892500
46.33516311645508,0.7462315757976152,chr18,50863500
33.22125625610352,0.7592327089100391,chr18,51647500
25.228797912597656,0.6662519188312193,chr18,51770500
28.69781875610352,0.8427725221377533,chr18,51816500
30.10964584350586,0.5876795395168704,chr18,52311500
27.233478546142575,0.8610755816225029,chr18,53366500
30.978219985961918,0.8313149966820125,chr18,53705500
35.06369400024414,0.6643633758026282,chr18,54493500
40.64780044555664,0.49192004442706194,chr18,56004500
33.140872955322266,0.48563683381125833,chr18,56236500
40.07033157348633,0.7493682869347179,chr18,56379500
37.55451965332031,0.7897774034824689,chr18,57100500
46.92353057861328,0.7021035801580999,chr18,57680500
38.89966583251953,0.7849336873573515,chr18,58375500
39.38837432861328,0.8898254575166124,chr18,58384500
43.345741271972656,0.7045227435793008,chr18,58673500
32.95681381225586,0.5091659813418488,chr18,58930500
45.26380157470703,0.7718324630581666,chr18,59852500
28.17407989501953,0.6427094106359406,chr18,60266500
22.85611724853516,0.7086171569952825,chr18,60896500
24.489192962646484,0.7009868595230593,chr18,61344500
29.56640625,0.6624457355805611,chr18,61410500
33.209068298339844,0.7579684473838673,chr18,61639500
43.03832626342773,0.7411955490957538,chr18,63406500
40.01537704467773,0.5813973608284269,chr18,63519500
30.3354434967041,0.7861417293294992,chr18,64049500
27.59962654113769,0.9017341792342282,chr18,64189500
26.39864158630371,0.7246928450887424,chr18,64690500
29.242807388305664,0.5128043517933354,chr18,64866500
24.560104370117188,0.6658747963059233,chr18,65086500
26.63868522644043,0.6517697924382326,chr18,65148500
23.631988525390625,0.8179343070741936,chr18,66046500
32.91676712036133,0.8961779442026572,chr18,66240500
28.27163314819336,0.7605779606437247,chr18,66537500
25.43184280395508,0.6892941216994852,chr18,66593500
22.6578311920166,0.707672416631652,chr18,66838500
26.74099349975586,0.3537723628501933,chr18,66991500
27.808467864990234,0.7575413636667598,chr18,67376500
28.285654067993164,0.7616014505383901,chr18,67732500
23.207674026489254,0.8503522580341545,chr18,67946500
24.037038803100582,0.6890944789801035,chr18,67964500
29.0676383972168,0.6893363951689183,chr18,68031500
27.94431495666504,0.8044083176989539,chr18,68079500
23.8633975982666,0.7087242263298916,chr18,68186500
25.289525985717773,0.6773628663487874,chr18,68228500
39.395992279052734,0.6483161860707041,chr18,69863500
26.030553817749023,0.5951865293218556,chr18,70105500
20.988086700439453,0.7463124188061098,chr18,71246500
23.029943466186523,0.7448247576738516,chr18,71368500
29.881427764892575,0.6167150301606285,chr18,72231500
26.05994033813477,0.8625648119771689,chr18,72999500
22.729387283325195,0.30757948862514684,chr18,73328500
44.89345550537109,0.9901736640072565,chr18,74291500
32.82101821899414,0.5890131790150417,chr18,75080500
37.4246711730957,0.7119134522066946,chr18,75306500
28.892953872680664,0.6348193229077504,chr18,75854500
26.15928649902344,0.7077609391665176,chr18,75886500
30.08500099182129,0.6559270801105641,chr18,75938500
40.47100067138672,0.7173832285210224,chr18,76479500
33.255374908447266,0.8532772976097782,chr18,77110500
34.44525909423828,0.6457527051918086,chr18,77459500
35.30311965942383,0.7903893868827676,chr18,77464500
34.128265380859375,0.7192657399412576,chr18,77710500
38.03520202636719,0.7939107001387001,chr18,78000500
32.89958190917969,0.75525671481871,chr18,78427500
36.58930206298828,0.7679527844814305,chr18,79940500
46.046836853027344,0.8654182916116614,chr19,3534500
47.96442794799805,0.5658878480347508,chr19,5278500
43.47673034667969,0.6215017763565311,chr19,5354500
39.69153594970703,0.6786332227661828,chr19,5533500
44.06841278076172,0.7354449134125391,chr19,5606500
48.01392364501953,0.9333564586887522,chr19,5708500
52.89931869506836,0.6986197275697924,chr19,5890500
43.66539764404297,0.7089847543106816,chr19,6143500
53.38584899902344,0.9309508903697284,chr19,6517500
51.867408752441406,0.6623400727845332,chr19,7678500
38.28610610961914,0.7652427118400279,chr19,8968500
41.05301284790039,0.7220754116616023,chr19,8996500
43.97982025146485,0.7482933867551245,chr19,9201500
45.25019454956055,0.6561345978314344,chr19,9747500
53.98690032958984,0.7803363558567955,chr19,10192500
52.35387802124024,0.7526637322571219,chr19,10510500
51.56985092163086,0.8568318225068307,chr19,11184500
35.28533172607422,0.6281629222710422,chr19,12074500
45.918270111083984,0.7842100509191222,chr19,13972500
53.28475570678711,0.8152018884359035,chr19,14058500
46.82652282714844,0.7422753871708927,chr19,14211500
49.89684295654297,0.7938159345343885,chr19,14500500
44.67893600463867,0.7767030335598482,chr19,14830500
45.626426696777344,0.6365418351642729,chr19,14865500
36.33643341064453,0.6777333784115804,chr19,15164500
46.94996643066406,0.6118770649715377,chr19,15642500
41.2368049621582,0.7399364235249895,chr19,16054500
43.18920516967773,0.7587446154918713,chr19,16322500
45.7436408996582,0.66769135040347,chr19,17055500
53.60237503051758,0.7172106442589561,chr19,17280500
54.09339141845703,0.9001283724580189,chr19,18377500
44.272071838378906,0.7115932588956742,chr19,18947500
45.31695556640625,0.6744583941041067,chr19,18954500
45.125465393066406,0.7421278657624674,chr19,19498500
45.35041809082031,0.8178922121739923,chr19,19501500
25.744409561157227,0.5607723235473683,chr19,19793500
42.4578971862793,0.7373725957818161,chr19,19875500
21.639738082885746,0.8769292331549404,chr19,19987500
20.475360870361328,0.6234716285864624,chr19,20120500
51.593868255615234,0.8937112068210279,chr19,21620500
47.18557357788086,0.7449624772403709,chr19,21680500
24.40106010437012,0.8593840746925406,chr19,21723500
53.67879867553711,0.7962727676933032,chr19,21834500
22.05371856689453,0.7332452864748848,chr19,22225500
23.273557662963867,0.7767715504853167,chr19,22251500
27.19900131225586,0.7713315551195681,chr19,22695500
19.96693992614746,0.7851406632716256,chr19,23045500
22.704504013061523,0.7074704128824774,chr19,23379500
25.9887638092041,0.45948230713458893,chr19,23420500
22.44412422180176,0.7071090934551789,chr19,23545500
46.03208541870117,0.7261440070501235,chr19,23912500
24.25951766967773,0.5629415690794906,chr19,27316500
23.773178100585938,0.770440108412815,chr19,27443500
25.768943786621094,0.8114319534947995,chr19,27706500
34.48106002807617,0.8359885532275267,chr19,29550500
45.91659164428711,0.7807291931868301,chr19,30029500
39.81793212890625,0.7453332755465528,chr19,30108500
39.98569488525391,0.6881620624572262,chr19,30345500
29.53167533874512,0.7787082964364729,chr19,30856500
37.73172378540039,0.6687878909984628,chr19,31207500
34.34623718261719,0.7627354707788967,chr19,31628500
36.416622161865234,0.8566200008481604,chr19,32107500
34.96763229370117,0.7230810982084237,chr19,32150500
47.9669189453125,0.7406747139035199,chr19,32587500
42.23431015014648,0.7039997208231278,chr19,32807500
46.21685409545898,0.7677529501685825,chr19,32899500
51.476844787597656,0.6859699879559702,chr19,33371500
42.85897445678711,0.7715015073353895,chr19,33611500
38.65182113647461,0.6878363669804545,chr19,33980500
49.39679336547852,0.6811874184356315,chr19,34336500
46.31183624267578,0.7658962280854142,chr19,34437500
41.8544807434082,0.6274105420672249,chr19,34574500
39.478946685791016,0.27043463689570424,chr19,35359500
44.91414642333984,0.8669283657405049,chr19,35788500
27.47568702697754,0.8137597723364205,chr19,36361500
20.729433059692383,0.657498084792407,chr19,36924500
34.96394729614258,0.760940741926863,chr19,37084500
24.10012626647949,0.6798018074046466,chr19,37187500
44.98884582519531,0.7413089938431843,chr19,38042500
50.23712921142578,0.730938138551444,chr19,38286500
48.27657699584961,0.7625617481257486,chr19,38512500
52.800724029541016,0.9069346696297438,chr19,38728500
46.43506622314453,0.800180431831339,chr19,39245500
38.6931266784668,0.8014622862725739,chr19,39576500
41.0501823425293,0.7615556257238256,chr19,39914500
52.38722610473633,0.9627286665560999,chr19,40091500
50.84067535400391,0.7128448553128859,chr19,40157500
42.03328323364258,0.6305288176860571,chr19,40956500
50.00225067138672,0.8745464664374798,chr19,41378500
35.531463623046875,0.5759516268356905,chr19,41581500
50.05264663696289,0.8633795735849217,chr19,41873500
41.39146041870117,0.7737066967503369,chr19,42530500
34.92331314086914,0.7511405866397202,chr19,43384500
52.9572868347168,0.9862963902407303,chr19,43594500
42.91551208496094,0.7825145755872853,chr19,43735500
25.99734306335449,0.6422761606603495,chr19,44157500
31.865522384643555,0.7402069798660129,chr19,44315500
33.25040054321289,0.7915616225001667,chr19,44362500
50.04585266113281,0.8041226994156364,chr19,44699500
52.91425323486328,0.8701901499309607,chr19,44857500
47.93297576904297,0.8579304573809081,chr19,45122500
53.21475982666016,0.9891369858247994,chr19,45668500
44.5467643737793,0.8274497761490599,chr19,45823500
49.36418151855469,0.7268259696109145,chr19,46007500
47.243499755859375,0.8926399279242376,chr19,46685500
53.90456771850586,0.9249809190680004,chr19,46744500
50.970489501953125,0.8823190693779909,chr19,46885500
46.36787796020508,0.7311560903435549,chr19,47793500
41.1007080078125,0.7924783648010632,chr19,48134500
49.35250854492188,0.8801616971600656,chr19,48410500
52.94362258911133,0.8973320946852414,chr19,48589500
50.4375114440918,0.9285713674706969,chr19,49013500
49.86441040039063,0.8138027985578264,chr19,49727500
53.18071746826172,0.9062463398239854,chr19,49773500
51.83259201049805,0.9508076851740715,chr19,50329500
48.26118469238281,0.8017121508686019,chr19,51220500
40.25365829467773,0.7240466412469012,chr19,52220500
22.00851058959961,0.5799017232639162,chr19,52386500
39.06527328491211,0.6637965851039151,chr19,53533500
38.5605354309082,0.7702210822906497,chr19,54378500
39.50066375732422,0.5363336901781988,chr19,54552500
39.30529022216797,0.74557544919407,chr19,54620500
39.79030990600586,0.5366440685953437,chr19,54819500
53.17682647705078,0.8881302184153277,chr19,55281500
32.915306091308594,0.5805883664335023,chr19,55769500
37.0212516784668,0.7214940022935288,chr19,55783500
39.88322067260742,0.7069456757066068,chr19,55868500
39.13250732421875,0.5584549014361399,chr19,55983500
22.527315139770508,0.8240778487872489,chr19,56376500
43.02913665771485,0.8015149623369406,chr19,57250500
40.8231086730957,0.8020516429457097,chr19,57731500
36.10470199584961,0.7899105968177312,chr19,57892500
28.63733673095703,0.7914766699832805,chr19,57913500
51.33172607421875,0.8327478097673817,chr20,588500
55.070045471191406,0.947365821938486,chr20,1216500
34.116355895996094,0.40567496399057457,chr20,1981500
48.17341995239258,0.7649233621094699,chr20,2093500
47.65105438232422,0.7529438699695293,chr20,2686500
40.05747604370117,0.7386084334738765,chr20,3489500
48.18824005126953,0.621270014957976,chr20,3771500
54.68643569946289,0.8427454853221423,chr20,3910500
36.2003059387207,0.5782973853024922,chr20,4547500
37.79714584350586,0.6920853891669456,chr20,4784500
22.53797149658203,0.8454197855976994,chr20,6521500
23.89736557006836,0.44671144393037276,chr20,7758500
33.17245101928711,0.7248594186627049,chr20,8279500
25.090431213378903,0.8675526933537817,chr20,8454500
49.32027053833008,0.6972650369029519,chr20,9075500
46.8218879699707,0.6494833400729985,chr20,9217500
39.48728942871094,0.6891315716284845,chr20,9305500
37.11090087890625,0.6495094613181555,chr20,9422500
23.87169647216797,0.7920890652934204,chr20,9799500
35.340538024902344,0.7193653737502721,chr20,10077500
53.45384979248047,0.7182835186968644,chr20,10429500
24.57988166809082,0.6770604515533271,chr20,11031500
26.167444229125977,0.7248865233909944,chr20,11253500
23.62373352050781,0.8218511766366353,chr20,11698500
28.05976867675781,0.8741911531526114,chr20,11708500
25.947040557861328,0.8518335681665901,chr20,11816500
26.61609268188477,0.7555614326517168,chr20,11956500
27.97052955627441,0.8783743062703272,chr20,12408500
25.88227844238281,0.832171848890236,chr20,12543500
24.24930000305176,0.6596745423101487,chr20,13074500
39.98704528808594,0.8459379435629596,chr20,13577500
28.834793090820312,0.6200532651087022,chr20,14009500
25.04994773864746,0.9029160734222402,chr20,15009500
27.101694107055664,0.6127766523290832,chr20,15463500
28.55008316040039,0.7776355958424422,chr20,15995500
26.76966094970703,0.6337680318401336,chr20,16025500
35.384429931640625,0.6412607840254547,chr20,16220500
35.54887390136719,0.773781049610138,chr20,16829500
40.1396369934082,0.933702995993545,chr20,17616500
39.40085220336914,0.6945406257444984,chr20,17794500
34.25114059448242,0.6145446456544887,chr20,18046500
47.56059646606445,0.7950377631944937,chr20,18616500
40.97493743896485,0.5969636059136434,chr20,18672500
35.26520538330078,0.6801799621047815,chr20,18901500
26.206716537475582,0.9309654121113284,chr20,19140500
30.89885711669922,0.7966514994376915,chr20,19350500
49.98740005493164,0.6955240265092366,chr20,20014500
38.41926574707031,0.5870917483642855,chr20,20395500
35.9130859375,0.6432956203865918,chr20,20608500
55.46366882324219,0.969521802876904,chr20,21125500
30.896270751953125,0.7344057242266772,chr20,22189500
48.46459579467773,0.6569853939622758,chr20,22339500
50.42428207397461,0.6032187487765586,chr20,23024500
44.03377151489258,0.8439966278091234,chr20,23033500
40.33762741088867,0.8095002735355677,chr20,23676500
28.48514938354492,0.7571452779533059,chr20,23986500
33.55598449707031,0.7915604809491219,chr20,24543500
30.391822814941406,0.6336489525227409,chr20,24761500
41.38585662841797,0.8415404331529895,chr20,25217500
37.02360916137695,0.39808852607774536,chr20,25490500
30.305044174194336,0.6670793407001073,chr20,26325500
35.55417251586914,0.7383394901615711,chr20,29761500
52.92707443237305,0.8195418841641526,chr20,31666500
49.23447036743164,0.7640809414727997,chr20,31758500
46.555946350097656,0.547537745064014,chr20,32787500
41.72188568115234,0.812779431797454,chr20,33247500
46.767826080322266,0.7874998095356361,chr20,33473500
41.883731842041016,0.7667683268565436,chr20,33901500
38.57048797607422,0.7849812615366325,chr20,33977500
50.55354690551758,0.6543800614739463,chr20,34050500
51.27618408203125,0.8572050042667125,chr20,34387500
50.37108612060547,0.8010517405338307,chr20,34523500
41.95165252685547,0.8690798053826481,chr20,34657500
49.34957504272461,0.7713107912394539,chr20,35217500
49.428897857666016,0.6994850403046657,chr20,35267500
52.80453109741211,0.9221835574003467,chr20,35647500
46.13456344604492,0.9327660434253121,chr20,35803500
50.649051666259766,0.9220501379824372,chr20,35825500
48.204986572265625,0.8124718977262692,chr20,35839500
50.30067825317383,0.6893066303155746,chr20,36077500
49.29974365234375,0.8165754534185473,chr20,37113500
53.33532333374024,0.9903691358758576,chr20,38164500
43.06341171264648,0.594930996933842,chr20,38574500
52.49317169189453,0.8264462305338228,chr20,38752500
41.41923522949219,0.8005663709799189,chr20,39026500
35.06413650512695,0.7534684204619555,chr20,39323500
21.135242462158203,0.6232529138042213,chr20,39633500
28.0792236328125,0.7041913494527364,chr20,39807500
51.38973617553711,0.8436927996707624,chr20,41080500
48.93803405761719,0.6714237639332528,chr20,41257500
49.31120681762695,0.7236953294286228,chr20,41296500
41.81410217285156,0.6661462982750608,chr20,41993500
38.35988235473633,0.5791766437426289,chr20,42133500
38.46421813964844,0.8407051136526276,chr20,42281500
29.76643943786621,0.4256993516986999,chr20,42827500
34.41636276245117,0.7214871551214698,chr20,42914500
39.44482421875,0.5990464733941103,chr20,43166500
42.92555618286133,0.9423278402758363,chr20,43715500
40.83940124511719,0.5585891039367346,chr20,43936500
44.8424186706543,0.7904501947599726,chr20,44235500
42.793941497802734,0.7685254677722806,chr20,44262500
48.097049713134766,0.7894317935946575,chr20,45075500
37.62253952026367,0.7540545980332884,chr20,45211500
53.80654144287109,0.5811929880665849,chr20,45374500
51.67608642578125,0.6365787449380809,chr20,45437500
41.945579528808594,0.5665678405638864,chr20,45467500
43.70726776123047,0.7349810606245281,chr20,45531500
50.12408828735352,0.6985952419232577,chr20,45818500
53.2465705871582,0.9729331497136027,chr20,46406500
43.53524017333984,0.6515574132042993,chr20,46772500
45.94166564941406,0.7061882516918092,chr20,47039500
41.54655838012695,0.6790746340890104,chr20,47057500
52.57865905761719,0.5692584077482437,chr20,47290500
52.399192810058594,0.8891366814200339,chr20,47493500
50.438926696777344,0.765048225756739,chr20,47620500
36.80659103393555,0.6831251994804972,chr20,48077500
41.32316970825195,0.7452793529275268,chr20,48301500
45.66531753540039,0.6749569160082031,chr20,48634500
44.9635009765625,0.7677388505488857,chr20,48941500
47.90889358520508,0.8914170160244606,chr20,48945500
48.036319732666016,0.855060825567957,chr20,49921500
49.83181381225586,0.787319396572751,chr20,50393500
50.75760269165039,0.8413184922163237,chr20,50708500
43.34040832519531,0.74070965621188,chr20,50979500
53.89482116699219,0.9252127526285517,chr20,51540500
22.762470245361328,0.7737998110506892,chr20,52221500
39.21126556396485,0.5181474584464318,chr20,52907500
42.237266540527344,0.8879806881574779,chr20,52941500
47.883548736572266,0.6590987117946859,chr20,53191500
48.44759368896485,0.669087258577511,chr20,53704500
29.50593376159668,0.7479138772848352,chr20,54363500
22.867023468017575,0.6538924242850583,chr20,54443500
31.750001907348636,0.4959694857896898,chr20,54474500
34.27983474731445,0.658905708473243,chr20,54640500
27.73507499694824,0.7261812601367157,chr20,54910500
27.300785064697266,0.6253587622269307,chr20,55155500
23.68069839477539,0.7314246912708784,chr20,55924500
36.38081741333008,0.706048184280109,chr20,56653500
51.76333999633789,0.6524246751778656,chr20,58326500
41.80908203125,0.5924790640650954,chr20,58621500
42.22252655029297,0.8319247887806636,chr20,58692500
36.71646881103516,0.7623914387548401,chr20,59190500
38.50210189819336,0.5306666250421602,chr20,59758500
49.61392974853516,0.5746256688982921,chr20,59935500
36.26161956787109,0.568469823554493,chr20,60187500
37.44806671142578,0.6958173379339938,chr20,60345500
35.834014892578125,0.8050314201402872,chr20,60545500
35.41643524169922,0.5757533951380274,chr20,61079500
28.549468994140625,0.7355816799921606,chr20,61133500
27.12464904785156,0.6859628061582841,chr20,61246500
33.4334716796875,0.5278507146488741,chr20,61393500
31.744783401489254,0.8134833902069407,chr20,61721500
45.14333724975586,0.8981800234744312,chr20,61983500
43.24498748779297,0.7376237235210725,chr20,62101500
43.389644622802734,0.8546508886439792,chr20,62658500
39.16291046142578,0.7293978306017418,chr20,62982500
48.52727890014648,0.8624649083482867,chr20,63616500
53.38584899902344,0.8777280995314796,chr20,63706500
48.55007553100586,0.756723327695767,chr20,63712500
37.78197479248047,0.764519199787569,chr20,64134500
41.70719528198242,0.6735989064518555,chr20,64163500
40.717227935791016,0.8432645479028396,chr20,64194500
32.680686950683594,0.8935918003428873,chr21,5253500
23.3159294128418,0.3690739816933647,chr21,7271500
36.70014572143555,0.7110116017531287,chr21,8764500
34.64750289916992,0.8869107702178408,chr21,10406500
25.7825984954834,0.5886842543316781,chr21,10562500
25.124164581298828,0.8472299707262667,chr21,13238500
24.21697807312012,0.9214165416339908,chr21,13289500
26.327022552490234,0.7965667458316595,chr21,13310500
22.89577293395996,0.8116600644591471,chr21,13437500
38.923587799072266,0.8454645309874265,chr21,13933500
38.25324249267578,0.8253868538392028,chr21,13960500
44.49721145629883,0.655072966002409,chr21,14651500
31.05707359313965,0.8179468812816156,chr21,14804500
51.523681640625,0.7689296617256083,chr21,14834500
39.07787704467773,0.7211224899099706,chr21,15372500
55.423377990722656,0.7499241072475895,chr21,15734500
33.9295768737793,0.6107017191181157,chr21,16002500
29.884286880493164,0.7992657580919004,chr21,16128500
22.410398483276367,0.7510940196902638,chr21,16298500
22.833415985107425,0.7779485778486505,chr21,16617500
22.057838439941406,0.718171372695525,chr21,16878500
25.768747329711918,0.7101766292937663,chr21,17233500
28.059724807739254,0.6222163469925345,chr21,17250500
39.803977966308594,0.7655925133982382,chr21,17656500
29.68185806274414,0.7493263334546321,chr21,17952500
21.35366439819336,0.7777922217978601,chr21,18223500
29.755842208862305,0.6153259214731795,chr21,18293500
44.5975227355957,0.469321007858429,chr21,18621500
45.26042175292969,0.7287964581825946,chr21,18676500
26.13132667541504,0.7620580928656866,chr21,19060500
35.61928939819336,0.8712458919199685,chr21,19745500
33.86593246459961,0.732856233371137,chr21,20115500
34.45058059692383,0.8357796708707698,chr21,20616500
41.48167037963867,0.7769829846562323,chr21,20652500
40.96200942993164,0.5769258865323929,chr21,20988500
49.3741455078125,0.715462811279675,chr21,21050500
32.745330810546875,0.7315614236586616,chr21,21821500
31.919878005981445,0.7574833571018607,chr21,22558500
20.72635078430176,0.8283702503687554,chr21,23416500
32.28763198852539,0.7243823247075412,chr21,23686500
20.22038078308105,0.7147433980902862,chr21,23844500
48.86602783203125,0.7331644465040473,chr21,23884500
27.14061737060547,0.6604780423363035,chr21,25238500
33.593040466308594,0.705875055244551,chr21,25541500
34.9110107421875,0.8184448815318237,chr21,26007500
39.09477615356445,0.697288074304586,chr21,26172500
35.31657028198242,0.7807043176167107,chr21,26199500
22.09075927734375,0.7074876983139584,chr21,26425500
21.980995178222656,0.7503757483644198,chr21,27150500
50.788082122802734,0.6177627618908441,chr21,28923500
49.11199951171875,0.7074384772258591,chr21,29092500
26.493467330932617,0.7531159594207975,chr21,30561500
22.9898681640625,0.8101024595258183,chr21,30867500
21.174463272094727,0.6647016204656888,chr21,30916500
39.8869514465332,0.8525752046848143,chr21,32341500
41.49983215332031,0.6325006518840148,chr21,33877500
47.06514358520508,0.844266774609558,chr21,34568500
46.70897674560547,0.7350796808441128,chr21,34797500
52.00347900390625,0.7904122478097237,chr21,34929500
52.79172134399414,0.9142993463575129,chr21,36859500
48.81122970581055,0.7038712867244977,chr21,37021500
46.48137664794922,0.6927703726996066,chr21,37232500
45.05892562866211,0.4146029313418489,chr21,37977500
40.834415435791016,0.609374642801116,chr21,38336500
40.84371948242188,0.8454415655089978,chr21,38387500
39.41612243652344,0.7574301744113511,chr21,38465500
49.3730697631836,0.8810636244279839,chr21,39368500
35.118404388427734,0.7519171423385954,chr21,39870500
34.8250846862793,0.678630108607762,chr21,39949500
25.631977081298828,0.7675716026219719,chr21,40039500
21.53916931152344,0.7579774555245953,chr21,40981500
50.32710647583008,0.7538033507556716,chr21,41926500
42.1696891784668,0.7412705981477946,chr21,41971500
41.32710647583008,0.7300945062333755,chr21,42344500
47.53889083862305,0.696301582108418,chr21,42437500
40.10065460205078,0.7763719501611008,chr21,42757500
53.23423004150391,0.9558058886784288,chr21,43729500
39.00835800170898,0.7720496668966788,chr21,44469500
49.6451530456543,0.6007514537918645,chr21,45154500
40.09203338623047,0.7799643099247451,chr21,45899500
51.01781463623047,0.8674287327915416,chr21,46309500
46.95786666870117,0.8530351035775373,chr21,46496500
47.79695129394531,0.7971219204423373,chr21,46670500
24.53815460205078,0.876198450507277,chr22,15388500
19.384557723999023,0.6790204377882353,chr22,16269500
31.16063117980957,0.8825862439374567,chr22,16663500
42.30818176269531,0.8003083992402114,chr22,16817500
47.550174713134766,0.6643964512679752,chr22,17076500
40.25805282592773,0.7323180607387205,chr22,17115500
44.99222946166992,0.7414948206711021,chr22,19065500
53.849700927734375,0.7538341387422985,chr22,19429500
42.89803314208984,0.7742370864931161,chr22,19707500
49.33219909667969,0.7576855078550917,chr22,19925500
50.49114608764648,0.8983676671726312,chr22,20006500
48.27799606323242,0.6622669995291242,chr22,20408500
49.92134475708008,0.7876692088346144,chr22,20499500
49.285865783691406,0.6303383484965164,chr22,21101500
47.41668701171875,0.824282918092152,chr22,21457500
46.380950927734375,0.8002937919438864,chr22,21916500
45.713626861572266,0.7040020551691193,chr22,22010500
37.4433479309082,0.824935599458944,chr22,22966500
51.80491638183594,0.8218847692939897,chr22,23185500
50.87273788452149,0.6559465656005918,chr22,24509500
45.35173797607422,0.5928677633184405,chr22,24919500
42.39104080200195,0.731061618361687,chr22,25157500
37.73078536987305,0.6317094610402229,chr22,25206500
44.7418212890625,0.7486412701127154,chr22,25937500
48.20863342285156,0.7161667538560241,chr22,26362500
53.93583297729492,0.9793313129529087,chr22,26674500
35.535118103027344,0.7367147503311624,chr22,26942500
47.35751724243164,0.7497114719078849,chr22,27132500
40.26906204223633,0.6376797655915485,chr22,27172500
50.08334732055664,0.7905567245733459,chr22,27731500
45.42692565917969,0.9243306608925119,chr22,27992500
44.50716018676758,0.9081655712073946,chr22,28023500
49.56622695922852,0.8641366048148276,chr22,28286500
48.515743255615234,0.7413326511927116,chr22,28766500
51.73776626586914,0.9220955794652225,chr22,29104500
49.25670623779297,0.7883912266018698,chr22,29123500
43.27475357055664,0.8235357226689368,chr22,29408500
39.57817459106445,0.8040882768405684,chr22,29698500
48.74278259277344,0.9012247078382649,chr22,29786500
42.3442268371582,0.6184745621803132,chr22,30464500
39.61819076538086,0.7373279559025208,chr22,30792500
48.666202545166016,0.754793947041605,chr22,31299500
45.37348556518555,0.6642738218177409,chr22,31317500
44.27249526977539,0.664042887580373,chr22,31383500
50.61433792114258,0.8163212530468643,chr22,31678500
35.01710510253906,0.7455902951094341,chr22,33062500
35.19320297241211,0.7099470164547548,chr22,33218500
25.950590133666992,0.7710314715032986,chr22,33550500
23.73470115661621,0.6824065484241999,chr22,34067500
24.29570579528809,0.5227383828350911,chr22,34105500
20.015146255493164,0.8403442237486226,chr22,34168500
50.57585144042969,0.7199869859902435,chr22,35356500
53.45247650146485,0.740847939904028,chr22,38401500
53.62123489379883,0.7375831184448891,chr22,38788500
49.85995864868164,0.8564428892255105,chr22,39369500
53.30976486206055,0.631777465433796,chr22,40054500
49.8422966003418,0.69594917755774,chr22,40095500
43.23426818847656,0.7685141149233427,chr22,41275500
49.81721878051758,0.9179353940505927,chr22,41511500
50.71669006347656,0.7730588896501673,chr22,41942500
49.89556503295898,0.563773084710596,chr22,42188500
46.9769287109375,0.6036288198552104,chr22,42487500
50.53131866455078,0.7763730842321588,chr22,42638500
49.6772689819336,0.6724128810899114,chr22,42700500
41.21246337890625,0.7334584188523271,chr22,42899500
52.471961975097656,0.8690330800344281,chr22,43154500
37.49809646606445,0.5642058068667625,chr22,43787500
38.52150344848633,0.7308037156341706,chr22,43918500
40.09663009643555,0.7468892537922966,chr22,44444500
41.833099365234375,0.6036888570092979,chr22,44806500
35.7020263671875,0.8304884491015844,chr22,44846500
33.70882034301758,0.6820379692757541,chr22,45523500
49.64776992797852,0.7430057741735205,chr22,46168500
34.48930358886719,0.797227943038086,chr22,46260500
37.94798278808594,0.7402039560323438,chr22,46415500
31.872697830200195,0.7325606092579933,chr22,46537500
48.74542236328125,0.8264807188541111,chr22,46645500
47.68760299682617,0.8558664005312113,chr22,46758500
44.97965240478516,0.7216665126503441,chr22,46781500
33.576141357421875,0.7374821937762048,chr22,47161500
37.43767166137695,0.9077390176208134,chr22,47168500
39.28013610839844,0.5190016735734325,chr22,47488500
31.18414878845215,0.65948483857407,chr22,48903500
36.5410385131836,0.7648633658841409,chr22,48964500
39.3018798828125,0.781203762191493,chr22,49315500
38.41458511352539,0.7867502263800855,chr22,49347500
50.16305160522461,0.5790322548281845,chr22,49504500
44.05052947998047,0.8872258853710799,chr22,49803500
40.99310302734375,0.41577420852814617,chrX,250500
39.23034286499024,0.5397425736819741,chrX,437500
33.795188903808594,0.6264302755492368,chrX,625500
44.83029174804688,0.8045031955792561,chrX,994500
35.891265869140625,0.781285411745794,chrX,1025500
31.948362350463867,0.6871832948204741,chrX,1352500
44.96731185913086,0.8742416625338411,chrX,1567500
48.4033203125,0.7096621215309349,chrX,2262500
46.51876831054688,0.7703136135220844,chrX,2322500
35.021636962890625,0.6303096575750244,chrX,2733500
50.03396224975586,0.7978176450553162,chrX,2923500
40.868770599365234,0.5763771888227436,chrX,2932500
47.17846298217773,0.7220562745602148,chrX,2967500
34.092960357666016,0.7170186647169372,chrX,3167500
30.969379425048828,0.6649648114318747,chrX,3966500
23.0952262878418,0.8195328300842986,chrX,4227500
25.698843002319336,0.6316264266343851,chrX,4646500
23.39679718017578,0.6987548220346039,chrX,4651500
27.68084526062012,0.6558831451871587,chrX,4697500
23.225753784179688,0.713688371629171,chrX,5268500
23.727203369140625,0.7419043414644106,chrX,5394500
24.36633682250977,0.8423730452616053,chrX,5480500
22.368227005004883,0.8992217220187204,chrX,5801500
26.0787296295166,0.6032299439728379,chrX,5810500
25.61920928955078,0.7303002563113152,chrX,5883500
23.0715274810791,0.6813092463461699,chrX,6612500
27.551971435546875,0.7548065556919897,chrX,6834500
39.6596794128418,0.7855639579679663,chrX,7072500
40.59870147705078,0.7708201350445473,chrX,7103500
32.657493591308594,0.6117798883713708,chrX,8047500
28.351438522338867,0.5773447343595499,chrX,8135500
30.230731964111328,0.7389422898205785,chrX,8772500
33.01568984985352,0.7764234821996537,chrX,8893500
47.24505233764648,0.7506989520376712,chrX,9549500
38.50808334350586,0.5645239550199224,chrX,9762500
35.49505615234375,0.6821480818949879,chrX,10359500
33.40094375610352,0.6874775786429251,chrX,10523500
39.19746398925781,0.66148883719954,chrX,10585500
39.77283477783203,0.6742277456186764,chrX,10887500
51.668556213378906,0.831798989183027,chrX,11100500
42.5133056640625,0.8866005339673217,chrX,11218500
37.886348724365234,0.7836385757828762,chrX,11223500
49.326690673828125,0.8095879568176442,chrX,11249500
31.66429328918457,0.53745984507515,chrX,11627500
31.24022102355957,0.5127862368781159,chrX,11857500
34.15543746948242,0.7544921778901894,chrX,11870500
31.16489028930664,0.6765264581443182,chrX,12145500
31.31532096862793,0.48010122585712356,chrX,12335500
27.941585540771484,0.5658185332221364,chrX,12600500
31.830402374267575,0.5869928410124455,chrX,12858500
52.04227066040039,0.8521959070564559,chrX,12981500
47.6217041015625,0.6286257625054419,chrX,13760500
37.57613754272461,0.6861715464218169,chrX,13829500
34.80248260498047,0.7816381636819862,chrX,13855500
27.964675903320312,0.8368473997416604,chrX,14317500
26.439224243164062,0.42342769351469145,chrX,14476500
22.284086227416992,0.8203377172351738,chrX,14505500
41.98628616333008,0.7379889527799643,chrX,14912500
40.24727630615234,0.7436284327381208,chrX,15242500
55.432559967041016,0.9448372388568399,chrX,15512500
54.60637283325195,0.9077815189493957,chrX,15550500
34.862037658691406,0.806391993130502,chrX,16053500
51.88954925537109,0.8742363994115597,chrX,16183500
41.80242538452149,0.7165919967320475,chrX,16569500
50.62249374389648,0.8533861506466398,chrX,16776500
31.800804138183597,0.6933641854780662,chrX,17363500
32.42536163330078,0.5799573337580191,chrX,17598500
34.53403854370117,0.760255202954153,chrX,18022500
31.94014358520508,0.5028838205952632,chrX,18068500
41.01254653930664,0.6531081387104011,chrX,18681500
35.59360885620117,0.6614269048797379,chrX,18753500
38.69913482666016,0.6898159431192128,chrX,18858500
31.82939338684082,0.8983595397620409,chrX,18919500
41.06904983520508,0.850716202590121,chrX,18988500
34.4655876159668,0.6207896282731843,chrX,19196500
32.87289047241211,0.6621926785348758,chrX,19259500
30.846513748168945,0.8180559861164074,chrX,19324500
25.87463760375977,0.7697133280402575,chrX,21304500
38.78062057495117,0.7841028548024016,chrX,21797500
37.0677375793457,0.6711779253835491,chrX,22168500
34.06726837158203,0.7696686589025606,chrX,22174500
28.78035545349121,0.9146156239631075,chrX,22928500
26.51130485534668,0.7608729286824033,chrX,22967500
49.42238235473633,0.9145787321444273,chrX,23880500
31.862585067749023,0.5654750025197544,chrX,24455500
52.83833694458008,0.5722045489058342,chrX,24642500
26.960617065429688,0.6384787694855947,chrX,25278500
23.537628173828125,0.8656598023795434,chrX,26082500
26.04925346374512,0.6626428998557989,chrX,26371500
25.260141372680664,0.6930637102182793,chrX,26663500
27.10242080688477,0.8629554089218405,chrX,27193500
29.01890754699707,0.7240221482386042,chrX,27607500
29.458675384521484,0.7008970492666116,chrX,29519500
24.54341506958008,0.8217986897301912,chrX,29682500
26.69938468933105,0.7615547556565423,chrX,29874500
24.62964630126953,0.7632992622441499,chrX,30057500
39.95284271240234,0.647894218862501,chrX,30306500
46.62744522094727,0.7543450992730012,chrX,30613500
35.54325866699219,0.42109419085831135,chrX,30754500
37.96961975097656,0.7402428338382656,chrX,31348500
32.61480712890625,0.720884726831957,chrX,32060500
35.50702667236328,0.6106467672364875,chrX,32078500
27.990333557128903,0.459704172497307,chrX,32540500
25.71706199645996,0.7661401933728418,chrX,32755500
24.393985748291016,0.7438948375011152,chrX,33462500
20.609792709350582,0.7742964197945028,chrX,33606500
21.720420837402344,0.7395502503220439,chrX,33610500
24.93651962280273,0.7975772238941635,chrX,33666500
25.44273376464844,0.8737515687091439,chrX,33938500
26.020767211914062,0.7367754101411068,chrX,34033500
26.476959228515625,0.895570118088034,chrX,34140500
22.2935733795166,0.8396165714941881,chrX,34206500
26.000408172607425,0.7422795458304947,chrX,34977500
24.648265838623047,0.890233808222042,chrX,35554500
24.35296440124512,0.7480195004691799,chrX,36413500
25.354646682739254,0.7250646857517224,chrX,36498500
42.78056716918945,0.6536403252207906,chrX,36683500
26.956499099731445,0.7577442851011507,chrX,36840500
42.31576919555664,0.868247649131356,chrX,37420500
35.90471649169922,0.8429776574553989,chrX,37435500
55.40302658081055,0.9770551302841356,chrX,37653500
25.78332901000977,0.7299549211533632,chrX,39032500
36.655738830566406,0.6439225772835546,chrX,39374500
47.848628997802734,0.7209478427321501,chrX,39516500
47.30618667602539,0.6817125740858168,chrX,40320500
41.11874008178711,0.6788868998235953,chrX,40624500
42.31293869018555,0.8307637807251758,chrX,40629500
48.24868774414063,0.6102388308173444,chrX,40641500
53.179683685302734,0.7615057901009612,chrX,40643500
48.90626907348633,0.785087046579186,chrX,41002500
47.75251388549805,0.7126030812080822,chrX,41240500
52.600215911865234,0.7414437185753783,chrX,41956500
31.49684333801269,0.7267383956503428,chrX,42401500
37.95134735107422,0.6794896748392227,chrX,43171500
47.14596939086914,0.6752467410623544,chrX,43276500
41.98291397094727,0.8317384454535028,chrX,44727500
53.75778579711914,0.6570993023776266,chrX,44870500
31.468965530395508,0.6616040176754256,chrX,45453500
32.075225830078125,0.7025426737786402,chrX,45843500
34.713233947753906,0.5975902458616251,chrX,46181500
32.797447204589844,0.6417252571609751,chrX,46390500
39.515132904052734,0.7650404818218342,chrX,46437500
41.45502471923828,0.7429096461635869,chrX,46815500
51.753074645996094,0.8814921863210826,chrX,48616500
48.1861686706543,0.7911269438163828,chrX,48977500
52.7720832824707,0.5114303868335539,chrX,49267500
40.70019912719727,0.6422574842637421,chrX,49975500
39.26480102539063,0.6747733866614043,chrX,50095500
34.339508056640625,0.7411639835837455,chrX,50358500
34.10490417480469,0.4230438777258556,chrX,50864500
32.515907287597656,0.6022199259640287,chrX,50914500
36.08516693115234,0.7117501641616248,chrX,51155500
36.46723175048828,0.6168312854909874,chrX,53502500
37.25783157348633,0.8770047400995914,chrX,54025500
47.53695297241211,0.7679756980373714,chrX,54637500
30.86773681640625,0.6305548077008976,chrX,56027500
54.67633056640625,0.981051167384382,chrX,56565500
28.998380661010746,0.7494965676626394,chrX,57021500
29.680837631225582,0.5303368363426757,chrX,57944500
43.88931274414063,0.933006264421624,chrX,63401500
38.894073486328125,0.7665118368286008,chrX,63520500
29.257524490356445,0.5183302790985373,chrX,63985500
34.43100357055664,0.7532913772346003,chrX,64191500
32.6331901550293,0.5468408607123905,chrX,64219500
45.71921920776367,0.7169180322173141,chrX,65030500
48.24582290649414,0.7059573376982977,chrX,65543500
53.23423004150391,0.8729952106260163,chrX,65589500
45.560359954833984,0.572197874157996,chrX,65794500
47.50020217895508,0.8454251113380186,chrX,66204500
30.32898330688477,0.6822676848248796,chrX,66336500
37.165504455566406,0.43589698430975543,chrX,68098500
41.180152893066406,0.770683689024805,chrX,68118500
29.734209060668945,0.6359560508057951,chrX,68225500
46.04152297973633,0.7261003822401217,chrX,68314500
52.90460205078125,0.9270906376267972,chrX,68696500
38.29773712158203,0.5347362743315962,chrX,68860500
34.97231674194336,0.5045745886441614,chrX,69329500
34.85968780517578,0.3464203261765202,chrX,69510500
39.5442008972168,0.6118948293903814,chrX,69518500
53.964263916015625,0.7811239074044272,chrX,70292500
40.40995788574219,0.774611655090678,chrX,70777500
25.44496154785156,0.6611300847328943,chrX,70841500
48.674461364746094,0.8257378121911503,chrX,71495500
46.633296966552734,0.5668620278371463,chrX,72285500
42.763648986816406,0.7136778458666329,chrX,72315500
49.67584609985352,0.6816423066334611,chrX,72396500
48.81882858276367,0.7767288786515224,chrX,72548500
38.5323371887207,0.6593989346786331,chrX,72651500
44.081180572509766,0.692054762364341,chrX,72663500
30.35382652282715,0.6168684544520542,chrX,73327500
26.667585372924805,0.5424475828983406,chrX,73698500
30.650239944458008,0.8586439519002641,chrX,73707500
28.83668708801269,0.5549206480010966,chrX,74110500
31.354419708251957,0.8783585741459944,chrX,74919500
31.382701873779297,0.6603788771475181,chrX,75950500
36.51284408569336,0.865894840226511,chrX,75962500
28.879131317138672,0.9598234242547717,chrX,77260500
35.159297943115234,0.717484969319228,chrX,77621500
42.65902328491211,0.6427270471144091,chrX,77969500
36.86402130126953,0.7978371631510339,chrX,78170500
29.06633186340332,0.6643234974406533,chrX,78806500
26.171066284179688,0.7178846939283774,chrX,78981500
26.238357543945312,0.6496873382220949,chrX,79548500
23.250873565673828,0.8018060828843092,chrX,79783500
22.40342140197754,0.8389204611859561,chrX,79882500
30.62706184387207,0.7123241553910589,chrX,80849500
22.75591468811035,0.6490816862456842,chrX,80950500
27.316648483276367,0.8108911272148877,chrX,81102500
22.46202087402344,0.7441408157515845,chrX,82553500
27.404741287231445,0.7958256528831287,chrX,82600500
26.68114852905273,0.7889045368935611,chrX,83179500
21.733407974243164,0.7117179706405785,chrX,83230500
23.47387313842773,0.7307368636570744,chrX,83553500
27.215621948242188,0.5926942640286996,chrX,83643500
31.82400321960449,0.588831627296863,chrX,84923500
33.79961395263672,0.7712398475347327,chrX,85268500
24.20434188842773,0.8670756565375403,chrX,85722500
40.774051666259766,0.8494626012904366,chrX,86034500
25.08908462524414,0.8981497670545422,chrX,87107500
24.527936935424805,0.6431602016430897,chrX,88364500
27.900718688964844,0.7103966240862469,chrX,90047500
27.528175354003903,0.8985854966426972,chrX,90389500
27.18592643737793,0.9467934426797159,chrX,91134500
26.4625244140625,0.9345518973254312,chrX,91304500
27.03162384033203,0.8443283017989784,chrX,91727500
26.816408157348636,0.8074753245132943,chrX,92269500
25.543458938598636,0.884879842811946,chrX,93281500
25.174543380737305,0.7157569953983529,chrX,94925500
23.3873233795166,0.4625735541419641,chrX,94931500
24.14586639404297,0.5086729648310973,chrX,95802500
26.79834747314453,0.5911306405462642,chrX,95948500
32.07081604003906,0.6213376554252916,chrX,97332500
29.507946014404297,0.8376046598843562,chrX,97767500
30.420503616333008,0.7756757896802423,chrX,97824500
24.92909812927246,0.6971617711645294,chrX,98894500
23.075090408325195,0.7270466785210665,chrX,99125500
23.43022346496582,0.6364447042322675,chrX,99676500
23.334562301635746,0.7491435476501003,chrX,99974500
39.089202880859375,0.853726690284054,chrX,101110500
55.26137161254883,0.9806689812380869,chrX,101409500
45.72771453857422,0.8161088864283219,chrX,101659500
36.043304443359375,0.7823191875764746,chrX,101765500
32.55086898803711,0.7260514005835901,chrX,102002500
32.85105895996094,0.763047687091178,chrX,102017500
20.39022254943848,0.4074757740940125,chrX,102392500
41.77676010131836,0.7030346296203012,chrX,102999500
36.14608383178711,0.771127518219827,chrX,103791500
34.880252838134766,0.708991260445476,chrX,104336500
31.107521057128903,0.6042986880828763,chrX,104443500
31.88044548034668,0.7186361416543603,chrX,106202500
29.00185775756836,0.7504032718288979,chrX,106286500
28.62207794189453,0.5442161464709643,chrX,106569500
41.74127578735352,0.6201469262705603,chrX,106898500
51.44973373413086,0.7173083202619536,chrX,107178500
30.92318344116211,0.8341731572583762,chrX,107363500
40.98500442504883,0.5806802450263282,chrX,107515500
38.85834884643555,0.5720443912995008,chrX,107516500
47.51110076904297,0.716005282248072,chrX,107647500
52.72524642944336,0.8864011431890377,chrX,107741500
40.44993209838867,0.7711550024651368,chrX,108057500
42.919219970703125,0.6115524520908432,chrX,108216500
29.417482376098636,0.6290633382977585,chrX,108821500
27.778114318847656,0.6291951158674282,chrX,108850500
29.3579158782959,0.27977167114420154,chrX,108934500
29.235185623168945,0.891233108150617,chrX,109022500
47.20989990234375,0.9291266704073048,chrX,109700500
54.30152893066406,0.9874037742950698,chrX,110003500
50.38086700439453,0.720724209973852,chrX,110106500
51.73089218139648,0.7902720555917635,chrX,110131500
27.10799217224121,0.6189748116222686,chrX,110741500
28.21917533874512,0.6643430898812078,chrX,110879500
37.79718017578125,0.7757880682338285,chrX,111542500
37.135475158691406,0.7392028993358234,chrX,111658500
32.15724182128906,0.7391147866052497,chrX,112211500
27.604616165161133,0.5169165331879415,chrX,113181500
28.80915069580078,0.7120228601696013,chrX,113203500
43.23567199707031,0.8151800372840288,chrX,114002500
34.10459899902344,0.4469155524329651,chrX,114677500
32.65273666381836,0.706959051344806,chrX,115181500
26.47390937805176,0.5664082049525851,chrX,115699500
29.03285026550293,0.7606303979080729,chrX,116077500
27.77943420410156,0.7096192061501685,chrX,116095500
28.62145233154297,0.6227760729646725,chrX,116757500
22.415809631347656,0.8545560904487172,chrX,116853500
27.502918243408203,0.7686232748868765,chrX,116883500
24.805524826049805,0.4750423001173468,chrX,117050500
29.550827026367188,0.5348936565325304,chrX,117946500
34.19842529296875,0.8548841809992891,chrX,118011500
38.23650741577149,0.7685677293404497,chrX,118066500
37.82069396972656,0.7792109493990638,chrX,118110500
46.16542816162109,0.7909727699179965,chrX,119713500
48.89787673950195,0.8210277188264775,chrX,119883500
46.57758712768555,0.6727281974806995,chrX,119975500
45.28976440429688,0.6594945812047349,chrX,120094500
44.7042236328125,0.7177819263160621,chrX,120114500
47.7092170715332,0.7297348699781636,chrX,120212500
37.59688186645508,0.5934654194709054,chrX,120988500
35.96024703979492,0.7095859674921188,chrX,121782500
26.79410171508789,0.7927141929880113,chrX,122294500
26.78638458251953,0.6338732032403753,chrX,122408500
32.43168258666992,0.7025613208073742,chrX,123089500
30.87358283996582,0.7086089639957732,chrX,123396500
49.76325225830078,0.7986015654930161,chrX,123843500
41.66159439086914,0.7741758624303847,chrX,124526500
33.01674270629883,0.8394450520085626,chrX,124558500
44.04500579833984,0.6246701181214614,chrX,124880500
43.65333557128906,0.7165481865044867,chrX,124984500
39.10193634033203,0.7108029794174844,chrX,125647500
24.98299217224121,0.6741378012158833,chrX,125903500
24.08292388916016,0.7589966839369496,chrX,126177500
27.27322196960449,0.5904232499949965,chrX,126425500
23.901376724243164,0.6010820082718248,chrX,126509500
29.14615631103516,0.728222756385614,chrX,126733500
27.992128372192383,0.9407742759687973,chrX,126978500
19.20147132873535,0.7587269623046258,chrX,127992500
28.819904327392575,0.7777096845823885,chrX,128038500
23.496074676513672,0.5880565803038561,chrX,128119500
36.94297790527344,0.4957411779521864,chrX,129459500
49.762813568115234,0.6942812881588778,chrX,129607500
48.07008743286133,0.898224543218871,chrX,130210500
32.79320526123047,0.8717990105525512,chrX,131434500
43.15114212036133,0.6509263404644807,chrX,131536500
38.44794845581055,0.850921123527679,chrX,131602500
38.34623718261719,0.6949435801767052,chrX,132109500
31.52316093444824,0.685246194779479,chrX,132927500
33.1580924987793,0.5803320677293844,chrX,132930500
33.82990264892578,0.6058275025944813,chrX,133182500
31.914213180541992,0.6236748318526517,chrX,133339500
31.111520767211918,0.7301810790553673,chrX,133599500
35.31391143798828,0.765796473894129,chrX,133750500
32.08037567138672,0.43631009143661437,chrX,133813500
51.665184020996094,0.8676284829858071,chrX,134414500
38.89257049560547,0.8617610848134223,chrX,134511500
44.93367767333984,0.7668983666525003,chrX,134919500
38.7612190246582,0.653857637964609,chrX,135626500
50.71904754638672,0.7638377702858806,chrX,136107500
35.38491439819336,0.8737330761809161,chrX,136439500
40.28603363037109,0.751584434829466,chrX,137062500
32.44147109985352,0.653792481599306,chrX,137620500
29.481420516967773,0.7217637154100298,chrX,138027500
29.78880882263184,0.5632851864988979,chrX,138448500
49.403228759765625,0.6467274772176305,chrX,139228500
35.79575729370117,0.4108389548149253,chrX,139366500
45.10506820678711,0.7957217351767287,chrX,139686500
32.63175582885742,0.7417662076668937,chrX,140036500
26.810747146606445,0.6855086732541111,chrX,140277500
31.662988662719727,0.8230804363856259,chrX,140483500
21.47107696533203,0.8047964816659561,chrX,141452500
26.781709671020508,0.8916525904852995,chrX,142517500
23.11244010925293,0.5937406346403633,chrX,142868500
24.4690055847168,0.5565525005550265,chrX,143075500
26.621746063232425,0.6378687911582295,chrX,143108500
25.80103874206543,0.6987174398675862,chrX,143324500
26.77739143371582,0.9091433178881614,chrX,143551500
25.82340240478516,0.6012157082047714,chrX,143810500
24.40683937072754,0.7590502020768678,chrX,144530500
25.77008819580078,0.8511149795734482,chrX,144572500
25.13497734069824,0.829230897780408,chrX,145488500
23.37452507019043,0.7936799369535386,chrX,145974500
26.11444091796875,0.8771394041579409,chrX,146466500
25.768598556518555,0.5036420915009303,chrX,147182500
24.92405128479004,0.6960045272885801,chrX,147275500
26.40635108947754,0.7821514492172814,chrX,147570500
27.443004608154297,0.7737177974326455,chrX,147814500
34.479957580566406,0.5950362881163486,chrX,148073500
28.7004508972168,0.5711390380803696,chrX,148797500
31.60787010192871,0.6577834317639631,chrX,149330500
43.22843551635742,0.7719740633269788,chrX,150792500
42.65883255004883,0.6269598332439301,chrX,151079500
34.83411407470703,0.6680665126249847,chrX,151248500
36.80297088623047,0.616519119775184,chrX,151700500
46.57317352294922,0.743817095748776,chrX,152231500
50.701419830322266,0.8346475732306881,chrX,152668500
23.764694213867188,0.7634956836207991,chrX,152694500
39.62759399414063,0.6728650679723862,chrX,153011500
47.323707580566406,0.6930471860708207,chrX,153032500
41.60387802124024,0.7327625543735696,chrX,153548500
43.65221405029297,0.5616706035289891,chrX,153825500
55.524940490722656,0.9215568351139071,chrX,154092500
49.718936920166016,0.47804452226643646,chrX,154139500
30.058443069458008,0.5882970159721316,chrX,154595500
52.02126693725586,0.8223171169552933,chrX,154724500
45.83284378051758,0.7442482776630065,chrX,154971500
38.11812210083008,0.8751051339804563,chrX,155122500
41.54029846191406,0.6506657185942635,chrX,155154500
45.25897979736328,0.7530546660283225,chrX,155532500
