name,class,chromosome,position_hg38,bin,source,doi,safety,p_durable,writability,epridict
AAVS1,positive,chr19,55115785,55115,Hockemeyer NatBiotechnol2009 / liftOver PPP1R12C intron1,10.1038/nbt.1562,1.0,0.9829394360919049,0.9914697180459524,53.276668548583984
Pansio-1,positive,chr1,113340237,113340,Autio eLife2024 Table1,10.7554/eLife.79592,1.0,0.6154714449417698,0.8077357224708849,44.2466926574707
Olonne-18,positive,chr18,56410860,56410,Autio eLife2024 Table1,10.7554/eLife.79592,1.0,0.7099385714923421,0.854969285746171,36.57257461547852
Keppel-19,positive,chr19,5401450,5401,Autio eLife2024 Table1,10.7554/eLife.79592,1.0,0.5673619938812935,0.7836809969406467,44.74010848999024
SHS231,positive,chr4,58110456,58110,Pellenz HumGeneTher2019 / liftOver hg19->hg38,10.1089/hum.2018.169,1.0,0.6752296393588857,0.8376148196794428,23.858701705932617
SHS229,positive,chr2,45481224,45481,Pellenz HumGeneTher2019 / liftOver hg19->hg38,10.1089/hum.2018.169,1.0,0.7011441396406716,0.8505720698203358,40.346923828125
SHS253,positive,chr2,48603055,48603,Pellenz HumGeneTher2019 / liftOver hg19->hg38,10.1089/hum.2018.169,1.0,0.7270488731341718,0.8635244365670859,47.9227294921875
LMO2,known_unsafe,chr11,33892076,33892,insertional oncogenesis (SCID-X1); TSS (- strand),,0.0,0.8974283456155882,0.4487141728077941,54.298221588134766
MECOM,known_unsafe,chr3,169663775,169663,insertional oncogenesis (EVI1); TSS (- strand),,0.0,0.8746337087862064,0.4373168543931032,44.68407440185547
CCND2,known_unsafe,chr12,4269755,4269,insertional oncogenesis; TSS (+ strand),,0.0,0.9500610494471216,0.4750305247235608,52.98699188232422
HMGA2,known_unsafe,chr12,65824224,65824,insertional oncogenesis (Liu et al.); TSS (+ strand),,0.0,0.4596518628891332,0.2298259314445666,37.1376838684082
PRDM16,known_unsafe,chr1,3069003,3069,insertional oncogenesis; TSS (+ strand),,0.0,0.8818399478202451,0.44091997391012255,25.390033721923828
bg_0000,background,chr1,1035500,1035,uniform random atlas bin (seed 20260702),,1.0,0.888949766034231,0.9444748830171155,48.898963928222656
bg_0001,background,chr1,1507500,1507,uniform random atlas bin (seed 20260702),,1.0,0.8172609609172811,0.9086304804586405,43.13172912597656
bg_0002,background,chr1,6983500,6983,uniform random atlas bin (seed 20260702),,1.0,0.6687491029332977,0.8343745514666489,38.4837646484375
bg_0003,background,chr1,8335500,8335,uniform random atlas bin (seed 20260702),,1.0,0.697441547000857,0.8487207735004285,41.94093322753906
bg_0004,background,chr1,10999500,10999,uniform random atlas bin (seed 20260702),,1.0,0.48245267975873096,0.7412263398793655,44.73165893554688
bg_0005,background,chr1,12429500,12429,uniform random atlas bin (seed 20260702),,1.0,0.7036454674480941,0.851822733724047,51.41419982910156
bg_0006,background,chr1,12844500,12844,uniform random atlas bin (seed 20260702),,1.0,0.752511762652759,0.8762558813263794,39.26691818237305
bg_0007,background,chr1,17072500,17072,uniform random atlas bin (seed 20260702),,1.0,0.7842950335891777,0.8921475167945889,43.210411071777344
bg_0008,background,chr1,17110500,17110,uniform random atlas bin (seed 20260702),,1.0,0.725575860214657,0.8627879301073285,43.07541275024414
bg_0009,background,chr1,23131500,23131,uniform random atlas bin (seed 20260702),,1.0,0.9302108509236973,0.9651054254618486,50.92065048217773
bg_0010,background,chr1,25118500,25118,uniform random atlas bin (seed 20260702),,1.0,0.7823814284431746,0.8911907142215874,46.25724792480469
bg_0011,background,chr1,25532500,25532,uniform random atlas bin (seed 20260702),,1.0,0.8199865356861604,0.9099932678430802,45.48133087158203
bg_0012,background,chr1,29881500,29881,uniform random atlas bin (seed 20260702),,1.0,0.738241537589724,0.869120768794862,40.68181228637695
bg_0013,background,chr1,31775500,31775,uniform random atlas bin (seed 20260702),,1.0,0.640193919746928,0.820096959873464,43.21431350708008
bg_0014,background,chr1,33308500,33308,uniform random atlas bin (seed 20260702),,1.0,0.7873095131607789,0.8936547565803894,36.78363037109375
bg_0015,background,chr1,33929500,33929,uniform random atlas bin (seed 20260702),,1.0,0.6622083797851768,0.8311041898925884,37.202449798583984
bg_0016,background,chr1,34375500,34375,uniform random atlas bin (seed 20260702),,1.0,0.8022285668557372,0.9011142834278686,48.02998352050781
bg_0017,background,chr1,35330500,35330,uniform random atlas bin (seed 20260702),,1.0,0.8693627974683135,0.9346813987341567,47.817996978759766
bg_0018,background,chr1,35368500,35368,uniform random atlas bin (seed 20260702),,1.0,0.8750470821759258,0.9375235410879629,48.98398208618164
bg_0019,background,chr1,35969500,35969,uniform random atlas bin (seed 20260702),,1.0,0.688963428286717,0.8444817141433585,48.39842224121094
bg_0020,background,chr1,36176500,36176,uniform random atlas bin (seed 20260702),,1.0,0.8656653774838907,0.9328326887419454,45.080753326416016
bg_0021,background,chr1,36276500,36276,uniform random atlas bin (seed 20260702),,1.0,0.865376848188445,0.9326884240942225,50.97770309448242
bg_0022,background,chr1,37575500,37575,uniform random atlas bin (seed 20260702),,1.0,0.8217342277191615,0.9108671138595807,47.59020614624024
bg_0023,background,chr1,39611500,39611,uniform random atlas bin (seed 20260702),,1.0,0.717486377192632,0.8587431885963159,48.53490829467773
bg_0024,background,chr1,39647500,39647,uniform random atlas bin (seed 20260702),,1.0,0.5292394172868424,0.7646197086434212,46.5021858215332
bg_0025,background,chr1,39654500,39654,uniform random atlas bin (seed 20260702),,1.0,0.8738079479682481,0.9369039739841241,46.62681198120117
bg_0026,background,chr1,40084500,40084,uniform random atlas bin (seed 20260702),,1.0,0.7016291940628075,0.8508145970314038,49.59547424316406
bg_0027,background,chr1,40287500,40287,uniform random atlas bin (seed 20260702),,1.0,0.7937133880716001,0.8968566940358,46.95979690551758
bg_0028,background,chr1,48083500,48083,uniform random atlas bin (seed 20260702),,1.0,0.6111202263042271,0.8055601131521135,39.10761642456055
bg_0029,background,chr1,48339500,48339,uniform random atlas bin (seed 20260702),,1.0,0.7236587898556395,0.8618293949278197,23.82881736755371
bg_0030,background,chr1,48817500,48817,uniform random atlas bin (seed 20260702),,1.0,0.7588110788692914,0.8794055394346457,24.671215057373047
bg_0031,background,chr1,49087500,49087,uniform random atlas bin (seed 20260702),,1.0,0.748873127858185,0.8744365639290925,19.863842010498047
bg_0032,background,chr1,51426500,51426,uniform random atlas bin (seed 20260702),,1.0,0.7536112928056095,0.8768056464028047,51.8577995300293
bg_0033,background,chr1,53798500,53798,uniform random atlas bin (seed 20260702),,1.0,0.6418927352268093,0.8209463676134047,47.66486740112305
bg_0034,background,chr1,57181500,57181,uniform random atlas bin (seed 20260702),,1.0,0.7625404930275249,0.8812702465137625,40.9250373840332
bg_0035,background,chr1,58956500,58956,uniform random atlas bin (seed 20260702),,1.0,0.8663324313189127,0.9331662156594563,46.282859802246094
bg_0036,background,chr1,60824500,60824,uniform random atlas bin (seed 20260702),,1.0,0.6750474404282598,0.8375237202141299,46.51689910888672
bg_0037,background,chr1,61015500,61015,uniform random atlas bin (seed 20260702),,1.0,0.8470641799624182,0.9235320899812092,54.268821716308594
bg_0038,background,chr1,61655500,61655,uniform random atlas bin (seed 20260702),,1.0,0.8150164943980972,0.9075082471990485,45.95521545410156
bg_0039,background,chr1,61822500,61822,uniform random atlas bin (seed 20260702),,1.0,0.5580349760212127,0.7790174880106063,46.61802673339844
bg_0040,background,chr1,61868500,61868,uniform random atlas bin (seed 20260702),,1.0,0.6458655878671504,0.8229327939335752,47.86934661865234
bg_0041,background,chr1,61981500,61981,uniform random atlas bin (seed 20260702),,1.0,0.8591733491020832,0.9295866745510416,47.66193771362305
bg_0042,background,chr1,61998500,61998,uniform random atlas bin (seed 20260702),,1.0,0.6783270159462391,0.8391635079731196,35.642974853515625
bg_0043,background,chr1,64270500,64270,uniform random atlas bin (seed 20260702),,1.0,0.7714318555318811,0.8857159277659405,42.01795196533203
bg_0044,background,chr1,67166500,67166,uniform random atlas bin (seed 20260702),,1.0,0.7527410835743916,0.8763705417871959,49.77189254760742
bg_0045,background,chr1,67256500,67256,uniform random atlas bin (seed 20260702),,1.0,0.5045441963782957,0.7522720981891479,48.66704940795898
bg_0046,background,chr1,67573500,67573,uniform random atlas bin (seed 20260702),,1.0,0.6432863578832121,0.8216431789416061,50.08502578735352
bg_0047,background,chr1,68048500,68048,uniform random atlas bin (seed 20260702),,1.0,0.8280788479836132,0.9140394239918066,48.21527862548828
bg_0048,background,chr1,68338500,68338,uniform random atlas bin (seed 20260702),,1.0,0.6225996036298562,0.8112998018149281,37.96571731567383
bg_0049,background,chr1,69978500,69978,uniform random atlas bin (seed 20260702),,1.0,0.6506690162954574,0.8253345081477287,43.46055221557617
bg_0050,background,chr1,70651500,70651,uniform random atlas bin (seed 20260702),,1.0,0.7780650646277221,0.889032532313861,46.819278717041016
bg_0051,background,chr1,71607500,71607,uniform random atlas bin (seed 20260702),,1.0,0.7402351192372756,0.8701175596186378,21.874483108520508
bg_0052,background,chr1,71718500,71718,uniform random atlas bin (seed 20260702),,1.0,0.6860865940404349,0.8430432970202175,27.66220092773437
bg_0053,background,chr1,73079500,73079,uniform random atlas bin (seed 20260702),,1.0,0.6140549249664873,0.8070274624832436,25.488285064697266
bg_0054,background,chr1,75345500,75345,uniform random atlas bin (seed 20260702),,1.0,0.6460490353921393,0.8230245176960697,48.54707336425781
bg_0055,background,chr1,78772500,78772,uniform random atlas bin (seed 20260702),,1.0,0.7338311210278854,0.8669155605139427,24.32709503173828
bg_0056,background,chr1,82232500,82232,uniform random atlas bin (seed 20260702),,1.0,0.7408326907534332,0.8704163453767166,22.493776321411133
bg_0057,background,chr1,84194500,84194,uniform random atlas bin (seed 20260702),,1.0,0.7846807075162191,0.8923403537581096,40.794559478759766
bg_0058,background,chr1,85439500,85439,uniform random atlas bin (seed 20260702),,1.0,0.7611791814641142,0.8805895907320571,35.292667388916016
bg_0059,background,chr1,87381500,87381,uniform random atlas bin (seed 20260702),,1.0,0.7897732441563377,0.8948866220781688,43.37811279296875
bg_0060,background,chr1,87759500,87759,uniform random atlas bin (seed 20260702),,1.0,0.7333973733332015,0.8666986866666008,29.796266555786133
bg_0061,background,chr1,87920500,87920,uniform random atlas bin (seed 20260702),,1.0,0.7970420273330302,0.8985210136665152,27.23261833190918
bg_0062,background,chr1,89444500,89444,uniform random atlas bin (seed 20260702),,1.0,0.7776690874591848,0.8888345437295924,46.37477111816406
bg_0063,background,chr1,92866500,92866,uniform random atlas bin (seed 20260702),,1.0,0.626863206972834,0.8134316034864171,49.10915756225586
bg_0064,background,chr1,101236500,101236,uniform random atlas bin (seed 20260702),,1.0,0.8973486476887595,0.9486743238443798,49.94145965576172
bg_0065,background,chr1,103674500,103674,uniform random atlas bin (seed 20260702),,1.0,0.533045140708298,0.766522570354149,
bg_0066,background,chr1,104689500,104689,uniform random atlas bin (seed 20260702),,1.0,0.8734486856500774,0.9367243428250387,23.008277893066406
bg_0067,background,chr1,106404500,106404,uniform random atlas bin (seed 20260702),,1.0,0.7958995063993517,0.8979497531996758,21.76818084716797
bg_0068,background,chr1,106988500,106988,uniform random atlas bin (seed 20260702),,1.0,0.7432868661949633,0.8716434330974816,40.39653015136719
bg_0069,background,chr1,107961500,107961,uniform random atlas bin (seed 20260702),,1.0,0.7195225003770616,0.8597612501885308,35.82365798950195
bg_0070,background,chr1,109869500,109869,uniform random atlas bin (seed 20260702),,1.0,0.5301298251910391,0.7650649125955196,49.22349166870117
bg_0071,background,chr1,110613500,110613,uniform random atlas bin (seed 20260702),,1.0,0.7632542716693624,0.8816271358346812,44.115821838378906
bg_0072,background,chr1,110912500,110912,uniform random atlas bin (seed 20260702),,1.0,0.814538883857897,0.9072694419289484,45.74615478515625
bg_0073,background,chr1,111394500,111394,uniform random atlas bin (seed 20260702),,1.0,0.5681046096235602,0.7840523048117801,37.05137252807617
bg_0074,background,chr1,112190500,112190,uniform random atlas bin (seed 20260702),,1.0,0.6975757343780201,0.8487878671890101,40.006439208984375
bg_0075,background,chr1,114529500,114529,uniform random atlas bin (seed 20260702),,1.0,0.6898764113191442,0.8449382056595721,51.04556655883789
bg_0076,background,chr1,116286500,116286,uniform random atlas bin (seed 20260702),,1.0,0.7998966630234882,0.899948331511744,46.30207824707031
bg_0077,background,chr1,116543500,116543,uniform random atlas bin (seed 20260702),,1.0,0.792784766926017,0.8963923834630085,50.82351303100586
bg_0078,background,chr1,116766500,116766,uniform random atlas bin (seed 20260702),,1.0,0.6793614231674754,0.8396807115837377,49.8639030456543
bg_0079,background,chr1,120200500,120200,uniform random atlas bin (seed 20260702),,1.0,0.47070971878755585,0.735354859393778,23.69855308532715
bg_0080,background,chr1,120263500,120263,uniform random atlas bin (seed 20260702),,1.0,0.5173037958228992,0.7586518979114496,
bg_0081,background,chr1,120406500,120406,uniform random atlas bin (seed 20260702),,1.0,0.7365997422595131,0.8682998711297565,
bg_0082,background,chr1,120720500,120720,uniform random atlas bin (seed 20260702),,1.0,0.753118912506973,0.8765594562534865,30.7236270904541
bg_0083,background,chr1,121926500,121926,uniform random atlas bin (seed 20260702),,1.0,0.7634956836207991,0.8817478418103996,
bg_0084,background,chr1,126836500,126836,uniform random atlas bin (seed 20260702),,1.0,0.7634956836207991,0.8817478418103996,
bg_0085,background,chr1,129137500,129137,uniform random atlas bin (seed 20260702),,1.0,0.7634956836207991,0.8817478418103996,
bg_0086,background,chr1,129279500,129279,uniform random atlas bin (seed 20260702),,1.0,0.7634956836207991,0.8817478418103996,
bg_0087,background,chr1,129947500,129947,uniform random atlas bin (seed 20260702),,1.0,0.7634956836207991,0.8817478418103996,
bg_0088,background,chr1,130010500,130010,uniform random atlas bin (seed 20260702),,1.0,0.7634956836207991,0.8817478418103996,
bg_0089,background,chr1,130852500,130852,uniform random atlas bin (seed 20260702),,1.0,0.7634956836207991,0.8817478418103996,
bg_0090,background,chr1,131831500,131831,uniform random atlas bin (seed 20260702),,1.0,0.7634956836207991,0.8817478418103996,
bg_0091,background,chr1,133009500,133009,uniform random atlas bin (seed 20260702),,1.0,0.7634956836207991,0.8817478418103996,
bg_0092,background,chr1,133064500,133064,uniform random atlas bin (seed 20260702),,1.0,0.7634956836207991,0.8817478418103996,
bg_0093,background,chr1,133285500,133285,uniform random atlas bin (seed 20260702),,1.0,0.7634956836207991,0.8817478418103996,
bg_0094,background,chr1,136312500,136312,uniform random atlas bin (seed 20260702),,1.0,0.7634956836207991,0.8817478418103996,
bg_0095,background,chr1,136477500,136477,uniform random atlas bin (seed 20260702),,1.0,0.7634956836207991,0.8817478418103996,
bg_0096,background,chr1,136627500,136627,uniform random atlas bin (seed 20260702),,1.0,0.7634956836207991,0.8817478418103996,
bg_0097,background,chr1,136796500,136796,uniform random atlas bin (seed 20260702),,1.0,0.7634956836207991,0.8817478418103996,
bg_0098,background,chr1,138328500,138328,uniform random atlas bin (seed 20260702),,1.0,0.7634956836207991,0.8817478418103996,
bg_0099,background,chr1,138775500,138775,uniform random atlas bin (seed 20260702),,1.0,0.7634956836207991,0.8817478418103996,
bg_0100,background,chr1,139691500,139691,uniform random atlas bin (seed 20260702),,1.0,0.7634956836207991,0.8817478418103996,
bg_0101,background,chr1,142984500,142984,uniform random atlas bin (seed 20260702),,1.0,0.7634956836207991,0.8817478418103996,
bg_0102,background,chr1,145070500,145070,uniform random atlas bin (seed 20260702),,1.0,0.7634956836207991,0.8817478418103996,
bg_0103,background,chr1,146808500,146808,uniform random atlas bin (seed 20260702),,1.0,0.42429650103533356,0.7121482505176668,25.302249908447266
bg_0104,background,chr1,146987500,146987,uniform random atlas bin (seed 20260702),,1.0,0.8212409452034058,0.9106204726017029,
bg_0105,background,chr1,148642500,148642,uniform random atlas bin (seed 20260702),,1.0,0.7634956836207991,0.8817478418103996,
bg_0106,background,chr1,151074500,151074,uniform random atlas bin (seed 20260702),,1.0,0.8511167668330741,0.9255583834165371,48.70151901245117
bg_0107,background,chr1,151883500,151883,uniform random atlas bin (seed 20260702),,1.0,0.8776261914436747,0.9388130957218374,46.097206115722656
bg_0108,background,chr1,153972500,153972,uniform random atlas bin (seed 20260702),,1.0,0.8301466419491674,0.9150733209745837,49.91122817993164
bg_0109,background,chr1,154128500,154128,uniform random atlas bin (seed 20260702),,1.0,0.7750204641004164,0.8875102320502082,48.19483947753906
bg_0110,background,chr1,155476500,155476,uniform random atlas bin (seed 20260702),,1.0,0.8825661553109092,0.9412830776554546,51.97116470336914
bg_0111,background,chr1,155555500,155555,uniform random atlas bin (seed 20260702),,1.0,0.8093669527187038,0.9046834763593519,51.13261795043945
bg_0112,background,chr1,159890500,159890,uniform random atlas bin (seed 20260702),,1.0,0.8264530419743357,0.9132265209871678,52.43693161010742
bg_0113,background,chr1,160814500,160814,uniform random atlas bin (seed 20260702),,1.0,0.6771400064452457,0.8385700032226229,41.46391296386719
bg_0114,background,chr1,161048500,161048,uniform random atlas bin (seed 20260702),,1.0,0.7152846170162812,0.8576423085081406,46.841835021972656
bg_0115,background,chr1,162725500,162725,uniform random atlas bin (seed 20260702),,0.0,0.7810159105326839,0.39050795526634197,43.49568557739258
bg_0116,background,chr1,163978500,163978,uniform random atlas bin (seed 20260702),,1.0,0.7831571625967825,0.8915785812983912,20.868839263916016
bg_0117,background,chr1,166532500,166532,uniform random atlas bin (seed 20260702),,1.0,0.7548227212469427,0.8774113606234714,29.21512985229492
bg_0118,background,chr1,167437500,167437,uniform random atlas bin (seed 20260702),,1.0,0.7093175729091417,0.8546587864545708,48.68138885498047
bg_0119,background,chr1,167820500,167820,uniform random atlas bin (seed 20260702),,1.0,0.9234050924896197,0.9617025462448099,54.960693359375
bg_0120,background,chr1,168814500,168814,uniform random atlas bin (seed 20260702),,1.0,0.8065698001764675,0.9032849000882337,42.51762771606445
bg_0121,background,chr1,169699500,169699,uniform random atlas bin (seed 20260702),,1.0,0.7838082186865644,0.8919041093432822,44.57760238647461
bg_0122,background,chr1,173094500,173094,uniform random atlas bin (seed 20260702),,1.0,0.7577302864991761,0.878865143249588,41.92351531982422
bg_0123,background,chr1,177174500,177174,uniform random atlas bin (seed 20260702),,1.0,0.6241385022785457,0.8120692511392729,31.29401969909668
bg_0124,background,chr1,178057500,178057,uniform random atlas bin (seed 20260702),,1.0,0.674445397662838,0.837222698831419,41.8392333984375
bg_0125,background,chr1,178225500,178225,uniform random atlas bin (seed 20260702),,1.0,0.7776437955340612,0.8888218977670306,29.40761375427246
bg_0126,background,chr1,179094500,179094,uniform random atlas bin (seed 20260702),,1.0,0.6868767748676061,0.8434383874338031,48.17757797241211
bg_0127,background,chr1,179388500,179388,uniform random atlas bin (seed 20260702),,1.0,0.7824893180683337,0.8912446590341668,42.05311965942383
bg_0128,background,chr1,179846500,179846,uniform random atlas bin (seed 20260702),,1.0,0.6846583002171791,0.8423291501085896,40.820045471191406
bg_0129,background,chr1,180367500,180367,uniform random atlas bin (seed 20260702),,1.0,0.7304897718148695,0.8652448859074348,47.762393951416016
bg_0130,background,chr1,181125500,181125,uniform random atlas bin (seed 20260702),,1.0,0.7201658275923133,0.8600829137961566,50.30970764160156
bg_0131,background,chr1,182687500,182687,uniform random atlas bin (seed 20260702),,1.0,0.6518559064207021,0.8259279532103511,43.32304000854492
bg_0132,background,chr1,184279500,184279,uniform random atlas bin (seed 20260702),,1.0,0.7030392411670275,0.8515196205835138,41.33678436279297
bg_0133,background,chr1,184577500,184577,uniform random atlas bin (seed 20260702),,1.0,0.7513628638513268,0.8756814319256634,42.12731552124024
bg_0134,background,chr1,185478500,185478,uniform random atlas bin (seed 20260702),,1.0,0.7837325782963893,0.8918662891481947,46.35591125488281
bg_0135,background,chr1,188001500,188001,uniform random atlas bin (seed 20260702),,1.0,0.7997002447437906,0.8998501223718953,32.20267105102539
bg_0136,background,chr1,189528500,189528,uniform random atlas bin (seed 20260702),,1.0,0.7872088196887995,0.8936044098443998,38.26152038574219
bg_0137,background,chr1,190141500,190141,uniform random atlas bin (seed 20260702),,1.0,0.5595798388237689,0.7797899194118845,24.34555435180664
bg_0138,background,chr1,191389500,191389,uniform random atlas bin (seed 20260702),,1.0,0.7495905611489664,0.8747952805744832,23.64912796020508
bg_0139,background,chr1,192551500,192551,uniform random atlas bin (seed 20260702),,1.0,0.8180246858225613,0.9090123429112806,29.53963851928711
bg_0140,background,chr1,193003500,193003,uniform random atlas bin (seed 20260702),,1.0,0.7191382599016992,0.8595691299508497,49.02566909790039
bg_0141,background,chr1,194395500,194395,uniform random atlas bin (seed 20260702),,1.0,0.720846611854944,0.860423305927472,36.15743637084961
bg_0142,background,chr1,194624500,194624,uniform random atlas bin (seed 20260702),,1.0,0.7040756965528251,0.8520378482764126,37.16845703125
bg_0143,background,chr1,195439500,195439,uniform random atlas bin (seed 20260702),,1.0,0.6721633769165601,0.83608168845828,22.803016662597656
bg_0144,background,chr1,196110500,196110,uniform random atlas bin (seed 20260702),,1.0,0.7635909432147461,0.881795471607373,44.40549850463867
bg_0145,background,chr1,197082500,197082,uniform random atlas bin (seed 20260702),,1.0,0.9544008945630976,0.9772004472815488,40.695838928222656
bg_0146,background,chr1,198020500,198020,uniform random atlas bin (seed 20260702),,1.0,0.7385622855389287,0.8692811427694643,46.59100341796875
bg_0147,background,chr1,199127500,199127,uniform random atlas bin (seed 20260702),,1.0,0.6244797921983269,0.8122398960991635,23.78605461120605
bg_0148,background,chr1,199355500,199355,uniform random atlas bin (seed 20260702),,1.0,0.8035636647463464,0.9017818323731732,24.08957290649414
bg_0149,background,chr1,199510500,199510,uniform random atlas bin (seed 20260702),,1.0,0.5058901444581134,0.7529450722290567,27.068803787231445
bg_0150,background,chr1,200974500,200974,uniform random atlas bin (seed 20260702),,1.0,0.5115908025076633,0.7557954012538317,45.010440826416016
bg_0151,background,chr1,203022500,203022,uniform random atlas bin (seed 20260702),,1.0,0.8119208173927155,0.9059604086963577,50.11488723754883
bg_0152,background,chr1,206710500,206710,uniform random atlas bin (seed 20260702),,1.0,0.8643884985944553,0.9321942492972277,52.03170776367188
bg_0153,background,chr1,207096500,207096,uniform random atlas bin (seed 20260702),,1.0,0.8371520750859651,0.9185760375429826,47.80664443969727
bg_0154,background,chr1,208854500,208854,uniform random atlas bin (seed 20260702),,1.0,0.5701226739158269,0.7850613369579135,23.392316818237305
bg_0155,background,chr1,208873500,208873,uniform random atlas bin (seed 20260702),,1.0,0.8465103980436891,0.9232551990218445,26.61492156982422
bg_0156,background,chr1,209339500,209339,uniform random atlas bin (seed 20260702),,1.0,0.6468650077784273,0.8234325038892136,38.02084732055664
bg_0157,background,chr1,211182500,211182,uniform random atlas bin (seed 20260702),,1.0,0.739687523617333,0.8698437618086665,48.23013687133789
bg_0158,background,chr1,212013500,212013,uniform random atlas bin (seed 20260702),,1.0,0.8465799477910256,0.9232899738955128,49.4415397644043
bg_0159,background,chr1,212410500,212410,uniform random atlas bin (seed 20260702),,1.0,0.7157450676899337,0.8578725338449669,49.131107330322266
bg_0160,background,chr1,213607500,213607,uniform random atlas bin (seed 20260702),,1.0,0.7003462947070287,0.8501731473535143,50.06806564331055
bg_0161,background,chr1,214301500,214301,uniform random atlas bin (seed 20260702),,1.0,0.7068829569026652,0.8534414784513327,47.605228424072266
bg_0162,background,chr1,215761500,215761,uniform random atlas bin (seed 20260702),,1.0,0.55621492541522,0.77810746270761,27.49187469482422
bg_0163,background,chr1,219791500,219791,uniform random atlas bin (seed 20260702),,1.0,0.8141177232334307,0.9070588616167153,40.53375625610352
bg_0164,background,chr1,219799500,219799,uniform random atlas bin (seed 20260702),,1.0,0.7488127015909598,0.8744063507954799,40.46927261352539
bg_0165,background,chr1,220505500,220505,uniform random atlas bin (seed 20260702),,1.0,0.7869176501588689,0.8934588250794344,42.93356704711914
bg_0166,background,chr1,220698500,220698,uniform random atlas bin (seed 20260702),,1.0,0.8719740141946605,0.9359870070973302,37.86533737182617
bg_0167,background,chr1,221536500,221536,uniform random atlas bin (seed 20260702),,1.0,0.7031002525636654,0.8515501262818327,42.2578353881836
bg_0168,background,chr1,221637500,221637,uniform random atlas bin (seed 20260702),,1.0,0.5517691556163402,0.7758845778081701,49.37380599975586
bg_0169,background,chr1,222173500,222173,uniform random atlas bin (seed 20260702),,1.0,0.8238525929548279,0.911926296477414,22.43247604370117
bg_0170,background,chr1,228004500,228004,uniform random atlas bin (seed 20260702),,1.0,0.7879860030970334,0.8939930015485167,42.33737182617188
bg_0171,background,chr1,228279500,228279,uniform random atlas bin (seed 20260702),,1.0,0.8270663867471679,0.913533193373584,48.90645599365234
bg_0172,background,chr1,228384500,228384,uniform random atlas bin (seed 20260702),,1.0,0.7036850284165734,0.8518425142082867,50.986087799072266
bg_0173,background,chr1,229480500,229480,uniform random atlas bin (seed 20260702),,1.0,0.8752432314582976,0.9376216157291488,49.7547492980957
bg_0174,background,chr1,232256500,232256,uniform random atlas bin (seed 20260702),,1.0,0.7558716150524496,0.8779358075262248,31.868127822875977
bg_0175,background,chr1,234172500,234172,uniform random atlas bin (seed 20260702),,1.0,0.7590920651574122,0.8795460325787061,39.394927978515625
bg_0176,background,chr1,234797500,234797,uniform random atlas bin (seed 20260702),,1.0,0.4356643184892234,0.7178321592446117,29.77147102355957
bg_0177,background,chr1,236609500,236609,uniform random atlas bin (seed 20260702),,1.0,0.7684365385165219,0.884218269258261,46.27494430541992
bg_0178,background,chr1,236999500,236999,uniform random atlas bin (seed 20260702),,1.0,0.6713312477790809,0.8356656238895405,41.64705657958984
bg_0179,background,chr1,237538500,237538,uniform random atlas bin (seed 20260702),,1.0,0.7162379810063131,0.8581189905031565,28.029417037963867
bg_0180,background,chr1,238339500,238339,uniform random atlas bin (seed 20260702),,1.0,0.7914578843832354,0.8957289421916177,22.01115608215332
bg_0181,background,chr1,239302500,239302,uniform random atlas bin (seed 20260702),,1.0,0.8155565096896851,0.9077782548448425,20.810237884521484
bg_0182,background,chr1,240837500,240837,uniform random atlas bin (seed 20260702),,1.0,0.6813846797758647,0.8406923398879323,22.471466064453125
bg_0183,background,chr1,242254500,242254,uniform random atlas bin (seed 20260702),,1.0,0.86575682520573,0.9328784126028651,26.816930770874023
bg_0184,background,chr1,244712500,244712,uniform random atlas bin (seed 20260702),,1.0,0.8820104327882496,0.9410052163941248,41.52548599243164
bg_0185,background,chr2,1749500,1749,uniform random atlas bin (seed 20260702),,1.0,0.7235608436242219,0.861780421812111,36.801700592041016
bg_0186,background,chr2,2692500,2692,uniform random atlas bin (seed 20260702),,1.0,0.7241875515472791,0.8620937757736395,37.47680282592773
bg_0187,background,chr2,3742500,3742,uniform random atlas bin (seed 20260702),,1.0,0.8060022669698814,0.9030011334849407,40.51749038696289
bg_0188,background,chr2,7528500,7528,uniform random atlas bin (seed 20260702),,1.0,0.6779620259532867,0.8389810129766433,29.5390739440918
bg_0189,background,chr2,10971500,10971,uniform random atlas bin (seed 20260702),,1.0,0.7485650408633697,0.8742825204316849,38.39823913574219
bg_0190,background,chr2,12735500,12735,uniform random atlas bin (seed 20260702),,1.0,0.6886995447266836,0.8443497723633417,45.10075378417969
bg_0191,background,chr2,13474500,13474,uniform random atlas bin (seed 20260702),,1.0,0.7316574513363716,0.8658287256681858,22.16958236694336
bg_0192,background,chr2,14435500,14435,uniform random atlas bin (seed 20260702),,1.0,0.7115918973858351,0.8557959486929175,24.709102630615234
bg_0193,background,chr2,15805500,15805,uniform random atlas bin (seed 20260702),,1.0,0.7330939809887609,0.8665469904943804,39.56959533691406
bg_0194,background,chr2,17365500,17365,uniform random atlas bin (seed 20260702),,1.0,0.5218255404930903,0.7609127702465451,33.66237258911133
bg_0195,background,chr2,19212500,19212,uniform random atlas bin (seed 20260702),,1.0,0.8868756443936701,0.943437822196835,32.86286163330078
bg_0196,background,chr2,26140500,26140,uniform random atlas bin (seed 20260702),,1.0,0.8224653300148916,0.9112326650074458,50.741302490234375
bg_0197,background,chr2,28066500,28066,uniform random atlas bin (seed 20260702),,1.0,0.7889764116228839,0.894488205811442,46.2938346862793
bg_0198,background,chr2,29851500,29851,uniform random atlas bin (seed 20260702),,0.0,0.4689758134542834,0.2344879067271417,34.466739654541016
bg_0199,background,chr2,31014500,31014,uniform random atlas bin (seed 20260702),,1.0,0.6263380064892299,0.8131690032446149,34.59268569946289
bg_0200,background,chr2,32415500,32415,uniform random atlas bin (seed 20260702),,1.0,0.7180624014488743,0.8590312007244372,48.28357696533203
bg_0201,background,chr2,33306500,33306,uniform random atlas bin (seed 20260702),,1.0,0.6972225317194221,0.848611265859711,46.96688461303711
bg_0202,background,chr2,35658500,35658,uniform random atlas bin (seed 20260702),,1.0,0.6950802155458746,0.8475401077729373,27.126955032348636
bg_0203,background,chr2,38887500,38887,uniform random atlas bin (seed 20260702),,1.0,0.8419666202768568,0.9209833101384284,50.03097915649414
bg_0204,background,chr2,40101500,40101,uniform random atlas bin (seed 20260702),,1.0,0.7726048762145837,0.8863024381072919,23.34388542175293
bg_0205,background,chr2,42250500,42250,uniform random atlas bin (seed 20260702),,1.0,0.8501866558408063,0.9250933279204032,50.496376037597656
bg_0206,background,chr2,43603500,43603,uniform random atlas bin (seed 20260702),,1.0,0.8372815214081326,0.9186407607040663,47.06068801879883
bg_0207,background,chr2,45511500,45511,uniform random atlas bin (seed 20260702),,1.0,0.6649432915564131,0.8324716457782065,45.88022994995117
bg_0208,background,chr2,47434500,47434,uniform random atlas bin (seed 20260702),,1.0,0.9500965663135648,0.9750482831567824,45.62788772583008
bg_0209,background,chr2,50642500,50642,uniform random atlas bin (seed 20260702),,1.0,0.8007352455404824,0.9003676227702412,21.22115135192871
bg_0210,background,chr2,52725500,52725,uniform random atlas bin (seed 20260702),,1.0,0.7474270227216713,0.8737135113608356,27.73010635375977
bg_0211,background,chr2,53044500,53044,uniform random atlas bin (seed 20260702),,1.0,0.6541260519830387,0.8270630259915194,27.11688995361328
bg_0212,background,chr2,58272500,58272,uniform random atlas bin (seed 20260702),,1.0,0.8146348939001687,0.9073174469500844,45.44657516479492
bg_0213,background,chr2,63289500,63289,uniform random atlas bin (seed 20260702),,1.0,0.8077589142657351,0.9038794571328675,38.40582275390625
bg_0214,background,chr2,64667500,64667,uniform random atlas bin (seed 20260702),,1.0,0.7635732066025038,0.8817866033012519,49.45565414428711
bg_0215,background,chr2,65046500,65046,uniform random atlas bin (seed 20260702),,1.0,0.7423346620556992,0.8711673310278496,45.71628952026367
bg_0216,background,chr2,65989500,65989,uniform random atlas bin (seed 20260702),,1.0,0.6308540958347066,0.8154270479173533,39.60873031616211
bg_0217,background,chr2,66099500,66099,uniform random atlas bin (seed 20260702),,1.0,0.6889264891879187,0.8444632445939593,32.765384674072266
bg_0218,background,chr2,66505500,66505,uniform random atlas bin (seed 20260702),,1.0,0.7544009587142575,0.8772004793571287,46.41270065307617
bg_0219,background,chr2,66997500,66997,uniform random atlas bin (seed 20260702),,1.0,0.7725029007088343,0.8862514503544172,31.33656883239746
bg_0220,background,chr2,68284500,68284,uniform random atlas bin (seed 20260702),,1.0,0.6494310265991627,0.8247155132995814,55.79835510253906
bg_0221,background,chr2,69615500,69615,uniform random atlas bin (seed 20260702),,1.0,0.7905970722972762,0.8952985361486381,50.913848876953125
bg_0222,background,chr2,70124500,70124,uniform random atlas bin (seed 20260702),,1.0,0.9793377877282038,0.9896688938641018,53.84606552124024
bg_0223,background,chr2,70233500,70233,uniform random atlas bin (seed 20260702),,1.0,0.7188737716569529,0.8594368858284764,46.48274993896485
bg_0224,background,chr2,70976500,70976,uniform random atlas bin (seed 20260702),,1.0,0.8942428147956594,0.9471214073978297,53.17457580566406
bg_0225,background,chr2,72006500,72006,uniform random atlas bin (seed 20260702),,1.0,0.8214919692459024,0.9107459846229512,39.33926010131836
bg_0226,background,chr2,72321500,72321,uniform random atlas bin (seed 20260702),,1.0,0.5353144099957698,0.7676572049978849,42.85782241821289
bg_0227,background,chr2,73391500,73391,uniform random atlas bin (seed 20260702),,1.0,0.8774655211070431,0.9387327605535216,49.22942733764648
bg_0228,background,chr2,73698500,73698,uniform random atlas bin (seed 20260702),,1.0,0.7361464932802043,0.8680732466401022,44.95505142211914
bg_0229,background,chr2,74254500,74254,uniform random atlas bin (seed 20260702),,1.0,0.7788589813782733,0.8894294906891367,41.91085815429688
bg_0230,background,chr2,74403500,74403,uniform random atlas bin (seed 20260702),,1.0,0.6855438692616963,0.8427719346308482,47.74897003173828
bg_0231,background,chr2,74601500,74601,uniform random atlas bin (seed 20260702),,1.0,0.767099950664657,0.8835499753323285,49.06464385986328
bg_0232,background,chr2,79568500,79568,uniform random atlas bin (seed 20260702),,1.0,0.6790748775112232,0.8395374387556116,23.64408493041992
bg_0233,background,chr2,80534500,80534,uniform random atlas bin (seed 20260702),,1.0,0.34381829147652576,0.6719091457382629,30.889461517333984
bg_0234,background,chr2,81134500,81134,uniform random atlas bin (seed 20260702),,1.0,0.8362944469917054,0.9181472234958528,23.784337997436523
bg_0235,background,chr2,81815500,81815,uniform random atlas bin (seed 20260702),,1.0,0.7475472599188253,0.8737736299594127,20.12177848815918
bg_0236,background,chr2,82846500,82846,uniform random atlas bin (seed 20260702),,0.0,0.6946556687766523,0.34732783438832615,27.94048118591309
bg_0237,background,chr2,83634500,83634,uniform random atlas bin (seed 20260702),,1.0,0.7264477246367225,0.8632238623183612,29.21326065063477
bg_0238,background,chr2,84590500,84590,uniform random atlas bin (seed 20260702),,1.0,0.6043447316324202,0.8021723658162101,38.78341293334961
bg_0239,background,chr2,88125500,88125,uniform random atlas bin (seed 20260702),,1.0,0.713972659848043,0.8569863299240215,38.326358795166016
bg_0240,background,chr2,89399500,89399,uniform random atlas bin (seed 20260702),,1.0,0.7634956836207991,0.8817478418103996,
bg_0241,background,chr2,89451500,89451,uniform random atlas bin (seed 20260702),,1.0,0.7634956836207991,0.8817478418103996,
bg_0242,background,chr2,90486500,90486,uniform random atlas bin (seed 20260702),,1.0,0.7634956836207991,0.8817478418103996,
bg_0243,background,chr2,91977500,91977,uniform random atlas bin (seed 20260702),,1.0,0.7823147568263886,0.8911573784131943,
bg_0244,background,chr2,92600500,92600,uniform random atlas bin (seed 20260702),,1.0,0.7634956836207991,0.8817478418103996,
bg_0245,background,chr2,93947500,93947,uniform random atlas bin (seed 20260702),,1.0,0.7634956836207991,0.8817478418103996,
bg_0246,background,chr2,95080500,95080,uniform random atlas bin (seed 20260702),,1.0,0.6921217769954856,0.8460608884977427,44.366943359375
bg_0247,background,chr2,95296500,95296,uniform random atlas bin (seed 20260702),,1.0,0.5458677615316014,0.7729338807658007,34.45867919921875
bg_0248,background,chr2,95638500,95638,uniform random atlas bin (seed 20260702),,1.0,0.7634956836207991,0.8817478418103996,
bg_0249,background,chr2,95698500,95698,uniform random atlas bin (seed 20260702),,1.0,0.6024970413816606,0.8012485206908303,38.05974960327149
bg_0250,background,chr2,96199500,96199,uniform random atlas bin (seed 20260702),,1.0,0.8587050597695434,0.9293525298847717,51.678619384765625
bg_0251,background,chr2,97492500,97492,uniform random atlas bin (seed 20260702),,1.0,0.7634956836207991,0.8817478418103996,
bg_0252,background,chr2,97858500,97858,uniform random atlas bin (seed 20260702),,1.0,0.6428363060652809,0.8214181530326404,46.48491287231445
bg_0253,background,chr2,98731500,98731,uniform random atlas bin (seed 20260702),,1.0,0.8423737366623039,0.9211868683311519,42.8575553894043
bg_0254,background,chr2,98874500,98874,uniform random atlas bin (seed 20260702),,1.0,0.6608851407030241,0.830442570351512,40.89192962646485
bg_0255,background,chr2,101926500,101926,uniform random atlas bin (seed 20260702),,1.0,0.7299276540839836,0.8649638270419918,34.84794235229492
bg_0256,background,chr2,102953500,102953,uniform random atlas bin (seed 20260702),,1.0,0.5428095519837413,0.7714047759918706,48.05380630493164
bg_0257,background,chr2,105211500,105211,uniform random atlas bin (seed 20260702),,1.0,0.6028344032967126,0.8014172016483563,23.925945281982425
bg_0258,background,chr2,108491500,108491,uniform random atlas bin (seed 20260702),,1.0,0.7789689438043109,0.8894844719021555,47.26588821411133
bg_0259,background,chr2,110703500,110703,uniform random atlas bin (seed 20260702),,1.0,0.7926437503712758,0.8963218751856379,50.27460479736328
bg_0260,background,chr2,111877500,111877,uniform random atlas bin (seed 20260702),,1.0,0.6118633775971452,0.8059316887985726,41.954715728759766
bg_0261,background,chr2,118985500,118985,uniform random atlas bin (seed 20260702),,1.0,0.6827582371769695,0.8413791185884847,32.88316345214844
bg_0262,background,chr2,119246500,119246,uniform random atlas bin (seed 20260702),,1.0,0.8475462830762015,0.9237731415381008,50.6758918762207
bg_0263,background,chr2,122261500,122261,uniform random atlas bin (seed 20260702),,1.0,0.693185572774652,0.8465927863873259,39.2589111328125
bg_0264,background,chr2,124307500,124307,uniform random atlas bin (seed 20260702),,1.0,0.7517570502587659,0.875878525129383,22.773212432861328
bg_0265,background,chr2,128160500,128160,uniform random atlas bin (seed 20260702),,1.0,0.7875798851666019,0.8937899425833009,41.66916275024414
bg_0266,background,chr2,128985500,128985,uniform random atlas bin (seed 20260702),,1.0,0.6076907043831753,0.8038453521915876,38.64739608764648
bg_0267,background,chr2,130715500,130715,uniform random atlas bin (seed 20260702),,1.0,0.7634956836207991,0.8817478418103996,
bg_0268,background,chr2,131085500,131085,uniform random atlas bin (seed 20260702),,1.0,0.8298461161808027,0.9149230580904013,49.1994743347168
bg_0269,background,chr2,131936500,131936,uniform random atlas bin (seed 20260702),,1.0,0.44927691642394896,0.7246384582119745,30.50055694580078
bg_0270,background,chr2,132446500,132446,uniform random atlas bin (seed 20260702),,1.0,0.5121310994054565,0.7560655497027282,40.48316955566406
bg_0271,background,chr2,132828500,132828,uniform random atlas bin (seed 20260702),,1.0,0.45949013766249525,0.7297450688312477,31.85790061950684
bg_0272,background,chr2,135484500,135484,uniform random atlas bin (seed 20260702),,1.0,0.7743307912943861,0.887165395647193,38.08969497680664
bg_0273,background,chr2,135930500,135930,uniform random atlas bin (seed 20260702),,1.0,0.8024666761458601,0.90123333807293,46.32249069213867
bg_0274,background,chr2,139481500,139481,uniform random atlas bin (seed 20260702),,1.0,0.6783744742059118,0.8391872371029558,29.134641647338867
bg_0275,background,chr2,141946500,141946,uniform random atlas bin (seed 20260702),,1.0,0.7951222576907102,0.8975611288453551,22.46094512939453
bg_0276,background,chr2,143390500,143390,uniform random atlas bin (seed 20260702),,1.0,0.644259797945294,0.822129898972647,37.47982025146485
bg_0277,background,chr2,144909500,144909,uniform random atlas bin (seed 20260702),,1.0,0.7528410265785287,0.8764205132892644,47.41156005859375
bg_0278,background,chr2,145200500,145200,uniform random atlas bin (seed 20260702),,1.0,0.7424912390952165,0.8712456195476083,51.165130615234375
bg_0279,background,chr2,145698500,145698,uniform random atlas bin (seed 20260702),,1.0,0.8073556644930555,0.9036778322465278,45.67402648925781
bg_0280,background,chr2,147356500,147356,uniform random atlas bin (seed 20260702),,0.0,0.874576328767368,0.437288164383684,23.22530746459961
bg_0281,background,chr2,148672500,148672,uniform random atlas bin (seed 20260702),,1.0,0.6584162372648168,0.8292081186324084,48.18991470336914
bg_0282,background,chr2,148917500,148917,uniform random atlas bin (seed 20260702),,1.0,0.5722167081845294,0.7861083540922646,47.2422981262207
bg_0283,background,chr2,154139500,154139,uniform random atlas bin (seed 20260702),,1.0,0.8041559039905252,0.9020779519952626,23.42786407470703
bg_0284,background,chr2,154753500,154753,uniform random atlas bin (seed 20260702),,1.0,0.7412446330402882,0.8706223165201441,27.46624755859375
bg_0285,background,chr2,155632500,155632,uniform random atlas bin (seed 20260702),,1.0,0.6002247492332444,0.8001123746166222,27.38215446472168
bg_0286,background,chr2,156977500,156977,uniform random atlas bin (seed 20260702),,1.0,0.894368346608361,0.9471841733041805,39.47990417480469
bg_0287,background,chr2,157371500,157371,uniform random atlas bin (seed 20260702),,1.0,0.36491274298674714,0.6824563714933736,33.87322998046875
bg_0288,background,chr2,158969500,158969,uniform random atlas bin (seed 20260702),,1.0,0.7234100755234645,0.8617050377617322,40.08662414550781
bg_0289,background,chr2,160905500,160905,uniform random atlas bin (seed 20260702),,1.0,0.6396412017915685,0.8198206008957842,24.27172470092773
bg_0290,background,chr2,160998500,160998,uniform random atlas bin (seed 20260702),,1.0,0.5105133006254942,0.7552566503127471,
bg_0291,background,chr2,161107500,161107,uniform random atlas bin (seed 20260702),,1.0,0.6644072712673175,0.8322036356336587,40.96467971801758
bg_0292,background,chr2,165033500,165033,uniform random atlas bin (seed 20260702),,1.0,0.5889272314312586,0.7944636157156293,23.69172477722168
bg_0293,background,chr2,166690500,166690,uniform random atlas bin (seed 20260702),,1.0,0.45346068313024235,0.7267303415651212,30.95882797241211
bg_0294,background,chr2,170146500,170146,uniform random atlas bin (seed 20260702),,1.0,0.7925485065138793,0.8962742532569397,51.08483505249024
bg_0295,background,chr2,173483500,173483,uniform random atlas bin (seed 20260702),,1.0,0.7712627230228559,0.885631361511428,39.670894622802734
bg_0296,background,chr2,174997500,174997,uniform random atlas bin (seed 20260702),,1.0,0.7618343119554861,0.8809171559777431,40.89108657836914
bg_0297,background,chr2,177015500,177015,uniform random atlas bin (seed 20260702),,1.0,0.7465547785907583,0.8732773892953791,44.158790588378906
bg_0298,background,chr2,177350500,177350,uniform random atlas bin (seed 20260702),,1.0,0.9333627928534252,0.9666813964267126,47.04049682617188
bg_0299,background,chr2,178281500,178281,uniform random atlas bin (seed 20260702),,1.0,0.858811627418975,0.9294058137094875,49.75625991821289
bg_0300,background,chr2,179845500,179845,uniform random atlas bin (seed 20260702),,1.0,0.796773997022212,0.8983869985111059,44.49060821533203
bg_0301,background,chr2,180415500,180415,uniform random atlas bin (seed 20260702),,1.0,0.7284976111362594,0.8642488055681297,23.51172637939453
bg_0302,background,chr2,181038500,181038,uniform random atlas bin (seed 20260702),,1.0,0.49609895667933224,0.7480494783396661,46.727027893066406
bg_0303,background,chr2,181405500,181405,uniform random atlas bin (seed 20260702),,1.0,0.7068188573208891,0.8534094286604446,33.40577697753906
bg_0304,background,chr2,182722500,182722,uniform random atlas bin (seed 20260702),,1.0,0.8927675021954875,0.9463837510977438,46.526065826416016
bg_0305,background,chr2,182772500,182772,uniform random atlas bin (seed 20260702),,1.0,0.8120579730316192,0.9060289865158095,46.13987731933594
bg_0306,background,chr2,183870500,183870,uniform random atlas bin (seed 20260702),,1.0,0.8162890367842908,0.9081445183921454,22.293169021606445
bg_0307,background,chr2,194153500,194153,uniform random atlas bin (seed 20260702),,1.0,0.7290169165543192,0.8645084582771596,26.277496337890625
bg_0308,background,chr2,195909500,195909,uniform random atlas bin (seed 20260702),,1.0,0.7812463803575325,0.8906231901787662,43.45611190795898
bg_0309,background,chr2,197294500,197294,uniform random atlas bin (seed 20260702),,1.0,0.6578306150391151,0.8289153075195576,40.52849578857422
bg_0310,background,chr2,197812500,197812,uniform random atlas bin (seed 20260702),,1.0,0.7532538929357164,0.8766269464678582,55.791297912597656
bg_0311,background,chr2,197981500,197981,uniform random atlas bin (seed 20260702),,1.0,0.7811602799609585,0.8905801399804792,52.37305068969727
bg_0312,background,chr2,198017500,198017,uniform random atlas bin (seed 20260702),,1.0,0.8920458079904047,0.9460229039952024,51.37759017944336
bg_0313,background,chr2,203180500,203180,uniform random atlas bin (seed 20260702),,1.0,0.8209804790245421,0.910490239512271,44.08892440795898
bg_0314,background,chr2,203741500,203741,uniform random atlas bin (seed 20260702),,0.0,0.8185875155271777,0.40929375776358884,37.43463516235352
bg_0315,background,chr2,204018500,204018,uniform random atlas bin (seed 20260702),,1.0,0.6592146661775078,0.8296073330887539,35.34849548339844
bg_0316,background,chr2,205835500,205835,uniform random atlas bin (seed 20260702),,1.0,0.7057348632121503,0.8528674316060751,37.09256362915039
bg_0317,background,chr2,206661500,206661,uniform random atlas bin (seed 20260702),,1.0,0.6190135076717274,0.8095067538358637,35.9065055847168
bg_0318,background,chr2,207149500,207149,uniform random atlas bin (seed 20260702),,1.0,0.5969920638073014,0.7984960319036507,40.16798782348633
bg_0319,background,chr2,207373500,207373,uniform random atlas bin (seed 20260702),,1.0,0.8196236597906323,0.9098118298953162,42.77519989013672
bg_0320,background,chr2,207912500,207912,uniform random atlas bin (seed 20260702),,0.0,0.7402944424575832,0.3701472212287916,45.96684265136719
bg_0321,background,chr2,210708500,210708,uniform random atlas bin (seed 20260702),,1.0,0.532864402661182,0.766432201330591,26.07176780700684
bg_0322,background,chr2,210792500,210792,uniform random atlas bin (seed 20260702),,1.0,0.667935443278822,0.833967721639411,29.22903251647949
bg_0323,background,chr2,215864500,215864,uniform random atlas bin (seed 20260702),,1.0,0.6884734063819619,0.844236703190981,48.48382186889648
bg_0324,background,chr2,217398500,217398,uniform random atlas bin (seed 20260702),,1.0,0.7179470437651161,0.858973521882558,40.17537689208984
bg_0325,background,chr2,222972500,222972,uniform random atlas bin (seed 20260702),,1.0,0.6985785971932295,0.8492892985966147,47.66476821899414
bg_0326,background,chr2,223416500,223416,uniform random atlas bin (seed 20260702),,1.0,0.8475468088813852,0.9237734044406927,30.337623596191406
bg_0327,background,chr2,225304500,225304,uniform random atlas bin (seed 20260702),,1.0,0.7245202568910003,0.8622601284455002,31.068092346191406
bg_0328,background,chr2,227179500,227179,uniform random atlas bin (seed 20260702),,1.0,0.7353147986912454,0.8676573993456227,33.326419830322266
bg_0329,background,chr2,227658500,227658,uniform random atlas bin (seed 20260702),,1.0,0.6879516757706738,0.8439758378853369,41.60298538208008
bg_0330,background,chr2,230281500,230281,uniform random atlas bin (seed 20260702),,1.0,0.5787572730928507,0.7893786365464254,36.26143264770508
bg_0331,background,chr2,230922500,230922,uniform random atlas bin (seed 20260702),,1.0,0.5189846024959415,0.7594923012479707,45.69742584228516
bg_0332,background,chr2,231934500,231934,uniform random atlas bin (seed 20260702),,1.0,0.7281867080170605,0.8640933540085303,46.03891754150391
bg_0333,background,chr2,232591500,232591,uniform random atlas bin (seed 20260702),,1.0,0.7346095841202005,0.8673047920601002,44.58216094970703
bg_0334,background,chr2,233556500,233556,uniform random atlas bin (seed 20260702),,1.0,0.8404317175985936,0.9202158587992968,46.11108016967773
bg_0335,background,chr2,234015500,234015,uniform random atlas bin (seed 20260702),,1.0,0.6241547006218962,0.8120773503109481,36.09617233276367
bg_0336,background,chr2,234605500,234605,uniform random atlas bin (seed 20260702),,1.0,0.39520206515243816,0.6976010325762191,32.85818862915039
bg_0337,background,chr2,236545500,236545,uniform random atlas bin (seed 20260702),,1.0,0.7439047266341527,0.8719523633170764,27.626436233520508
bg_0338,background,chr2,237763500,237763,uniform random atlas bin (seed 20260702),,1.0,0.6225869226657552,0.8112934613328776,40.38240432739258
bg_0339,background,chr2,238818500,238818,uniform random atlas bin (seed 20260702),,1.0,0.7335213366837308,0.8667606683418654,32.5318489074707
bg_0340,background,chr2,239790500,239790,uniform random atlas bin (seed 20260702),,1.0,0.656459748487638,0.828229874243819,32.74010467529297
bg_0341,background,chr2,241051500,241051,uniform random atlas bin (seed 20260702),,1.0,0.6983494364669531,0.8491747182334766,35.87926483154297
bg_0342,background,chr3,2784500,2784,uniform random atlas bin (seed 20260702),,1.0,0.7949831674820809,0.8974915837410404,31.887130737304688
bg_0343,background,chr3,5944500,5944,uniform random atlas bin (seed 20260702),,0.0,0.7634223889264433,0.38171119446322166,32.80401611328125
bg_0344,background,chr3,7474500,7474,uniform random atlas bin (seed 20260702),,1.0,0.7305205067604845,0.8652602533802423,22.633281707763672
bg_0345,background,chr3,7984500,7984,uniform random atlas bin (seed 20260702),,1.0,0.8044826484272343,0.9022413242136171,21.48283195495605
bg_0346,background,chr3,8176500,8176,uniform random atlas bin (seed 20260702),,1.0,0.7434884552210499,0.871744227610525,26.587299346923828
bg_0347,background,chr3,8234500,8234,uniform random atlas bin (seed 20260702),,1.0,0.6665536496709931,0.8332768248354965,32.79533767700195
bg_0348,background,chr3,8759500,8759,uniform random atlas bin (seed 20260702),,1.0,0.7616547668301219,0.880827383415061,43.283164978027344
bg_0349,background,chr3,9827500,9827,uniform random atlas bin (seed 20260702),,1.0,0.7176065032124229,0.8588032516062114,48.41558456420898
bg_0350,background,chr3,10115500,10115,uniform random atlas bin (seed 20260702),,1.0,0.9909740814409371,0.9954870407204686,48.16146087646485
bg_0351,background,chr3,12729500,12729,uniform random atlas bin (seed 20260702),,1.0,0.7186446793097796,0.8593223396548898,47.25784683227539
bg_0352,background,chr3,12808500,12808,uniform random atlas bin (seed 20260702),,1.0,0.8410579914418246,0.9205289957209123,50.66122817993164
bg_0353,background,chr3,12925500,12925,uniform random atlas bin (seed 20260702),,1.0,0.7982442558130538,0.8991221279065269,46.60498428344727
bg_0354,background,chr3,15373500,15373,uniform random atlas bin (seed 20260702),,1.0,0.5622171777342508,0.7811085888671254,50.12861633300781
bg_0355,background,chr3,15912500,15912,uniform random atlas bin (seed 20260702),,1.0,0.642774172129627,0.8213870860648135,45.724876403808594
bg_0356,background,chr3,17993500,17993,uniform random atlas bin (seed 20260702),,1.0,0.5881178528336759,0.794058926416838,43.03821563720703
bg_0357,background,chr3,18262500,18262,uniform random atlas bin (seed 20260702),,1.0,0.7187343881875139,0.859367194093757,27.793216705322266
bg_0358,background,chr3,18422500,18422,uniform random atlas bin (seed 20260702),,1.0,0.5777426830243334,0.7888713415121666,44.14841079711914
bg_0359,background,chr3,19061500,19061,uniform random atlas bin (seed 20260702),,1.0,0.7877028895288098,0.8938514447644049,26.482322692871094
bg_0360,background,chr3,19736500,19736,uniform random atlas bin (seed 20260702),,1.0,0.7012280526393964,0.8506140263196982,36.43806457519531
bg_0361,background,chr3,19766500,19766,uniform random atlas bin (seed 20260702),,1.0,0.7684697759220714,0.8842348879610358,32.09862518310547
bg_0362,background,chr3,20301500,20301,uniform random atlas bin (seed 20260702),,1.0,0.77844213641036,0.88922106820518,46.23296356201172
bg_0363,background,chr3,20572500,20572,uniform random atlas bin (seed 20260702),,1.0,0.6205144911066279,0.8102572455533139,35.265167236328125
bg_0364,background,chr3,20824500,20824,uniform random atlas bin (seed 20260702),,1.0,0.794295727097392,0.897147863548696,47.02992630004883
bg_0365,background,chr3,23498500,23498,uniform random atlas bin (seed 20260702),,1.0,0.7286119556192122,0.864305977809606,24.736330032348636
bg_0366,background,chr3,24041500,24041,uniform random atlas bin (seed 20260702),,1.0,0.8048680182994071,0.9024340091497036,45.84697341918945
bg_0367,background,chr3,24412500,24412,uniform random atlas bin (seed 20260702),,1.0,0.7621740355747283,0.8810870177873642,50.22630310058594
bg_0368,background,chr3,24855500,24855,uniform random atlas bin (seed 20260702),,1.0,0.6939121796872219,0.8469560898436109,34.510128021240234
bg_0369,background,chr3,27571500,27571,uniform random atlas bin (seed 20260702),,1.0,0.6583459940763146,0.8291729970381573,33.83346176147461
bg_0370,background,chr3,28916500,28916,uniform random atlas bin (seed 20260702),,1.0,0.8074003166396825,0.9037001583198412,30.71508407592773
bg_0371,background,chr3,31953500,31953,uniform random atlas bin (seed 20260702),,1.0,0.5105806270495246,0.7552903135247623,41.349586486816406
bg_0372,background,chr3,33344500,33344,uniform random atlas bin (seed 20260702),,1.0,0.7007346862972224,0.8503673431486112,45.96676254272461
bg_0373,background,chr3,35463500,35463,uniform random atlas bin (seed 20260702),,1.0,0.6532201981719877,0.8266100990859939,22.1662540435791
bg_0374,background,chr3,36315500,36315,uniform random atlas bin (seed 20260702),,1.0,0.6756672438196452,0.8378336219098226,28.68610000610352
bg_0375,background,chr3,36610500,36610,uniform random atlas bin (seed 20260702),,1.0,0.7495108727753818,0.8747554363876908,34.18949890136719
bg_0376,background,chr3,36774500,36774,uniform random atlas bin (seed 20260702),,1.0,0.7070718578651551,0.8535359289325776,43.44132232666016
bg_0377,background,chr3,38328500,38328,uniform random atlas bin (seed 20260702),,1.0,0.8432183646286785,0.9216091823143393,50.88570785522461
bg_0378,background,chr3,39412500,39412,uniform random atlas bin (seed 20260702),,1.0,0.8321512412780632,0.9160756206390316,50.34409332275391
bg_0379,background,chr3,40912500,40912,uniform random atlas bin (seed 20260702),,1.0,0.5959636888960054,0.7979818444480027,45.66661834716797
bg_0380,background,chr3,44374500,44374,uniform random atlas bin (seed 20260702),,1.0,0.7581865550869249,0.8790932775434624,42.43059158325195
bg_0381,background,chr3,45919500,45919,uniform random atlas bin (seed 20260702),,1.0,0.7846792102382862,0.8923396051191431,46.31192398071289
bg_0382,background,chr3,46248500,46248,uniform random atlas bin (seed 20260702),,1.0,0.6042036135518134,0.8021018067759067,45.01483917236328
bg_0383,background,chr3,46817500,46817,uniform random atlas bin (seed 20260702),,1.0,0.7730070181330418,0.886503509066521,45.302005767822266
bg_0384,background,chr3,47830500,47830,uniform random atlas bin (seed 20260702),,1.0,0.8256721744941509,0.9128360872470754,49.58187484741211
bg_0385,background,chr3,48731500,48731,uniform random atlas bin (seed 20260702),,1.0,0.7464529217593924,0.8732264608796962,45.75762939453125
bg_0386,background,chr3,50130500,50130,uniform random atlas bin (seed 20260702),,1.0,0.5742830440569946,0.7871415220284973,39.92325973510742
bg_0387,background,chr3,51668500,51668,uniform random atlas bin (seed 20260702),,1.0,0.8567877496189664,0.9283938748094832,53.3051643371582
bg_0388,background,chr3,51823500,51823,uniform random atlas bin (seed 20260702),,1.0,0.6869942072284511,0.8434971036142256,37.150020599365234
bg_0389,background,chr3,55565500,55565,uniform random atlas bin (seed 20260702),,1.0,0.5456342729811181,0.772817136490559,35.42244338989258
bg_0390,background,chr3,57052500,57052,uniform random atlas bin (seed 20260702),,1.0,0.5236563836552303,0.7618281918276151,46.35820388793945
bg_0391,background,chr3,58684500,58684,uniform random atlas bin (seed 20260702),,1.0,0.7292887302818267,0.8646443651409134,42.91989517211914
bg_0392,background,chr3,60067500,60067,uniform random atlas bin (seed 20260702),,1.0,0.7878740266564438,0.8939370133282218,36.12681198120117
bg_0393,background,chr3,60805500,60805,uniform random atlas bin (seed 20260702),,1.0,0.7636125162183922,0.8818062581091961,39.42428970336914
bg_0394,background,chr3,62298500,62298,uniform random atlas bin (seed 20260702),,0.0,0.6946978246481452,0.3473489123240726,33.821754455566406
bg_0395,background,chr3,62381500,62381,uniform random atlas bin (seed 20260702),,1.0,0.6700421863109846,0.8350210931554922,32.08061981201172
bg_0396,background,chr3,65527500,65527,uniform random atlas bin (seed 20260702),,1.0,0.8891681349626273,0.9445840674813136,51.43300628662109
bg_0397,background,chr3,66126500,66126,uniform random atlas bin (seed 20260702),,1.0,0.6154564445288963,0.8077282222644482,34.474388122558594
bg_0398,background,chr3,67851500,67851,uniform random atlas bin (seed 20260702),,1.0,0.7932431301977474,0.8966215650988737,30.74657249450684
bg_0399,background,chr3,67886500,67886,uniform random atlas bin (seed 20260702),,1.0,0.8196993430641242,0.9098496715320621,26.95587158203125
bg_0400,background,chr3,68238500,68238,uniform random atlas bin (seed 20260702),,1.0,0.7250486986985966,0.8625243493492982,25.400583267211918
bg_0401,background,chr3,68869500,68869,uniform random atlas bin (seed 20260702),,1.0,0.731665218440811,0.8658326092204055,34.512081146240234
bg_0402,background,chr3,72593500,72593,uniform random atlas bin (seed 20260702),,1.0,0.840484416678029,0.9202422083390145,51.35649108886719
bg_0403,background,chr3,72606500,72606,uniform random atlas bin (seed 20260702),,1.0,0.741176321975245,0.8705881609876225,50.14125061035156
bg_0404,background,chr3,73099500,73099,uniform random atlas bin (seed 20260702),,1.0,0.6415327064956018,0.8207663532478009,43.95368194580078
bg_0405,background,chr3,74686500,74686,uniform random atlas bin (seed 20260702),,1.0,0.6913810647531721,0.845690532376586,31.934850692749023
bg_0406,background,chr3,79214500,79214,uniform random atlas bin (seed 20260702),,1.0,0.9084562169594881,0.954228108479744,23.91507148742676
bg_0407,background,chr3,79782500,79782,uniform random atlas bin (seed 20260702),,1.0,0.7462047158820233,0.8731023579410117,25.47103309631348
bg_0408,background,chr3,79986500,79986,uniform random atlas bin (seed 20260702),,1.0,0.7176620977228094,0.8588310488614047,28.519805908203125
bg_0409,background,chr3,80756500,80756,uniform random atlas bin (seed 20260702),,1.0,0.792554363023908,0.896277181511954,40.1747932434082
bg_0410,background,chr3,81018500,81018,uniform random atlas bin (seed 20260702),,1.0,0.7695116149523928,0.8847558074761964,23.01801109313965
bg_0411,background,chr3,81271500,81271,uniform random atlas bin (seed 20260702),,1.0,0.7778977754521168,0.8889488877260584,28.363529205322266
bg_0412,background,chr3,81446500,81446,uniform random atlas bin (seed 20260702),,1.0,0.8049539170234581,0.902476958511729,33.599098205566406
bg_0413,background,chr3,81551500,81551,uniform random atlas bin (seed 20260702),,1.0,0.7064078902702199,0.8532039451351099,46.808349609375
bg_0414,background,chr3,81951500,81951,uniform random atlas bin (seed 20260702),,1.0,0.6697654439667723,0.8348827219833861,33.90247344970703
bg_0415,background,chr3,82715500,82715,uniform random atlas bin (seed 20260702),,1.0,0.7328854389545114,0.8664427194772557,28.46940040588379
bg_0416,background,chr3,85570500,85570,uniform random atlas bin (seed 20260702),,1.0,0.6733306570201247,0.8366653285100624,34.04700469970703
bg_0417,background,chr3,86917500,86917,uniform random atlas bin (seed 20260702),,1.0,0.8962775972601886,0.9481387986300943,26.216583251953125
bg_0418,background,chr3,87175500,87175,uniform random atlas bin (seed 20260702),,1.0,0.7040520597582685,0.8520260298791342,35.6657829284668
bg_0419,background,chr3,88013500,88013,uniform random atlas bin (seed 20260702),,0.0,0.72813187516309,0.364065937581545,45.281009674072266
bg_0420,background,chr3,89046500,89046,uniform random atlas bin (seed 20260702),,1.0,0.9089913561403471,0.9544956780701735,29.76405143737793
bg_0421,background,chr3,89417500,89417,uniform random atlas bin (seed 20260702),,1.0,0.8676764477440749,0.9338382238720375,25.666040420532227
bg_0422,background,chr3,90689500,90689,uniform random atlas bin (seed 20260702),,1.0,0.7778403147742512,0.8889201573871256,
bg_0423,background,chr3,91733500,91733,uniform random atlas bin (seed 20260702),,1.0,0.611379879890537,0.8056899399452685,
bg_0424,background,chr3,91912500,91912,uniform random atlas bin (seed 20260702),,1.0,0.7634956836207991,0.8817478418103996,
bg_0425,background,chr3,92332500,92332,uniform random atlas bin (seed 20260702),,1.0,0.7634956836207991,0.8817478418103996,
bg_0426,background,chr3,96430500,96430,uniform random atlas bin (seed 20260702),,1.0,0.8935492725960814,0.9467746362980407,27.451229095458984
bg_0427,background,chr3,97804500,97804,uniform random atlas bin (seed 20260702),,1.0,0.817356604265822,0.908678302132911,33.25821304321289
bg_0428,background,chr3,103400500,103400,uniform random atlas bin (seed 20260702),,1.0,0.6690195389598628,0.8345097694799314,27.08641624450684
bg_0429,background,chr3,104245500,104245,uniform random atlas bin (seed 20260702),,1.0,0.8016299356825239,0.900814967841262,21.619220733642575
bg_0430,background,chr3,104540500,104540,uniform random atlas bin (seed 20260702),,1.0,0.8694366794034337,0.9347183397017169,25.512022018432617
bg_0431,background,chr3,107862500,107862,uniform random atlas bin (seed 20260702),,1.0,0.662386437912676,0.831193218956338,40.88735961914063
bg_0432,background,chr3,108705500,108705,uniform random atlas bin (seed 20260702),,1.0,0.6600726021145036,0.8300363010572518,28.84672737121582
bg_0433,background,chr3,109655500,109655,uniform random atlas bin (seed 20260702),,1.0,0.7093092572120849,0.8546546286060425,26.501564025878903
bg_0434,background,chr3,109687500,109687,uniform random atlas bin (seed 20260702),,1.0,0.5880609842157158,0.7940304921078579,28.683937072753903
bg_0435,background,chr3,110823500,110823,uniform random atlas bin (seed 20260702),,0.0,0.7442679576724427,0.37213397883622135,28.1657657623291
bg_0436,background,chr3,115038500,115038,uniform random atlas bin (seed 20260702),,1.0,0.7366621510907378,0.8683310755453689,34.65787124633789
bg_0437,background,chr3,120433500,120433,uniform random atlas bin (seed 20260702),,1.0,0.739199761898312,0.8695998809491561,39.81283187866211
bg_0438,background,chr3,122357500,122357,uniform random atlas bin (seed 20260702),,1.0,0.7201821704127547,0.8600910852063773,51.93452072143555
bg_0439,background,chr3,122630500,122630,uniform random atlas bin (seed 20260702),,1.0,0.7024088369137731,0.8512044184568865,43.003265380859375
bg_0440,background,chr3,122812500,122812,uniform random atlas bin (seed 20260702),,1.0,0.7564331369821671,0.8782165684910835,39.19715118408203
bg_0441,background,chr3,124107500,124107,uniform random atlas bin (seed 20260702),,1.0,0.8735714738524901,0.9367857369262451,36.24278259277344
bg_0442,background,chr3,125066500,125066,uniform random atlas bin (seed 20260702),,1.0,0.5778270540491214,0.7889135270245606,40.65225982666016
bg_0443,background,chr3,129739500,129739,uniform random atlas bin (seed 20260702),,1.0,0.6949150418155704,0.8474575209077853,46.94032669067383
bg_0444,background,chr3,129984500,129984,uniform random atlas bin (seed 20260702),,1.0,0.5930748788268025,0.7965374394134013,41.99645614624024
bg_0445,background,chr3,130757500,130757,uniform random atlas bin (seed 20260702),,1.0,0.9338197316995823,0.9669098658497912,51.0959587097168
bg_0446,background,chr3,131706500,131706,uniform random atlas bin (seed 20260702),,1.0,0.6970199464792475,0.8485099732396237,33.84254837036133
bg_0447,background,chr3,131772500,131772,uniform random atlas bin (seed 20260702),,1.0,0.4604789382115113,0.7302394691057557,35.65571212768555
bg_0448,background,chr3,132722500,132722,uniform random atlas bin (seed 20260702),,1.0,0.9849335055102403,0.9924667527551201,54.46658706665039
bg_0449,background,chr3,133318500,133318,uniform random atlas bin (seed 20260702),,1.0,0.6944972734971846,0.8472486367485923,33.00209426879883
bg_0450,background,chr3,135494500,135494,uniform random atlas bin (seed 20260702),,1.0,0.7541531122681716,0.8770765561340859,35.00541305541992
bg_0451,background,chr3,139610500,139610,uniform random atlas bin (seed 20260702),,1.0,0.648274336670161,0.8241371683350804,37.532188415527344
bg_0452,background,chr3,139925500,139925,uniform random atlas bin (seed 20260702),,1.0,0.7708012421672337,0.8854006210836168,39.68379592895508
bg_0453,background,chr3,142346500,142346,uniform random atlas bin (seed 20260702),,1.0,0.8065583252639696,0.9032791626319848,47.41707992553711
bg_0454,background,chr3,142741500,142741,uniform random atlas bin (seed 20260702),,1.0,0.7581090442464266,0.8790545221232133,46.274147033691406
bg_0455,background,chr3,145265500,145265,uniform random atlas bin (seed 20260702),,1.0,0.7011660247503226,0.8505830123751613,22.000513076782227
bg_0456,background,chr3,147975500,147975,uniform random atlas bin (seed 20260702),,1.0,0.5978629097156055,0.7989314548578028,22.67571449279785
bg_0457,background,chr3,148346500,148346,uniform random atlas bin (seed 20260702),,1.0,0.7289958004758683,0.8644979002379342,27.15237236022949
bg_0458,background,chr3,149328500,149328,uniform random atlas bin (seed 20260702),,1.0,0.6699024259479489,0.8349512129739745,40.72014236450195
bg_0459,background,chr3,151274500,151274,uniform random atlas bin (seed 20260702),,1.0,0.699408479275075,0.8497042396375375,41.03044509887695
bg_0460,background,chr3,153091500,153091,uniform random atlas bin (seed 20260702),,1.0,0.8478434694050265,0.9239217347025133,52.07149887084961
bg_0461,background,chr3,153104500,153104,uniform random atlas bin (seed 20260702),,1.0,0.8018960865976893,0.9009480432988446,47.63361358642578
bg_0462,background,chr3,153179500,153179,uniform random atlas bin (seed 20260702),,1.0,0.9454267096255734,0.9727133548127866,47.80581665039063
bg_0463,background,chr3,157311500,157311,uniform random atlas bin (seed 20260702),,1.0,0.7309269754376518,0.8654634877188259,46.42462539672852
bg_0464,background,chr3,158314500,158314,uniform random atlas bin (seed 20260702),,1.0,0.8303041142817403,0.9151520571408702,51.16094207763672
bg_0465,background,chr3,158418500,158418,uniform random atlas bin (seed 20260702),,1.0,0.7585833142210738,0.8792916571105369,49.10357666015625
bg_0466,background,chr3,158784500,158784,uniform random atlas bin (seed 20260702),,1.0,0.6686897170625055,0.8343448585312527,50.34832763671875
bg_0467,background,chr3,158862500,158862,uniform random atlas bin (seed 20260702),,1.0,0.650316788773428,0.825158394386714,39.31201553344727
bg_0468,background,chr3,158994500,158994,uniform random atlas bin (seed 20260702),,1.0,0.5883399173219834,0.7941699586609917,33.56108093261719
bg_0469,background,chr3,161118500,161118,uniform random atlas bin (seed 20260702),,1.0,0.6575688328679747,0.8287844164339874,27.991697311401367
bg_0470,background,chr3,162036500,162036,uniform random atlas bin (seed 20260702),,1.0,0.6854290953806491,0.8427145476903246,21.940155029296875
bg_0471,background,chr3,162699500,162699,uniform random atlas bin (seed 20260702),,1.0,0.7731034689739742,0.8865517344869871,25.776235580444336
bg_0472,background,chr3,165908500,165908,uniform random atlas bin (seed 20260702),,1.0,0.5209217843666423,0.7604608921833211,47.44271087646485
bg_0473,background,chr3,168264500,168264,uniform random atlas bin (seed 20260702),,1.0,0.7309838508102795,0.8654919254051398,35.54475402832031
bg_0474,background,chr3,168752500,168752,uniform random atlas bin (seed 20260702),,1.0,0.47603185282833305,0.7380159264141666,33.318172454833984
bg_0475,background,chr3,168776500,168776,uniform random atlas bin (seed 20260702),,1.0,0.5583148089500722,0.7791574044750361,28.357437133789062
bg_0476,background,chr3,170773500,170773,uniform random atlas bin (seed 20260702),,1.0,0.8901754301715701,0.945087715085785,53.12317657470703
bg_0477,background,chr3,173029500,173029,uniform random atlas bin (seed 20260702),,1.0,0.8554120479126769,0.9277060239563384,49.69888687133789
bg_0478,background,chr3,175925500,175925,uniform random atlas bin (seed 20260702),,1.0,0.7652114303142408,0.8826057151571204,19.978450775146484
bg_0479,background,chr3,177618500,177618,uniform random atlas bin (seed 20260702),,1.0,0.7870362043449523,0.8935181021724761,50.96809005737305
bg_0480,background,chr3,179847500,179847,uniform random atlas bin (seed 20260702),,1.0,0.7339006038723259,0.866950301936163,35.348636627197266
bg_0481,background,chr3,181098500,181098,uniform random atlas bin (seed 20260702),,1.0,0.6369901099521005,0.8184950549760502,22.234336853027344
bg_0482,background,chr3,181275500,181275,uniform random atlas bin (seed 20260702),,1.0,0.6525263381803341,0.8262631690901671,28.012296676635746
bg_0483,background,chr3,185387500,185387,uniform random atlas bin (seed 20260702),,0.0,0.7649390867129435,0.38246954335647176,45.78129196166992
bg_0484,background,chr3,189012500,189012,uniform random atlas bin (seed 20260702),,1.0,0.7376484934634182,0.8688242467317091,25.9343376159668
bg_0485,background,chr3,192014500,192014,uniform random atlas bin (seed 20260702),,1.0,0.7791780033804838,0.8895890016902419,22.94316864013672
bg_0486,background,chr3,192831500,192831,uniform random atlas bin (seed 20260702),,1.0,0.7237967363863265,0.8618983681931632,42.02522277832031
bg_0487,background,chr3,193016500,193016,uniform random atlas bin (seed 20260702),,1.0,0.7724325469576505,0.8862162734788253,32.90782928466797
bg_0488,background,chr3,193666500,193666,uniform random atlas bin (seed 20260702),,1.0,0.7463757658882251,0.8731878829441125,51.62949752807617
bg_0489,background,chr3,195532500,195532,uniform random atlas bin (seed 20260702),,1.0,0.8047150313106449,0.9023575156553225,50.23190689086914
bg_0490,background,chr3,195965500,195965,uniform random atlas bin (seed 20260702),,1.0,0.9036483201283138,0.9518241600641568,33.779029846191406
bg_0491,background,chr3,196502500,196502,uniform random atlas bin (seed 20260702),,1.0,0.9615422320855014,0.9807711160427507,54.61045837402344
bg_0492,background,chr4,180500,180,uniform random atlas bin (seed 20260702),,1.0,0.6309500660942249,0.8154750330471124,29.44384384155273
bg_0493,background,chr4,895500,895,uniform random atlas bin (seed 20260702),,1.0,0.7428062097284935,0.8714031048642468,38.07024765014648
bg_0494,background,chr4,3600500,3600,uniform random atlas bin (seed 20260702),,1.0,0.7693044959056166,0.8846522479528083,34.56174850463867
bg_0495,background,chr4,5528500,5528,uniform random atlas bin (seed 20260702),,1.0,0.6300350315648846,0.8150175157824423,34.93304443359375
bg_0496,background,chr4,6054500,6054,uniform random atlas bin (seed 20260702),,1.0,0.78862250450858,0.89431125225429,44.537277
bg_0497,background,chr4,7553500,7553,uniform random atlas bin (seed 20260702),,1.0,0.5956905846331881,0.7978452923165941,28.785639
bg_0498,background,chr4,8026500,8026,uniform random atlas bin (seed 20260702),,1.0,0.8075150093137777,0.9037575046568889,37.72005
bg_0499,background,chr4,8880500,8880,uniform random atlas bin (seed 20260702),,1.0,0.7415032512993133,0.8707516256496566,37.440628
bg_0500,background,chr4,10322500,10322,uniform random atlas bin (seed 20260702),,1.0,0.8035291792418939,0.901764589620947,52.104767
bg_0501,background,chr4,14514500,14514,uniform random atlas bin (seed 20260702),,1.0,0.8137027649182365,0.9068513824591182,24.946537
bg_0502,background,chr4,15728500,15728,uniform random atlas bin (seed 20260702),,1.0,0.6667091643425336,0.8333545821712668,40.719055
bg_0503,background,chr4,15935500,15935,uniform random atlas bin (seed 20260702),,1.0,0.7186764256979721,0.859338212848986,37.337204
bg_0504,background,chr4,17081500,17081,uniform random atlas bin (seed 20260702),,1.0,0.807641742204699,0.9038208711023494,41.174755
bg_0505,background,chr4,18597500,18597,uniform random atlas bin (seed 20260702),,1.0,0.8363578668906315,0.9181789334453158,38.963333
bg_0506,background,chr4,22755500,22755,uniform random atlas bin (seed 20260702),,1.0,0.8056556207258763,0.9028278103629381,22.690884
bg_0507,background,chr4,24921500,24921,uniform random atlas bin (seed 20260702),,1.0,0.6132743187804656,0.8066371593902328,35.22764
bg_0508,background,chr4,27500500,27500,uniform random atlas bin (seed 20260702),,1.0,0.870548614813458,0.935274307406729,27.3158
bg_0509,background,chr4,33414500,33414,uniform random atlas bin (seed 20260702),,1.0,0.8023477597444341,0.9011738798722171,20.372587
bg_0510,background,chr4,36005500,36005,uniform random atlas bin (seed 20260702),,1.0,0.6284609493599758,0.8142304746799879,20.120514
bg_0511,background,chr4,40268500,40268,uniform random atlas bin (seed 20260702),,1.0,0.6693152393701227,0.8346576196850614,50.95855
bg_0512,background,chr4,41538500,41538,uniform random atlas bin (seed 20260702),,1.0,0.8533874463441604,0.9266937231720802,38.628876
bg_0513,background,chr4,43325500,43325,uniform random atlas bin (seed 20260702),,1.0,0.5521065410172424,0.7760532705086212,22.563272
bg_0514,background,chr4,45932500,45932,uniform random atlas bin (seed 20260702),,1.0,0.6328326899354407,0.8164163449677204,29.100197
bg_0515,background,chr4,46255500,46255,uniform random atlas bin (seed 20260702),,1.0,0.723615782209674,0.861807891104837,33.008938
bg_0516,background,chr4,48687500,48687,uniform random atlas bin (seed 20260702),,1.0,0.8642521090820708,0.9321260545410355,56.072876
bg_0517,background,chr4,52756500,52756,uniform random atlas bin (seed 20260702),,1.0,0.7432969692020436,0.8716484846010217,37.885216
bg_0518,background,chr4,55622500,55622,uniform random atlas bin (seed 20260702),,1.0,0.7678946619179132,0.8839473309589566,32.812054
bg_0519,background,chr4,55727500,55727,uniform random atlas bin (seed 20260702),,1.0,0.7972716285992627,0.8986358142996314,38.818665
bg_0520,background,chr4,56724500,56724,uniform random atlas bin (seed 20260702),,1.0,0.6778484336039039,0.838924216801952,43.37222
bg_0521,background,chr4,57054500,57054,uniform random atlas bin (seed 20260702),,1.0,0.7972968000418077,0.8986484000209038,37.69308
bg_0522,background,chr4,58740500,58740,uniform random atlas bin (seed 20260702),,1.0,0.8561763740938676,0.9280881870469337,22.936537
bg_0523,background,chr4,58749500,58749,uniform random atlas bin (seed 20260702),,1.0,0.852199069554505,0.9260995347772525,19.776066
bg_0524,background,chr4,58752500,58752,uniform random atlas bin (seed 20260702),,1.0,0.8265830228202724,0.9132915114101362,21.851208
bg_0525,background,chr4,59270500,59270,uniform random atlas bin (seed 20260702),,1.0,0.8521109662316895,0.9260554831158447,24.17788
bg_0526,background,chr4,62180500,62180,uniform random atlas bin (seed 20260702),,1.0,0.6796473590861849,0.8398236795430924,25.375647
bg_0527,background,chr4,62547500,62547,uniform random atlas bin (seed 20260702),,1.0,0.8128237036936554,0.9064118518468277,23.871374
bg_0528,background,chr4,64673500,64673,uniform random atlas bin (seed 20260702),,1.0,0.6039079558237164,0.8019539779118582,21.886694
bg_0529,background,chr4,65038500,65038,uniform random atlas bin (seed 20260702),,1.0,0.8566162406757523,0.9283081203378761,21.946753
bg_0530,background,chr4,66371500,66371,uniform random atlas bin (seed 20260702),,1.0,0.7467915672184211,0.8733957836092106,22.163237
bg_0531,background,chr4,66692500,66692,uniform random atlas bin (seed 20260702),,1.0,0.7073711383707286,0.8536855691853643,22.496418
bg_0532,background,chr4,75454500,75454,uniform random atlas bin (seed 20260702),,1.0,0.7922615364550248,0.8961307682275124,46.184166
bg_0533,background,chr4,76086500,76086,uniform random atlas bin (seed 20260702),,1.0,0.7464556410979926,0.8732278205489963,51.40681
bg_0534,background,chr4,76648500,76648,uniform random atlas bin (seed 20260702),,1.0,0.8248424389309325,0.9124212194654662,39.271687
bg_0535,background,chr4,78981500,78981,uniform random atlas bin (seed 20260702),,1.0,0.6321415950996565,0.8160707975498283,38.636265
bg_0536,background,chr4,78985500,78985,uniform random atlas bin (seed 20260702),,1.0,0.804714171248679,0.9023570856243395,47.81308
bg_0537,background,chr4,80797500,80797,uniform random atlas bin (seed 20260702),,1.0,0.4772956195899789,0.7386478097949895,32.897396
bg_0538,background,chr4,82176500,82176,uniform random atlas bin (seed 20260702),,1.0,0.8406310432239716,0.9203155216119858,30.130499
bg_0539,background,chr4,83364500,83364,uniform random atlas bin (seed 20260702),,1.0,0.7646121223032094,0.8823060611516047,50.39824
bg_0540,background,chr4,83562500,83562,uniform random atlas bin (seed 20260702),,1.0,0.754867253814234,0.877433626907117,50.503315
bg_0541,background,chr4,85218500,85218,uniform random atlas bin (seed 20260702),,1.0,0.7106919529656919,0.8553459764828459,23.544289
bg_0542,background,chr4,90442500,90442,uniform random atlas bin (seed 20260702),,1.0,0.6622701682462776,0.8311350841231389,22.195791
bg_0543,background,chr4,92634500,92634,uniform random atlas bin (seed 20260702),,1.0,0.7629146773691404,0.8814573386845702,20.532093
bg_0544,background,chr4,95119500,95119,uniform random atlas bin (seed 20260702),,1.0,0.65750806262718,0.8287540313135899,43.76337
bg_0545,background,chr4,96651500,96651,uniform random atlas bin (seed 20260702),,1.0,0.6585164504444829,0.8292582252222415,20.889435
bg_0546,background,chr4,97068500,97068,uniform random atlas bin (seed 20260702),,1.0,0.7130834024171542,0.8565417012085771,26.069859
bg_0547,background,chr4,99595500,99595,uniform random atlas bin (seed 20260702),,1.0,0.8013195494495814,0.9006597747247906,42.44717
bg_0548,background,chr4,100415500,100415,uniform random atlas bin (seed 20260702),,1.0,0.6640052891989945,0.8320026445994972,21.324286
bg_0549,background,chr4,100464500,100464,uniform random atlas bin (seed 20260702),,1.0,0.7683077858994289,0.8841538929497145,20.574253
bg_0550,background,chr4,101673500,101673,uniform random atlas bin (seed 20260702),,1.0,0.7962998967230918,0.8981499483615458,23.078724
bg_0551,background,chr4,102774500,102774,uniform random atlas bin (seed 20260702),,1.0,0.5827907141309963,0.7913953570654981,49.622993
bg_0552,background,chr4,102839500,102839,uniform random atlas bin (seed 20260702),,1.0,0.8545013797432347,0.9272506898716173,50.241028
bg_0553,background,chr4,104147500,104147,uniform random atlas bin (seed 20260702),,1.0,0.6931207466951745,0.8465603733475873,23.473766
bg_0554,background,chr4,105570500,105570,uniform random atlas bin (seed 20260702),,1.0,0.6921591464302406,0.8460795732151203,42.467976
bg_0555,background,chr4,107619500,107619,uniform random atlas bin (seed 20260702),,1.0,0.7314542762507931,0.8657271381253966,45.49296
bg_0556,background,chr4,111136500,111136,uniform random atlas bin (seed 20260702),,1.0,0.6444963403333879,0.8222481701666939,23.513594
bg_0557,background,chr4,111217500,111217,uniform random atlas bin (seed 20260702),,1.0,0.7713482156859169,0.8856741078429584,24.72411
bg_0558,background,chr4,112876500,112876,uniform random atlas bin (seed 20260702),,1.0,0.8362541693929758,0.918127084696488,37.994728
bg_0559,background,chr4,116718500,116718,uniform random atlas bin (seed 20260702),,1.0,0.5721136776274272,0.7860568388137136,25.149666
bg_0560,background,chr4,117717500,117717,uniform random atlas bin (seed 20260702),,1.0,0.7571805062043122,0.8785902531021561,19.802298
bg_0561,background,chr4,120445500,120445,uniform random atlas bin (seed 20260702),,1.0,0.7994735907020062,0.8997367953510031,26.608873
bg_0562,background,chr4,121693500,121693,uniform random atlas bin (seed 20260702),,1.0,0.7525142585665318,0.8762571292832659,51.224503
bg_0563,background,chr4,125180500,125180,uniform random atlas bin (seed 20260702),,1.0,0.7393615417427313,0.8696807708713656,30.467333
bg_0564,background,chr4,128009500,128009,uniform random atlas bin (seed 20260702),,1.0,0.8034806236648542,0.9017403118324271,46.864487
bg_0565,background,chr4,128505500,128505,uniform random atlas bin (seed 20260702),,1.0,0.7937236687151543,0.8968618343575772,42.16577
bg_0566,background,chr4,128836500,128836,uniform random atlas bin (seed 20260702),,1.0,0.848459108915301,0.9242295544576504,51.134293
bg_0567,background,chr4,128957500,128957,uniform random atlas bin (seed 20260702),,1.0,0.7357412070537706,0.8678706035268853,41.82452
bg_0568,background,chr4,131393500,131393,uniform random atlas bin (seed 20260702),,1.0,0.8935736796248536,0.9467868398124268,27.15387
bg_0569,background,chr4,133170500,133170,uniform random atlas bin (seed 20260702),,1.0,0.7657178517181277,0.8828589258590638,34.042633
bg_0570,background,chr4,133212500,133212,uniform random atlas bin (seed 20260702),,1.0,0.7776773224206264,0.8888386612103132,26.57945
bg_0571,background,chr4,134154500,134154,uniform random atlas bin (seed 20260702),,1.0,0.8904054980504239,0.945202749025212,33.28186
bg_0572,background,chr4,135635500,135635,uniform random atlas bin (seed 20260702),,1.0,0.8235096922022291,0.9117548461011146,20.426321
bg_0573,background,chr4,135989500,135989,uniform random atlas bin (seed 20260702),,1.0,0.8097484152255989,0.9048742076127995,21.829672
bg_0574,background,chr4,136896500,136896,uniform random atlas bin (seed 20260702),,1.0,0.8089304811466096,0.9044652405733048,26.981907
bg_0575,background,chr4,138944500,138944,uniform random atlas bin (seed 20260702),,1.0,0.7501577165990098,0.8750788582995048,48.43421
bg_0576,background,chr4,139221500,139221,uniform random atlas bin (seed 20260702),,1.0,0.68849416821812,0.84424708410906,48.717026
bg_0577,background,chr4,139647500,139647,uniform random atlas bin (seed 20260702),,1.0,0.8842375688013583,0.9421187844006791,45.59571
bg_0578,background,chr4,139905500,139905,uniform random atlas bin (seed 20260702),,1.0,0.6162264905969783,0.8081132452984892,36.364925
bg_0579,background,chr4,142103500,142103,uniform random atlas bin (seed 20260702),,1.0,0.5698354745767308,0.7849177372883653,35.478428
bg_0580,background,chr4,143497500,143497,uniform random atlas bin (seed 20260702),,1.0,0.7205516247981627,0.8602758123990814,48.169662
bg_0581,background,chr4,143892500,143892,uniform random atlas bin (seed 20260702),,1.0,0.5720443912995008,0.7860221956497504,36.662277
bg_0582,background,chr4,145068500,145068,uniform random atlas bin (seed 20260702),,1.0,0.9131579106826541,0.9565789553413271,49.589222
bg_0583,background,chr4,146959500,146959,uniform random atlas bin (seed 20260702),,1.0,0.7551803837784112,0.8775901918892056,39.396774
bg_0584,background,chr4,147139500,147139,uniform random atlas bin (seed 20260702),,1.0,0.7506438189834084,0.8753219094917042,39.91448
bg_0585,background,chr4,148114500,148114,uniform random atlas bin (seed 20260702),,1.0,0.6338466157990298,0.8169233078995148,36.023365
bg_0586,background,chr4,149887500,149887,uniform random atlas bin (seed 20260702),,1.0,0.7526639282549475,0.8763319641274738,28.398691
bg_0587,background,chr4,150673500,150673,uniform random atlas bin (seed 20260702),,1.0,0.8289015988102137,0.9144507994051069,47.383106
bg_0588,background,chr4,152511500,152511,uniform random atlas bin (seed 20260702),,1.0,0.8500288935363192,0.9250144467681596,50.61931
bg_0589,background,chr4,152799500,152799,uniform random atlas bin (seed 20260702),,1.0,0.719770160467808,0.859885080233904,49.276356
bg_0590,background,chr4,154761500,154761,uniform random atlas bin (seed 20260702),,1.0,0.33859377722080497,0.6692968886104025,40.455666
bg_0591,background,chr4,156970500,156970,uniform random atlas bin (seed 20260702),,1.0,0.7252171758983693,0.8626085879491847,33.904358
bg_0592,background,chr4,158682500,158682,uniform random atlas bin (seed 20260702),,1.0,0.8712578005515889,0.9356289002757945,41.678654
bg_0593,background,chr4,163047500,163047,uniform random atlas bin (seed 20260702),,1.0,0.5665681690030422,0.7832840845015211,44.202686
bg_0594,background,chr4,163612500,163612,uniform random atlas bin (seed 20260702),,1.0,0.5398547001821988,0.7699273500910995,36.53798
bg_0595,background,chr4,166169500,166169,uniform random atlas bin (seed 20260702),,1.0,0.7192055109199518,0.8596027554599759,31.06945
bg_0596,background,chr4,168263500,168263,uniform random atlas bin (seed 20260702),,1.0,0.7822047262308874,0.8911023631154438,28.197783
bg_0597,background,chr4,171914500,171914,uniform random atlas bin (seed 20260702),,1.0,0.9301489586672395,0.9650744793336197,37.947933
bg_0598,background,chr4,175475500,175475,uniform random atlas bin (seed 20260702),,1.0,0.832061279608391,0.9160306398041955,26.369112
bg_0599,background,chr4,175510500,175510,uniform random atlas bin (seed 20260702),,1.0,0.6841665297352135,0.8420832648676068,27.828121
bg_0600,background,chr4,175923500,175923,uniform random atlas bin (seed 20260702),,1.0,0.6752419967592131,0.8376209983796066,24.46849
bg_0601,background,chr4,175977500,175977,uniform random atlas bin (seed 20260702),,1.0,0.8064956061279053,0.9032478030639526,24.387661
bg_0602,background,chr4,181786500,181786,uniform random atlas bin (seed 20260702),,1.0,0.5121110376837003,0.7560555188418501,28.147215
bg_0603,background,chr4,182900500,182900,uniform random atlas bin (seed 20260702),,1.0,0.793215222924962,0.896607611462481,44.84683
bg_0604,background,chr4,183855500,183855,uniform random atlas bin (seed 20260702),,1.0,0.7873321176191277,0.8936660588095638,33.16731
bg_0605,background,chr4,184011500,184011,uniform random atlas bin (seed 20260702),,1.0,0.8365112252226166,0.9182556126113083,41.515564
bg_0606,background,chr4,185678500,185678,uniform random atlas bin (seed 20260702),,1.0,0.7356856534310964,0.8678428267155482,41.339096
bg_0607,background,chr4,186010500,186010,uniform random atlas bin (seed 20260702),,1.0,0.6286322852887993,0.8143161426443997,38.01393
bg_0608,background,chr4,187872500,187872,uniform random atlas bin (seed 20260702),,1.0,0.8253839868847106,0.9126919934423553,29.98023
bg_0609,background,chr5,781500,781,uniform random atlas bin (seed 20260702),,1.0,0.7485316027465287,0.8742658013732644,32.84173
bg_0610,background,chr5,956500,956,uniform random atlas bin (seed 20260702),,1.0,0.694815064278796,0.847407532139398,42.69954
bg_0611,background,chr5,4732500,4732,uniform random atlas bin (seed 20260702),,1.0,0.7262396628012068,0.8631198314006034,21.388636
bg_0612,background,chr5,7278500,7278,uniform random atlas bin (seed 20260702),,1.0,0.6477241571194337,0.8238620785597168,30.967392
bg_0613,background,chr5,8495500,8495,uniform random atlas bin (seed 20260702),,1.0,0.6919598304813435,0.8459799152406717,31.754652
bg_0614,background,chr5,14028500,14028,uniform random atlas bin (seed 20260702),,1.0,0.7771992006892878,0.8885996003446439,42.48679
bg_0615,background,chr5,14126500,14126,uniform random atlas bin (seed 20260702),,1.0,0.7177186764688741,0.858859338234437,41.64276
bg_0616,background,chr5,19379500,19379,uniform random atlas bin (seed 20260702),,1.0,0.7373640123440345,0.8686820061720173,34.13617
bg_0617,background,chr5,19605500,19605,uniform random atlas bin (seed 20260702),,1.0,0.6607614040477484,0.8303807020238743,27.241854
bg_0618,background,chr5,21295500,21295,uniform random atlas bin (seed 20260702),,1.0,0.6269747109155155,0.8134873554577577,28.142384
bg_0619,background,chr5,21497500,21497,uniform random atlas bin (seed 20260702),,1.0,0.8011519347344047,0.9005759673672024,26.645872
bg_0620,background,chr5,21532500,21532,uniform random atlas bin (seed 20260702),,1.0,0.9383049721662335,0.9691524860831168,30.08067
bg_0621,background,chr5,23925500,23925,uniform random atlas bin (seed 20260702),,1.0,0.63883399071672,0.81941699535836,23.001078
bg_0622,background,chr5,25105500,25105,uniform random atlas bin (seed 20260702),,1.0,0.7793390744514851,0.8896695372257426,27.01269
bg_0623,background,chr5,31936500,31936,uniform random atlas bin (seed 20260702),,1.0,0.6971482480408567,0.8485741240204283,37.73481369018555
bg_0624,background,chr5,33521500,33521,uniform random atlas bin (seed 20260702),,1.0,0.7260104891666056,0.8630052445833027,37.40262985229492
bg_0625,background,chr5,41812500,41812,uniform random atlas bin (seed 20260702),,1.0,0.7828977524920627,0.8914488762460313,49.78960418701172
bg_0626,background,chr5,42600500,42600,uniform random atlas bin (seed 20260702),,1.0,0.7430151055164356,0.8715075527582178,48.84258270263672
bg_0627,background,chr5,46048500,46048,uniform random atlas bin (seed 20260702),,1.0,0.5983805671920233,0.7991902835960116,21.321178436279297
bg_0628,background,chr5,46364500,46364,uniform random atlas bin (seed 20260702),,1.0,0.713773406210636,0.856886703105318,32.271324157714844
bg_0629,background,chr5,47043500,47043,uniform random atlas bin (seed 20260702),,1.0,0.6482897676881164,0.8241448838440582,
bg_0630,background,chr5,47680500,47680,uniform random atlas bin (seed 20260702),,1.0,0.7634956836207991,0.8817478418103996,
bg_0631,background,chr5,48567500,48567,uniform random atlas bin (seed 20260702),,1.0,0.7634956836207991,0.8817478418103996,
bg_0632,background,chr5,51642500,51642,uniform random atlas bin (seed 20260702),,1.0,0.919774164637602,0.959887082318801,27.022809982299805
bg_0633,background,chr5,51793500,51793,uniform random atlas bin (seed 20260702),,1.0,0.6483716303030491,0.8241858151515246,27.431650161743164
bg_0634,background,chr5,52042500,52042,uniform random atlas bin (seed 20260702),,1.0,0.7903545612694804,0.8951772806347402,29.55958747863769
bg_0635,background,chr5,53844500,53844,uniform random atlas bin (seed 20260702),,1.0,0.6435869632807731,0.8217934816403866,44.61132049560547
bg_0636,background,chr5,54265500,54265,uniform random atlas bin (seed 20260702),,1.0,0.7717457817187812,0.8858728908593906,55.11237716674805
bg_0637,background,chr5,54934500,54934,uniform random atlas bin (seed 20260702),,1.0,0.7336749487066381,0.866837474353319,38.60573959350586
bg_0638,background,chr5,55011500,55011,uniform random atlas bin (seed 20260702),,1.0,0.6136480211287321,0.806824010564366,34.69913864135742
bg_0639,background,chr5,58233500,58233,uniform random atlas bin (seed 20260702),,1.0,0.6825386337839487,0.8412693168919744,36.54304122924805
bg_0640,background,chr5,58376500,58376,uniform random atlas bin (seed 20260702),,1.0,0.8159404043297267,0.9079702021648633,29.21758270263672
bg_0641,background,chr5,58948500,58948,uniform random atlas bin (seed 20260702),,1.0,0.7618008613913875,0.8809004306956938,31.19634246826172
bg_0642,background,chr5,59126500,59126,uniform random atlas bin (seed 20260702),,1.0,0.6569848703047518,0.8284924351523759,43.353145599365234
bg_0643,background,chr5,64626500,64626,uniform random atlas bin (seed 20260702),,1.0,0.6306063190133173,0.8153031595066587,43.864688873291016
bg_0644,background,chr5,68767500,68767,uniform random atlas bin (seed 20260702),,1.0,0.6845595218875165,0.8422797609437582,41.46023941040039
bg_0645,background,chr5,71716500,71716,uniform random atlas bin (seed 20260702),,1.0,0.5912931403804055,0.7956465701902027,44.24881362915039
bg_0646,background,chr5,73874500,73874,uniform random atlas bin (seed 20260702),,1.0,0.5634501091792228,0.7817250545896114,33.75473403930664
bg_0647,background,chr5,77086500,77086,uniform random atlas bin (seed 20260702),,1.0,0.7343182388943268,0.8671591194471634,44.47757339477539
bg_0648,background,chr5,77240500,77240,uniform random atlas bin (seed 20260702),,1.0,0.6750597721530425,0.8375298860765212,41.97542572021485
bg_0649,background,chr5,78122500,78122,uniform random atlas bin (seed 20260702),,1.0,0.9175176250981248,0.9587588125490625,39.024112701416016
bg_0650,background,chr5,79323500,79323,uniform random atlas bin (seed 20260702),,1.0,0.7703012018005249,0.8851506009002624,49.61742401123047
bg_0651,background,chr5,79868500,79868,uniform random atlas bin (seed 20260702),,1.0,0.5769304003027147,0.7884652001513573,38.21686553955078
bg_0652,background,chr5,80372500,80372,uniform random atlas bin (seed 20260702),,1.0,0.6908335173568235,0.8454167586784118,45.8916244506836
bg_0653,background,chr5,82625500,82625,uniform random atlas bin (seed 20260702),,1.0,0.5121679393492402,0.7560839696746201,38.72517395019531
bg_0654,background,chr5,84626500,84626,uniform random atlas bin (seed 20260702),,1.0,0.8531672456615127,0.9265836228307563,21.008852005004883
bg_0655,background,chr5,84863500,84863,uniform random atlas bin (seed 20260702),,1.0,0.8866172739249153,0.9433086369624577,24.34269905090332
bg_0656,background,chr5,85536500,85536,uniform random atlas bin (seed 20260702),,1.0,0.756489048750808,0.878244524375404,38.922698974609375
bg_0657,background,chr5,86734500,86734,uniform random atlas bin (seed 20260702),,1.0,0.5775642438561219,0.788782121928061,37.06892776489258
bg_0658,background,chr5,88171500,88171,uniform random atlas bin (seed 20260702),,1.0,0.6036390776172766,0.8018195388086383,49.55881881713867
bg_0659,background,chr5,91306500,91306,uniform random atlas bin (seed 20260702),,1.0,0.7292629734474934,0.8646314867237467,50.38395309448242
bg_0660,background,chr5,91786500,91786,uniform random atlas bin (seed 20260702),,1.0,0.9150882838775003,0.9575441419387501,21.00146484375
bg_0661,background,chr5,92609500,92609,uniform random atlas bin (seed 20260702),,1.0,0.7162852586911186,0.8581426293455593,22.874202728271484
bg_0662,background,chr5,92840500,92840,uniform random atlas bin (seed 20260702),,1.0,0.7671597899275002,0.8835798949637501,21.518932342529297
bg_0663,background,chr5,94394500,94394,uniform random atlas bin (seed 20260702),,1.0,0.7138155754114598,0.8569077877057298,39.17708587646485
bg_0664,background,chr5,96020500,96020,uniform random atlas bin (seed 20260702),,1.0,0.8329370536473675,0.9164685268236837,48.08057403564453
bg_0665,background,chr5,98843500,98843,uniform random atlas bin (seed 20260702),,1.0,0.77067862362839,0.885339311814195,32.1456298828125
bg_0666,background,chr5,101174500,101174,uniform random atlas bin (seed 20260702),,1.0,0.72942797001295,0.864713985006475,22.019737243652344
bg_0667,background,chr5,101258500,101258,uniform random atlas bin (seed 20260702),,1.0,0.7964053865929681,0.8982026932964841,23.625717163085938
bg_0668,background,chr5,101606500,101606,uniform random atlas bin (seed 20260702),,1.0,0.4926991877342053,0.7463495938671026,22.11556053161621
bg_0669,background,chr5,103015500,103015,uniform random atlas bin (seed 20260702),,1.0,0.6677860183387884,0.8338930091693941,43.83147048950195
bg_0670,background,chr5,104081500,104081,uniform random atlas bin (seed 20260702),,1.0,0.9509399164747092,0.9754699582373546,54.54507064819336
bg_0671,background,chr5,104433500,104433,uniform random atlas bin (seed 20260702),,1.0,0.8277424440672304,0.9138712220336151,20.107959747314453
bg_0672,background,chr5,109887500,109887,uniform random atlas bin (seed 20260702),,1.0,0.8100377013217119,0.905018850660856,37.022605895996094
bg_0673,background,chr5,110529500,110529,uniform random atlas bin (seed 20260702),,1.0,0.729671804851868,0.864835902425934,25.531816482543945
bg_0674,background,chr5,113328500,113328,uniform random atlas bin (seed 20260702),,1.0,0.8048210643839901,0.9024105321919951,37.64522171020508
bg_0675,background,chr5,114106500,114106,uniform random atlas bin (seed 20260702),,1.0,0.679334440746231,0.8396672203731155,31.162935256958008
bg_0676,background,chr5,115296500,115296,uniform random atlas bin (seed 20260702),,1.0,0.9437691903717855,0.9718845951858928,53.759647369384766
bg_0677,background,chr5,115543500,115543,uniform random atlas bin (seed 20260702),,1.0,0.9816360433830278,0.9908180216915139,54.03662872314453
bg_0678,background,chr5,117555500,117555,uniform random atlas bin (seed 20260702),,1.0,0.7627792823863622,0.8813896411931811,23.887754440307617
bg_0679,background,chr5,121279500,121279,uniform random atlas bin (seed 20260702),,1.0,0.8312870110460697,0.9156435055230349,46.34467315673828
bg_0680,background,chr5,122415500,122415,uniform random atlas bin (seed 20260702),,1.0,0.6882945636755996,0.8441472818377997,39.68165969848633
bg_0681,background,chr5,123024500,123024,uniform random atlas bin (seed 20260702),,1.0,0.7818596195596456,0.8909298097798228,41.43546676635742
bg_0682,background,chr5,125289500,125289,uniform random atlas bin (seed 20260702),,1.0,0.8509395378250838,0.925469768912542,24.784536361694336
bg_0683,background,chr5,125621500,125621,uniform random atlas bin (seed 20260702),,1.0,0.708499456895487,0.8542497284477435,28.17497062683105
bg_0684,background,chr5,126217500,126217,uniform random atlas bin (seed 20260702),,1.0,0.7553515251814452,0.8776757625907226,30.61960792541504
bg_0685,background,chr5,126616500,126616,uniform random atlas bin (seed 20260702),,1.0,0.7572220649065422,0.8786110324532711,41.92096710205078
bg_0686,background,chr5,127989500,127989,uniform random atlas bin (seed 20260702),,1.0,0.8981933637637113,0.9490966818818556,50.98356246948242
bg_0687,background,chr5,129284500,129284,uniform random atlas bin (seed 20260702),,1.0,0.8488413449695986,0.9244206724847993,31.306041717529297
bg_0688,background,chr5,129289500,129289,uniform random atlas bin (seed 20260702),,1.0,0.6758025376192476,0.8379012688096238,29.84897232055664
bg_0689,background,chr5,130138500,130138,uniform random atlas bin (seed 20260702),,1.0,0.8584220817167154,0.9292110408583577,27.183061599731445
bg_0690,background,chr5,130360500,130360,uniform random atlas bin (seed 20260702),,1.0,0.8820790145786567,0.9410395072893283,22.567649841308597
bg_0691,background,chr5,131988500,131988,uniform random atlas bin (seed 20260702),,1.0,0.7381499432140814,0.8690749716070407,46.12004470825195
bg_0692,background,chr5,134344500,134344,uniform random atlas bin (seed 20260702),,1.0,0.6965537651250157,0.8482768825625078,49.10467147827149
bg_0693,background,chr5,135827500,135827,uniform random atlas bin (seed 20260702),,1.0,0.5760601722045191,0.7880300861022596,36.18424606323242
bg_0694,background,chr5,136058500,136058,uniform random atlas bin (seed 20260702),,1.0,0.6748231157880635,0.8374115578940318,42.98104095458984
bg_0695,background,chr5,138742500,138742,uniform random atlas bin (seed 20260702),,1.0,0.8628218863860317,0.9314109431930159,51.88148498535156
bg_0696,background,chr5,138828500,138828,uniform random atlas bin (seed 20260702),,1.0,0.5739513622962054,0.7869756811481027,45.58740234375
bg_0697,background,chr5,139831500,139831,uniform random atlas bin (seed 20260702),,1.0,0.7958663941478099,0.897933197073905,43.5526008605957
bg_0698,background,chr5,139896500,139896,uniform random atlas bin (seed 20260702),,1.0,0.706821621043825,0.8534108105219125,36.795021057128906
bg_0699,background,chr5,141091500,141091,uniform random atlas bin (seed 20260702),,1.0,0.7534723982194516,0.8767361991097258,36.39202499389648
bg_0700,background,chr5,141378500,141378,uniform random atlas bin (seed 20260702),,1.0,0.5186602959329474,0.7593301479664737,38.683013916015625
bg_0701,background,chr5,141430500,141430,uniform random atlas bin (seed 20260702),,1.0,0.6672246166216012,0.8336123083108006,35.03192901611328
bg_0702,background,chr5,141587500,141587,uniform random atlas bin (seed 20260702),,1.0,0.8896144449735663,0.9448072224867832,51.55097198486328
bg_0703,background,chr5,143295500,143295,uniform random atlas bin (seed 20260702),,1.0,0.6290290827366478,0.8145145413683239,47.84280776977539
bg_0704,background,chr5,143580500,143580,uniform random atlas bin (seed 20260702),,1.0,0.7804393009219504,0.8902196504609752,50.20765686035156
bg_0705,background,chr5,144889500,144889,uniform random atlas bin (seed 20260702),,1.0,0.880988159006953,0.9404940795034765,24.755022048950195
bg_0706,background,chr5,145258500,145258,uniform random atlas bin (seed 20260702),,1.0,0.6741922427231433,0.8370961213615716,27.221757888793945
bg_0707,background,chr5,147616500,147616,uniform random atlas bin (seed 20260702),,1.0,0.5344980222087861,0.767249011104393,22.26156997680664
bg_0708,background,chr5,151243500,151243,uniform random atlas bin (seed 20260702),,1.0,0.7452664950329865,0.8726332475164933,49.541481018066406
bg_0709,background,chr5,156403500,156403,uniform random atlas bin (seed 20260702),,1.0,0.7445975240715654,0.8722987620357827,23.41204643249512
bg_0710,background,chr5,156693500,156693,uniform random atlas bin (seed 20260702),,1.0,0.7971499520425536,0.8985749760212768,23.25679588317871
bg_0711,background,chr5,156815500,156815,uniform random atlas bin (seed 20260702),,1.0,0.5912316787723498,0.795615839386175,28.204669952392575
bg_0712,background,chr5,157808500,157808,uniform random atlas bin (seed 20260702),,1.0,0.8322535113794832,0.9161267556897417,48.38518142700195
bg_0713,background,chr5,163819500,163819,uniform random atlas bin (seed 20260702),,1.0,0.6297342983926808,0.8148671491963404,23.93473625183105
bg_0714,background,chr5,164425500,164425,uniform random atlas bin (seed 20260702),,1.0,0.745447755027278,0.872723877513639,42.78678512573242
bg_0715,background,chr5,166154500,166154,uniform random atlas bin (seed 20260702),,1.0,0.8635991885878973,0.9317995942939487,26.582609176635746
bg_0716,background,chr5,170326500,170326,uniform random atlas bin (seed 20260702),,1.0,0.8111202438989094,0.9055601219494547,50.27931213378906
bg_0717,background,chr5,171188500,171188,uniform random atlas bin (seed 20260702),,1.0,0.6616427150850979,0.8308213575425489,38.31367874145508
bg_0718,background,chr5,171926500,171926,uniform random atlas bin (seed 20260702),,1.0,0.6332716838344432,0.8166358419172216,48.0171127319336
bg_0719,background,chr5,172004500,172004,uniform random atlas bin (seed 20260702),,1.0,0.8634709573849537,0.9317354786924769,54.7121696472168
bg_0720,background,chr5,174154500,174154,uniform random atlas bin (seed 20260702),,1.0,0.737729447371736,0.868864723685868,41.47709274291992
bg_0721,background,chr5,177551500,177551,uniform random atlas bin (seed 20260702),,1.0,0.8180756071905654,0.9090378035952826,51.67582321166992
bg_0722,background,chr5,181393500,181393,uniform random atlas bin (seed 20260702),,1.0,0.7634956836207991,0.8817478418103996,
bg_0723,background,chr6,782500,782,uniform random atlas bin (seed 20260702),,1.0,0.7698936852834749,0.8849468426417375,50.5302734375
bg_0724,background,chr6,2413500,2413,uniform random atlas bin (seed 20260702),,1.0,0.7868267791791095,0.8934133895895547,46.25735855102539
bg_0725,background,chr6,6401500,6401,uniform random atlas bin (seed 20260702),,1.0,0.6122264362818985,0.8061132181409493,34.61305236816406
bg_0726,background,chr6,7956500,7956,uniform random atlas bin (seed 20260702),,1.0,0.7606983731688344,0.8803491865844172,44.25666427612305
bg_0727,background,chr6,11424500,11424,uniform random atlas bin (seed 20260702),,1.0,0.776302949685153,0.8881514748425765,42.84664916992188
bg_0728,background,chr6,12949500,12949,uniform random atlas bin (seed 20260702),,1.0,0.694023598789955,0.8470117993949775,40.94538879394531
bg_0729,background,chr6,17173500,17173,uniform random atlas bin (seed 20260702),,1.0,0.7723148184865959,0.886157409243298,36.33454132080078
bg_0730,background,chr6,17570500,17570,uniform random atlas bin (seed 20260702),,1.0,0.5494707599272968,0.7747353799636484,45.571285247802734
bg_0731,background,chr6,18815500,18815,uniform random atlas bin (seed 20260702),,1.0,0.5682748850026331,0.7841374425013166,31.149133682250977
bg_0732,background,chr6,19398500,19398,uniform random atlas bin (seed 20260702),,1.0,0.8226952129193513,0.9113476064596757,22.69691467285156
bg_0733,background,chr6,22778500,22778,uniform random atlas bin (seed 20260702),,1.0,0.6515160730210796,0.8257580365105398,22.584339141845703
bg_0734,background,chr6,23002500,23002,uniform random atlas bin (seed 20260702),,1.0,0.6679449869716687,0.8339724934858344,24.73946762084961
bg_0735,background,chr6,23826500,23826,uniform random atlas bin (seed 20260702),,1.0,0.6269393339435985,0.8134696669717992,29.15956115722656
bg_0736,background,chr6,24611500,24611,uniform random atlas bin (seed 20260702),,1.0,0.7634502746752523,0.8817251373376261,44.24856185913086
bg_0737,background,chr6,25084500,25084,uniform random atlas bin (seed 20260702),,1.0,0.7618396614146836,0.8809198307073418,43.66408157348633
bg_0738,background,chr6,26436500,26436,uniform random atlas bin (seed 20260702),,1.0,0.907399867096516,0.953699933548258,53.08526992797852
bg_0739,background,chr6,27948500,27948,uniform random atlas bin (seed 20260702),,1.0,0.8080797693726137,0.9040398846863069,47.45063400268555
bg_0740,background,chr6,27966500,27966,uniform random atlas bin (seed 20260702),,1.0,0.7078189053155999,0.8539094526577999,44.9202880859375
bg_0741,background,chr6,28587500,28587,uniform random atlas bin (seed 20260702),,1.0,0.7604383398183492,0.8802191699091746,48.172889709472656
bg_0742,background,chr6,33494500,33494,uniform random atlas bin (seed 20260702),,1.0,0.7594416824444452,0.8797208412222226,50.11907196044922
bg_0743,background,chr6,38029500,38029,uniform random atlas bin (seed 20260702),,1.0,0.6529856979753643,0.8264928489876822,49.82130432128906
bg_0744,background,chr6,42379500,42379,uniform random atlas bin (seed 20260702),,1.0,0.6792203276796995,0.8396101638398498,40.832801818847656
bg_0745,background,chr6,42625500,42625,uniform random atlas bin (seed 20260702),,1.0,0.8220649684340021,0.911032484217001,50.7949104309082
bg_0746,background,chr6,43017500,43017,uniform random atlas bin (seed 20260702),,1.0,0.8892188228070147,0.9446094114035073,52.83748245239258
bg_0747,background,chr6,44084500,44084,uniform random atlas bin (seed 20260702),,1.0,0.9098555517249143,0.9549277758624571,51.535770416259766
bg_0748,background,chr6,44450500,44450,uniform random atlas bin (seed 20260702),,1.0,0.9177851152267797,0.9588925576133899,50.90610122680664
bg_0749,background,chr6,44816500,44816,uniform random atlas bin (seed 20260702),,1.0,0.7476233316037925,0.8738116658018962,45.808570861816406
bg_0750,background,chr6,44952500,44952,uniform random atlas bin (seed 20260702),,1.0,0.6772727254501696,0.8386363627250848,47.243309020996094
bg_0751,background,chr6,46654500,46654,uniform random atlas bin (seed 20260702),,1.0,0.5488529771615704,0.7744264885807852,42.60203170776367
bg_0752,background,chr6,51159500,51159,uniform random atlas bin (seed 20260702),,1.0,0.7847099502504568,0.8923549751252284,39.615516662597656
bg_0753,background,chr6,51444500,51444,uniform random atlas bin (seed 20260702),,1.0,0.563620234185902,0.781810117092951,45.83245086669922
bg_0754,background,chr6,55988500,55988,uniform random atlas bin (seed 20260702),,1.0,0.6204941376366278,0.8102470688183139,24.253129959106445
bg_0755,background,chr6,56456500,56456,uniform random atlas bin (seed 20260702),,1.0,0.5841582714246338,0.7920791357123169,39.36198425292969
bg_0756,background,chr6,56770500,56770,uniform random atlas bin (seed 20260702),,1.0,0.7951945777889644,0.8975972888944822,45.83657836914063
bg_0757,background,chr6,58944500,58944,uniform random atlas bin (seed 20260702),,1.0,0.7485316027465287,0.8742658013732644,
bg_0758,background,chr6,59722500,59722,uniform random atlas bin (seed 20260702),,1.0,0.7634956836207991,0.8817478418103996,
bg_0759,background,chr6,61399500,61399,uniform random atlas bin (seed 20260702),,1.0,0.739877804882125,0.8699389024410624,22.325199127197266
bg_0760,background,chr6,62184500,62184,uniform random atlas bin (seed 20260702),,1.0,0.6437607658188094,0.8218803829094047,21.11122131347656
bg_0761,background,chr6,63626500,63626,uniform random atlas bin (seed 20260702),,1.0,0.7321320231895341,0.866066011594767,45.390254974365234
bg_0762,background,chr6,63627500,63627,uniform random atlas bin (seed 20260702),,1.0,0.5284266346054582,0.7642133173027291,47.48800659179688
bg_0763,background,chr6,65442500,65442,uniform random atlas bin (seed 20260702),,1.0,0.8291684207310038,0.914584210365502,34.9003791809082
bg_0764,background,chr6,65726500,65726,uniform random atlas bin (seed 20260702),,1.0,0.918243170804381,0.9591215854021905,24.68328666687012
bg_0765,background,chr6,66170500,66170,uniform random atlas bin (seed 20260702),,1.0,0.841983271987589,0.9209916359937945,30.04353904724121
bg_0766,background,chr6,66784500,66784,uniform random atlas bin (seed 20260702),,0.0,0.5817364355373562,0.2908682177686781,21.619922637939453
bg_0767,background,chr6,70799500,70799,uniform random atlas bin (seed 20260702),,1.0,0.8079652488701907,0.9039826244350954,46.768341064453125
bg_0768,background,chr6,73570500,73570,uniform random atlas bin (seed 20260702),,1.0,0.8220343269722794,0.9110171634861397,49.6065559387207
bg_0769,background,chr6,77919500,77919,uniform random atlas bin (seed 20260702),,1.0,0.7634956836207991,0.8817478418103996,28.309310913085938
bg_0770,background,chr6,79505500,79505,uniform random atlas bin (seed 20260702),,1.0,0.5061819106715565,0.7530909553357783,49.79410934448242
bg_0771,background,chr6,79810500,79810,uniform random atlas bin (seed 20260702),,1.0,0.8300876515815531,0.9150438257907765,44.84313583374024
bg_0772,background,chr6,82376500,82376,uniform random atlas bin (seed 20260702),,1.0,0.7964125509263189,0.8982062754631595,39.42092514038086
bg_0773,background,chr6,83576500,83576,uniform random atlas bin (seed 20260702),,1.0,0.6959805651255802,0.8479902825627901,47.31113815307617
bg_0774,background,chr6,87014500,87014,uniform random atlas bin (seed 20260702),,1.0,0.7929727249523828,0.8964863624761914,39.69826889038086
bg_0775,background,chr6,88523500,88523,uniform random atlas bin (seed 20260702),,1.0,0.5899649887114241,0.794982494355712,34.32365036010742
bg_0776,background,chr6,89536500,89536,uniform random atlas bin (seed 20260702),,1.0,0.679021847537305,0.8395109237686524,38.24966049194336
bg_0777,background,chr6,89936500,89936,uniform random atlas bin (seed 20260702),,1.0,0.7596607997937121,0.8798303998968561,48.27970123291016
bg_0778,background,chr6,97199500,97199,uniform random atlas bin (seed 20260702),,1.0,0.6985779895670154,0.8492889947835077,47.086700439453125
bg_0779,background,chr6,97460500,97460,uniform random atlas bin (seed 20260702),,1.0,0.6654359725478423,0.8327179862739211,26.368106842041016
bg_0780,background,chr6,99139500,99139,uniform random atlas bin (seed 20260702),,1.0,0.70821844608006,0.85410922304003,41.31667709350586
bg_0781,background,chr6,101265500,101265,uniform random atlas bin (seed 20260702),,1.0,0.8172120333955463,0.9086060166977732,23.84819984436035
bg_0782,background,chr6,103372500,103372,uniform random atlas bin (seed 20260702),,1.0,0.8295318576696963,0.9147659288348482,28.42426300048828
bg_0783,background,chr6,104073500,104073,uniform random atlas bin (seed 20260702),,1.0,0.5882723802900395,0.7941361901450197,29.76883316040039
bg_0784,background,chr6,104688500,104688,uniform random atlas bin (seed 20260702),,1.0,0.7256430020101652,0.8628215010050826,47.72639465332031
bg_0785,background,chr6,105600500,105600,uniform random atlas bin (seed 20260702),,1.0,0.7207239065814399,0.86036195329072,49.31109619140625
bg_0786,background,chr6,105905500,105905,uniform random atlas bin (seed 20260702),,1.0,0.6236942544614715,0.8118471272307357,46.43684768676758
bg_0787,background,chr6,106821500,106821,uniform random atlas bin (seed 20260702),,1.0,0.7978775561042254,0.8989387780521128,49.99874496459961
bg_0788,background,chr6,107897500,107897,uniform random atlas bin (seed 20260702),,1.0,0.6673514781629694,0.8336757390814846,44.70440673828125
bg_0789,background,chr6,109780500,109780,uniform random atlas bin (seed 20260702),,1.0,0.6657537805495188,0.8328768902747594,34.1009635925293
bg_0790,background,chr6,112328500,112328,uniform random atlas bin (seed 20260702),,1.0,0.7762259930468685,0.8881129965234342,27.66509056091309
bg_0791,background,chr6,115820500,115820,uniform random atlas bin (seed 20260702),,0.0,0.6849136072066618,0.3424568036033309,30.482065200805664
bg_0792,background,chr6,122132500,122132,uniform random atlas bin (seed 20260702),,1.0,0.5994204952314522,0.7997102476157261,27.72647476196289
bg_0793,background,chr6,125416500,125416,uniform random atlas bin (seed 20260702),,1.0,0.636401187704033,0.8182005938520165,43.83578872680664
bg_0794,background,chr6,125460500,125460,uniform random atlas bin (seed 20260702),,1.0,0.7076129747040916,0.8538064873520458,29.99336242675781
bg_0795,background,chr6,126043500,126043,uniform random atlas bin (seed 20260702),,1.0,0.2935434510182,0.6467717255091,45.42740249633789
bg_0796,background,chr6,128059500,128059,uniform random atlas bin (seed 20260702),,1.0,0.582127444381463,0.7910637221907315,21.192590713500977
bg_0797,background,chr6,129342500,129342,uniform random atlas bin (seed 20260702),,1.0,0.7074002712055534,0.8537001356027767,38.20353698730469
bg_0798,background,chr6,136016500,136016,uniform random atlas bin (seed 20260702),,1.0,0.8200197754576304,0.9100098877288152,41.872215270996094
bg_0799,background,chr6,137614500,137614,uniform random atlas bin (seed 20260702),,1.0,0.7314180559069838,0.8657090279534919,39.00223922729492
bg_0800,background,chr6,138066500,138066,uniform random atlas bin (seed 20260702),,1.0,0.7672247702336698,0.8836123851168349,40.996524810791016
bg_0801,background,chr6,138958500,138958,uniform random atlas bin (seed 20260702),,1.0,0.8282460146443014,0.9141230073221507,50.51108551025391
bg_0802,background,chr6,140431500,140431,uniform random atlas bin (seed 20260702),,1.0,0.7735603661037785,0.8867801830518893,30.781566619873047
bg_0803,background,chr6,140658500,140658,uniform random atlas bin (seed 20260702),,1.0,0.8979115534618157,0.9489557767309078,43.38979721069336
bg_0804,background,chr6,140696500,140696,uniform random atlas bin (seed 20260702),,1.0,0.8286440024527391,0.9143220012263695,40.30288314819336
bg_0805,background,chr6,142053500,142053,uniform random atlas bin (seed 20260702),,1.0,0.5368544334096533,0.7684272167048267,29.997947692871094
bg_0806,background,chr6,143447500,143447,uniform random atlas bin (seed 20260702),,1.0,0.6763805839906263,0.8381902919953131,53.143104553222656
bg_0807,background,chr6,145650500,145650,uniform random atlas bin (seed 20260702),,1.0,0.6251618747707433,0.8125809373853716,36.899173736572266
bg_0808,background,chr6,147453500,147453,uniform random atlas bin (seed 20260702),,1.0,0.8984816262889723,0.9492408131444862,48.68414688110352
bg_0809,background,chr6,149257500,149257,uniform random atlas bin (seed 20260702),,1.0,0.7259924485753315,0.8629962242876658,40.71358108520508
bg_0810,background,chr6,149549500,149549,uniform random atlas bin (seed 20260702),,1.0,0.47948398750228804,0.739741993751144,49.179569244384766
bg_0811,background,chr6,150600500,150600,uniform random atlas bin (seed 20260702),,1.0,0.8274024399428076,0.9137012199714039,39.51239776611328
bg_0812,background,chr6,151360500,151360,uniform random atlas bin (seed 20260702),,1.0,0.8254652628544081,0.9127326314272041,46.27627182006836
bg_0813,background,chr6,154481500,154481,uniform random atlas bin (seed 20260702),,1.0,0.761206711242401,0.8806033556212005,51.591644287109375
bg_0814,background,chr6,156382500,156382,uniform random atlas bin (seed 20260702),,1.0,0.6796016531051978,0.8398008265525989,40.36407852172852
bg_0815,background,chr6,156970500,156970,uniform random atlas bin (seed 20260702),,1.0,0.74729304591985,0.8736465229599251,49.47863006591797
bg_0816,background,chr6,158659500,158659,uniform random atlas bin (seed 20260702),,1.0,0.7562511833369755,0.8781255916684878,42.2362060546875
bg_0817,background,chr6,159201500,159201,uniform random atlas bin (seed 20260702),,1.0,0.5553040842717836,0.7776520421358918,39.96758270263672
bg_0818,background,chr6,160128500,160128,uniform random atlas bin (seed 20260702),,1.0,0.7638222559621908,0.8819111279810954,40.9676628112793
bg_0819,background,chr6,161130500,161130,uniform random atlas bin (seed 20260702),,1.0,0.7010101958919792,0.8505050979459896,47.66931915283203
bg_0820,background,chr6,162532500,162532,uniform random atlas bin (seed 20260702),,1.0,0.6755499414358686,0.8377749707179343,37.437984466552734
bg_0821,background,chr6,165177500,165177,uniform random atlas bin (seed 20260702),,1.0,0.7497727161946155,0.8748863580973077,22.42524719238281
bg_0822,background,chr6,165269500,165269,uniform random atlas bin (seed 20260702),,1.0,0.7362330237363852,0.8681165118681926,24.28862190246582
bg_0823,background,chr6,166272500,166272,uniform random atlas bin (seed 20260702),,1.0,0.5336337752953437,0.7668168876476719,38.10006713867188
bg_0824,background,chr6,169249500,169249,uniform random atlas bin (seed 20260702),,1.0,0.8045365611571246,0.9022682805785622,37.57984924316406
bg_0825,background,chr7,94500,94,uniform random atlas bin (seed 20260702),,1.0,0.7607969677518931,0.8803984838759465,40.59760665893555
bg_0826,background,chr7,1179500,1179,uniform random atlas bin (seed 20260702),,1.0,0.7774930931477407,0.8887465465738704,40.70833969116211
bg_0827,background,chr7,2827500,2827,uniform random atlas bin (seed 20260702),,1.0,0.7643635726078418,0.882181786303921,50.26970291137695
bg_0828,background,chr7,7437500,7437,uniform random atlas bin (seed 20260702),,1.0,0.6655335971729635,0.8327667985864817,44.260520935058594
bg_0829,background,chr7,8321500,8321,uniform random atlas bin (seed 20260702),,1.0,0.7479892468235615,0.8739946234117808,49.70542907714844
bg_0830,background,chr7,11564500,11564,uniform random atlas bin (seed 20260702),,1.0,0.8179288147357975,0.9089644073678987,22.92295265197754
bg_0831,background,chr7,13368500,13368,uniform random atlas bin (seed 20260702),,1.0,0.6089245736819577,0.8044622868409789,31.28908920288086
bg_0832,background,chr7,13393500,13393,uniform random atlas bin (seed 20260702),,1.0,0.855101724422194,0.9275508622110971,21.931602478027344
bg_0833,background,chr7,18526500,18526,uniform random atlas bin (seed 20260702),,1.0,0.7749057352145888,0.8874528676072944,29.289831161499023
bg_0834,background,chr7,19168500,19168,uniform random atlas bin (seed 20260702),,1.0,0.7370814377168631,0.8685407188584315,23.409406661987305
bg_0835,background,chr7,19993500,19993,uniform random atlas bin (seed 20260702),,1.0,0.7376352382063358,0.8688176191031679,32.61763381958008
bg_0836,background,chr7,20316500,20316,uniform random atlas bin (seed 20260702),,1.0,0.6779167906079401,0.8389583953039701,52.12624740600586
bg_0837,background,chr7,23176500,23176,uniform random atlas bin (seed 20260702),,1.0,0.774027624764104,0.887013812382052,47.68391418457031
bg_0838,background,chr7,25003500,25003,uniform random atlas bin (seed 20260702),,1.0,0.7219034793754509,0.8609517396877254,46.74294662475586
bg_0839,background,chr7,25110500,25110,uniform random atlas bin (seed 20260702),,1.0,0.6321135833779283,0.8160567916889642,45.42182922363281
bg_0840,background,chr7,25219500,25219,uniform random atlas bin (seed 20260702),,1.0,0.7527851354892579,0.8763925677446289,39.73983001708984
bg_0841,background,chr7,25346500,25346,uniform random atlas bin (seed 20260702),,1.0,0.6283747577768175,0.8141873788884088,40.94200134277344
bg_0842,background,chr7,25985500,25985,uniform random atlas bin (seed 20260702),,1.0,0.7343104784468567,0.8671552392234283,41.00969696044922
bg_0843,background,chr7,27022500,27022,uniform random atlas bin (seed 20260702),,1.0,0.7712760831851629,0.8856380415925815,42.22559356689453
bg_0844,background,chr7,28659500,28659,uniform random atlas bin (seed 20260702),,1.0,0.821839370332756,0.910919685166378,31.578224182128903
bg_0845,background,chr7,29081500,29081,uniform random atlas bin (seed 20260702),,1.0,0.7388912741943525,0.8694456370971763,35.606544494628906
bg_0846,background,chr7,31772500,31772,uniform random atlas bin (seed 20260702),,1.0,0.7463791079642632,0.8731895539821316,41.54827117919922
bg_0847,background,chr7,33673500,33673,uniform random atlas bin (seed 20260702),,1.0,0.7574226481544328,0.8787113240772164,26.9908504486084
bg_0848,background,chr7,34851500,34851,uniform random atlas bin (seed 20260702),,1.0,0.6189178624149371,0.8094589312074685,50.19760894775391
bg_0849,background,chr7,36484500,36484,uniform random atlas bin (seed 20260702),,1.0,0.7419780363095423,0.8709890181547711,43.74850082397461
bg_0850,background,chr7,37991500,37991,uniform random atlas bin (seed 20260702),,1.0,0.7686777908685815,0.8843388954342908,50.25822830200195
bg_0851,background,chr7,38761500,38761,uniform random atlas bin (seed 20260702),,1.0,0.9238833120586524,0.9619416560293261,42.11238098144531
bg_0852,background,chr7,41652500,41652,uniform random atlas bin (seed 20260702),,1.0,0.7529543549750068,0.8764771774875034,23.70757102966309
bg_0853,background,chr7,42898500,42898,uniform random atlas bin (seed 20260702),,1.0,0.6321877934212703,0.8160938967106351,46.8085823059082
bg_0854,background,chr7,44566500,44566,uniform random atlas bin (seed 20260702),,1.0,0.9299937186534429,0.9649968593267215,53.23423004150391
bg_0855,background,chr7,50913500,50913,uniform random atlas bin (seed 20260702),,1.0,0.700265045287813,0.8501325226439065,47.02638244628906
bg_0856,background,chr7,52718500,52718,uniform random atlas bin (seed 20260702),,1.0,0.7682124720481913,0.8841062360240957,22.296531677246094
bg_0857,background,chr7,54036500,54036,uniform random atlas bin (seed 20260702),,1.0,0.7437321956241221,0.871866097812061,24.646137237548828
bg_0858,background,chr7,54929500,54929,uniform random atlas bin (seed 20260702),,1.0,0.6386936810129903,0.8193468405064952,38.586647033691406
bg_0859,background,chr7,60267500,60267,uniform random atlas bin (seed 20260702),,1.0,0.7634956836207991,0.8817478418103996,
bg_0860,background,chr7,60579500,60579,uniform random atlas bin (seed 20260702),,1.0,0.7634956836207991,0.8817478418103996,
bg_0861,background,chr7,60814500,60814,uniform random atlas bin (seed 20260702),,1.0,0.7634956836207991,0.8817478418103996,
bg_0862,background,chr7,64690500,64690,uniform random atlas bin (seed 20260702),,1.0,0.7331483796934208,0.8665741898467104,49.12923049926758
bg_0863,background,chr7,65432500,65432,uniform random atlas bin (seed 20260702),,1.0,0.7715854944078665,0.8857927472039333,38.65237808227539
bg_0864,background,chr7,66414500,66414,uniform random atlas bin (seed 20260702),,1.0,0.8686653817345886,0.9343326908672943,46.14491653442383
bg_0865,background,chr7,68153500,68153,uniform random atlas bin (seed 20260702),,1.0,0.6548917437746917,0.8274458718873459,38.6686897277832
bg_0866,background,chr7,68779500,68779,uniform random atlas bin (seed 20260702),,1.0,0.6165297657932178,0.8082648828966089,36.88008880615234
bg_0867,background,chr7,69756500,69756,uniform random atlas bin (seed 20260702),,1.0,0.7684215557246529,0.8842107778623265,42.41168212890625
bg_0868,background,chr7,69882500,69882,uniform random atlas bin (seed 20260702),,1.0,0.597719087575129,0.7988595437875645,32.954986572265625
bg_0869,background,chr7,70112500,70112,uniform random atlas bin (seed 20260702),,1.0,0.8627289191146023,0.9313644595573012,39.285762786865234
bg_0870,background,chr7,71298500,71298,uniform random atlas bin (seed 20260702),,1.0,0.6299597836318384,0.8149798918159192,38.60897445678711
bg_0871,background,chr7,72042500,72042,uniform random atlas bin (seed 20260702),,1.0,0.5932083673029468,0.7966041836514735,41.34503555297852
bg_0872,background,chr7,74737500,74737,uniform random atlas bin (seed 20260702),,1.0,0.5826385755205946,0.7913192877602973,
bg_0873,background,chr7,75805500,75805,uniform random atlas bin (seed 20260702),,1.0,0.8132385733313218,0.9066192866656608,51.28287506103516
bg_0874,background,chr7,76354500,76354,uniform random atlas bin (seed 20260702),,1.0,0.8974499597110353,0.9487249798555176,54.61109924316406
bg_0875,background,chr7,78595500,78595,uniform random atlas bin (seed 20260702),,1.0,0.6962335982747123,0.8481167991373562,22.6407527923584
bg_0876,background,chr7,78718500,78718,uniform random atlas bin (seed 20260702),,1.0,0.7386151980501205,0.8693075990250603,24.623720169067383
bg_0877,background,chr7,79250500,79250,uniform random atlas bin (seed 20260702),,1.0,0.685727766597487,0.8428638832987435,23.381946563720703
bg_0878,background,chr7,80071500,80071,uniform random atlas bin (seed 20260702),,1.0,0.7273900445458044,0.8636950222729022,24.509485244750977
bg_0879,background,chr7,81035500,81035,uniform random atlas bin (seed 20260702),,1.0,0.8325600844088052,0.9162800422044026,38.24396514892578
bg_0880,background,chr7,81207500,81207,uniform random atlas bin (seed 20260702),,1.0,0.7583331272182827,0.8791665636091414,55.794243
bg_0881,background,chr7,87455500,87455,uniform random atlas bin (seed 20260702),,1.0,0.7651273108083576,0.8825636554041788,46.11908
bg_0882,background,chr7,90588500,90588,uniform random atlas bin (seed 20260702),,1.0,0.6396080336645948,0.8198040168322974,38.93037
bg_0883,background,chr7,92957500,92957,uniform random atlas bin (seed 20260702),,1.0,0.5604014400338407,0.7802007200169203,46.302372
bg_0884,background,chr7,94360500,94360,uniform random atlas bin (seed 20260702),,1.0,0.6449810444282003,0.8224905222141001,38.356018
bg_0885,background,chr7,95085500,95085,uniform random atlas bin (seed 20260702),,1.0,0.777025469073859,0.8885127345369295,33.887062
bg_0886,background,chr7,97147500,97147,uniform random atlas bin (seed 20260702),,1.0,0.8850435725948766,0.9425217862974383,46.560658
bg_0887,background,chr7,98436500,98436,uniform random atlas bin (seed 20260702),,1.0,0.7230457870075728,0.8615228935037864,43.180775
bg_0888,background,chr7,101443500,101443,uniform random atlas bin (seed 20260702),,1.0,0.774283742397885,0.8871418711989425,42.53896
bg_0889,background,chr7,103522500,103522,uniform random atlas bin (seed 20260702),,1.0,0.5672523695646093,0.7836261847823047,48.885384
bg_0890,background,chr7,103726500,103726,uniform random atlas bin (seed 20260702),,1.0,0.7868288544939798,0.8934144272469899,49.546112
bg_0891,background,chr7,104252500,104252,uniform random atlas bin (seed 20260702),,1.0,0.8130624954089051,0.9065312477044525,41.065495
bg_0892,background,chr7,105216500,105216,uniform random atlas bin (seed 20260702),,1.0,0.7481288511943534,0.8740644255971767,47.22535
bg_0893,background,chr7,105274500,105274,uniform random atlas bin (seed 20260702),,1.0,0.7588897204407234,0.8794448602203617,51.011852
bg_0894,background,chr7,108178500,108178,uniform random atlas bin (seed 20260702),,1.0,0.7996135454884946,0.8998067727442474,47.79044
bg_0895,background,chr7,110880500,110880,uniform random atlas bin (seed 20260702),,1.0,0.7252598598289377,0.8626299299144689,37.182343
bg_0896,background,chr7,116173500,116173,uniform random atlas bin (seed 20260702),,1.0,0.7189253907833875,0.8594626953916937,46.347397
bg_0897,background,chr7,116636500,116636,uniform random atlas bin (seed 20260702),,1.0,0.7788946763154037,0.8894473381577018,41.801178
bg_0898,background,chr7,118569500,118569,uniform random atlas bin (seed 20260702),,1.0,0.7141948538316734,0.8570974269158367,27.339489
bg_0899,background,chr7,119823500,119823,uniform random atlas bin (seed 20260702),,1.0,0.8502502091642478,0.9251251045821238,43.967266
bg_0900,background,chr7,122234500,122234,uniform random atlas bin (seed 20260702),,1.0,0.714296323147056,0.857148161573528,28.312855
bg_0901,background,chr7,122793500,122793,uniform random atlas bin (seed 20260702),,1.0,0.7726354044391797,0.8863177022195898,21.614376
bg_0902,background,chr7,124353500,124353,uniform random atlas bin (seed 20260702),,1.0,0.7639340442032814,0.8819670221016407,24.273153
bg_0903,background,chr7,125204500,125204,uniform random atlas bin (seed 20260702),,1.0,0.7288274469650732,0.8644137234825366,42.072983
bg_0904,background,chr7,127792500,127792,uniform random atlas bin (seed 20260702),,0.0,0.8048774380081447,0.40243871900407235,49.93582
bg_0905,background,chr7,128443500,128443,uniform random atlas bin (seed 20260702),,1.0,0.7493254739193048,0.8746627369596525,51.159637
bg_0906,background,chr7,128541500,128541,uniform random atlas bin (seed 20260702),,1.0,0.8659150911887467,0.9329575455943733,49.66028
bg_0907,background,chr7,129080500,129080,uniform random atlas bin (seed 20260702),,1.0,0.8341611384882625,0.9170805692441313,49.864494
bg_0908,background,chr7,130054500,130054,uniform random atlas bin (seed 20260702),,1.0,0.788499329808055,0.8942496649040275,50.637356
bg_0909,background,chr7,133493500,133493,uniform random atlas bin (seed 20260702),,1.0,0.8056284421637572,0.9028142210818786,50.880424
bg_0910,background,chr7,133506500,133506,uniform random atlas bin (seed 20260702),,1.0,0.5326628276609942,0.7663314138304971,47.847992
bg_0911,background,chr7,133759500,133759,uniform random atlas bin (seed 20260702),,1.0,0.6758880017370728,0.8379440008685364,42.777405
bg_0912,background,chr7,134216500,134216,uniform random atlas bin (seed 20260702),,1.0,0.6753775135022488,0.8376887567511244,49.15416
bg_0913,background,chr7,134220500,134220,uniform random atlas bin (seed 20260702),,1.0,0.7111100358814484,0.8555550179407242,46.35638
bg_0914,background,chr7,134590500,134590,uniform random atlas bin (seed 20260702),,1.0,0.5761916182506901,0.788095809125345,40.070267
bg_0915,background,chr7,135820500,135820,uniform random atlas bin (seed 20260702),,1.0,0.7224072576887366,0.8612036288443683,44.043537
bg_0916,background,chr7,136704500,136704,uniform random atlas bin (seed 20260702),,1.0,0.8217669371509011,0.9108834685754506,42.827236
bg_0917,background,chr7,137431500,137431,uniform random atlas bin (seed 20260702),,1.0,0.7155936844761581,0.8577968422380791,26.65296
bg_0918,background,chr7,140984500,140984,uniform random atlas bin (seed 20260702),,1.0,0.7967110632456456,0.8983555316228228,39.799152
bg_0919,background,chr7,141783500,141783,uniform random atlas bin (seed 20260702),,1.0,0.7865597258660206,0.8932798629330103,47.19908
bg_0920,background,chr7,147045500,147045,uniform random atlas bin (seed 20260702),,1.0,0.8103633337665412,0.9051816668832706,26.125555
bg_0921,background,chr7,149104500,149104,uniform random atlas bin (seed 20260702),,1.0,0.6823338208966179,0.8411669104483089,44.42874
bg_0922,background,chr7,149240500,149240,uniform random atlas bin (seed 20260702),,1.0,0.9818995835364254,0.9909497917682126,53.173325
bg_0923,background,chr7,149765500,149765,uniform random atlas bin (seed 20260702),,1.0,0.8143446018670911,0.9071723009335455,44.505722
bg_0924,background,chr7,151340500,151340,uniform random atlas bin (seed 20260702),,1.0,0.6971797869445011,0.8485898934722506,51.97949
bg_0925,background,chr7,151592500,151592,uniform random atlas bin (seed 20260702),,1.0,0.6474132767948855,0.8237066383974427,40.859318
bg_0926,background,chr7,152429500,152429,uniform random atlas bin (seed 20260702),,1.0,0.9488774677801523,0.9744387338900762,56.036457
bg_0927,background,chr7,153352500,153352,uniform random atlas bin (seed 20260702),,1.0,0.6855832754311242,0.8427916377155621,27.843159
bg_0928,background,chr7,153838500,153838,uniform random atlas bin (seed 20260702),,1.0,0.7464785020825301,0.873239251041265,39.32931
bg_0929,background,chr8,1669500,1669,uniform random atlas bin (seed 20260702),,1.0,0.7435372894147327,0.8717686447073664,40.040524
bg_0930,background,chr8,3157500,3157,uniform random atlas bin (seed 20260702),,1.0,0.6887200419323828,0.8443600209661914,41.78352
bg_0931,background,chr8,4679500,4679,uniform random atlas bin (seed 20260702),,1.0,0.7760630133559052,0.8880315066779526,26.742064
bg_0932,background,chr8,5367500,5367,uniform random atlas bin (seed 20260702),,1.0,0.47860498200903423,0.7393024910045172,29.214003
bg_0933,background,chr8,7925500,7925,uniform random atlas bin (seed 20260702),,1.0,0.6038718724108295,0.8019359362054148,25.446444
bg_0934,background,chr8,8055500,8055,uniform random atlas bin (seed 20260702),,1.0,0.3326109595481107,0.6663054797740553,20.303339
bg_0935,background,chr8,11915500,11915,uniform random atlas bin (seed 20260702),,1.0,0.6967895575825009,0.8483947787912505,43.27932
bg_0936,background,chr8,13538500,13538,uniform random atlas bin (seed 20260702),,1.0,0.663206141683816,0.831603070841908,36.268738
bg_0937,background,chr8,13539500,13539,uniform random atlas bin (seed 20260702),,1.0,0.835656601991117,0.9178283009955586,35.724644
bg_0938,background,chr8,16633500,16633,uniform random atlas bin (seed 20260702),,1.0,0.5540708589223003,0.7770354294611501,27.036608
bg_0939,background,chr8,16783500,16783,uniform random atlas bin (seed 20260702),,1.0,0.7039747811392258,0.8519873905696129,39.852695
bg_0940,background,chr8,17215500,17215,uniform random atlas bin (seed 20260702),,1.0,0.7212425265354927,0.8606212632677464,48.15707
bg_0941,background,chr8,18956500,18956,uniform random atlas bin (seed 20260702),,1.0,0.5157823797110401,0.7578911898555201,41.160194
bg_0942,background,chr8,20725500,20725,uniform random atlas bin (seed 20260702),,1.0,0.7332719437834271,0.8666359718917136,39.608997
bg_0943,background,chr8,27257500,27257,uniform random atlas bin (seed 20260702),,1.0,0.7183583197490329,0.8591791598745164,45.023273
bg_0944,background,chr8,27382500,27382,uniform random atlas bin (seed 20260702),,1.0,0.5734946204779396,0.7867473102389698,50.293976
bg_0945,background,chr8,29102500,29102,uniform random atlas bin (seed 20260702),,1.0,0.7469613458358024,0.8734806729179012,46.454502
bg_0946,background,chr8,29116500,29116,uniform random atlas bin (seed 20260702),,1.0,0.7439597067161854,0.8719798533580927,40.556293
bg_0947,background,chr8,29611500,29611,uniform random atlas bin (seed 20260702),,1.0,0.6892391851622943,0.8446195925811472,47.326355
bg_0948,background,chr8,30081500,30081,uniform random atlas bin (seed 20260702),,1.0,0.9579351193415313,0.9789675596707657,53.847954
bg_0949,background,chr8,30766500,30766,uniform random atlas bin (seed 20260702),,1.0,0.7843003599824407,0.8921501799912204,47.77449
bg_0950,background,chr8,31611500,31611,uniform random atlas bin (seed 20260702),,1.0,0.6452008881592476,0.8226004440796237,21.500742
bg_0951,background,chr8,32967500,32967,uniform random atlas bin (seed 20260702),,1.0,0.8514022782776945,0.9257011391388472,23.434647
bg_0952,background,chr8,33512500,33512,uniform random atlas bin (seed 20260702),,1.0,0.9515647011785883,0.9757823505892942,54.36499
bg_0953,background,chr8,34856500,34856,uniform random atlas bin (seed 20260702),,1.0,0.7546774080494347,0.8773387040247174,34.873543
bg_0954,background,chr8,34940500,34940,uniform random atlas bin (seed 20260702),,1.0,0.8567893556971575,0.9283946778485788,24.01677
bg_0955,background,chr8,36947500,36947,uniform random atlas bin (seed 20260702),,1.0,0.6111898946299847,0.8055949473149924,29.768402
bg_0956,background,chr8,37199500,37199,uniform random atlas bin (seed 20260702),,1.0,0.7371271083467941,0.868563554173397,38.922028
bg_0957,background,chr8,39614500,39614,uniform random atlas bin (seed 20260702),,1.0,0.7535858376211256,0.8767929188105628,27.554909
bg_0958,background,chr8,40455500,40455,uniform random atlas bin (seed 20260702),,1.0,0.792363414727039,0.8961817073635194,36.612
bg_0959,background,chr8,40531500,40531,uniform random atlas bin (seed 20260702),,1.0,0.8010149028084524,0.9005074514042262,39.475216
bg_0960,background,chr8,41223500,41223,uniform random atlas bin (seed 20260702),,1.0,0.7746436635029424,0.8873218317514713,35.437748
bg_0961,background,chr8,46050500,46050,uniform random atlas bin (seed 20260702),,1.0,0.6972090382617154,0.8486045191308578,19.024366
bg_0962,background,chr8,46696500,46696,uniform random atlas bin (seed 20260702),,1.0,0.7264011883067198,0.8632005941533599,27.052904
bg_0963,background,chr8,47211500,47211,uniform random atlas bin (seed 20260702),,1.0,0.7850838141766234,0.8925419070883117,48.985867
bg_0964,background,chr8,47369500,47369,uniform random atlas bin (seed 20260702),,1.0,0.787340405479888,0.893670202739944,52.607193
bg_0965,background,chr8,50773500,50773,uniform random atlas bin (seed 20260702),,1.0,0.7158010531532444,0.8579005265766222,22.337238
bg_0966,background,chr8,51406500,51406,uniform random atlas bin (seed 20260702),,1.0,0.7715071034532669,0.8857535517266335,26.988693
bg_0967,background,chr8,55615500,55615,uniform random atlas bin (seed 20260702),,1.0,0.6470749490405723,0.8235374745202861,52.08411
bg_0968,background,chr8,57114500,57114,uniform random atlas bin (seed 20260702),,1.0,0.6358667347296283,0.8179333673648141,39.98548
bg_0969,background,chr8,57237500,57237,uniform random atlas bin (seed 20260702),,1.0,0.8203311572949797,0.9101655786474898,36.342995
bg_0970,background,chr8,57715500,57715,uniform random atlas bin (seed 20260702),,1.0,0.9320995498942973,0.9660497749471486,35.400692
bg_0971,background,chr8,60991500,60991,uniform random atlas bin (seed 20260702),,1.0,0.7446504674306436,0.8723252337153218,46.15059
bg_0972,background,chr8,64920500,64920,uniform random atlas bin (seed 20260702),,1.0,0.7809047011679224,0.8904523505839612,22.980503
bg_0973,background,chr8,65981500,65981,uniform random atlas bin (seed 20260702),,1.0,0.7851142826645733,0.8925571413322866,34.853638
bg_0974,background,chr8,66356500,66356,uniform random atlas bin (seed 20260702),,1.0,0.6370368321723281,0.818518416086164,43.64175
bg_0975,background,chr8,72042500,72042,uniform random atlas bin (seed 20260702),,1.0,0.7565646974853582,0.8782823487426791,42.377735
bg_0976,background,chr8,73761500,73761,uniform random atlas bin (seed 20260702),,1.0,0.7057117743257196,0.8528558871628598,46.688877
bg_0977,background,chr8,74972500,74972,uniform random atlas bin (seed 20260702),,1.0,0.6941736105663388,0.8470868052831694,25.802183
bg_0978,background,chr8,75729500,75729,uniform random atlas bin (seed 20260702),,1.0,0.8097581629616564,0.9048790814808282,23.439222
bg_0979,background,chr8,79175500,79175,uniform random atlas bin (seed 20260702),,1.0,0.7465225288022006,0.8732612644011003,26.506037
bg_0980,background,chr8,80791500,80791,uniform random atlas bin (seed 20260702),,1.0,0.5939954426712015,0.7969977213356008,38.1381
bg_0981,background,chr8,82255500,82255,uniform random atlas bin (seed 20260702),,1.0,0.8782605326947632,0.9391302663473816,24.703115
bg_0982,background,chr8,82545500,82545,uniform random atlas bin (seed 20260702),,1.0,0.8052821753990496,0.9026410876995248,24.337055
bg_0983,background,chr8,83218500,83218,uniform random atlas bin (seed 20260702),,1.0,0.7304564920628138,0.8652282460314069,23.638327
bg_0984,background,chr8,83535500,83535,uniform random atlas bin (seed 20260702),,1.0,0.7076193170541107,0.8538096585270554,24.117802
bg_0985,background,chr8,86377500,86377,uniform random atlas bin (seed 20260702),,1.0,0.6085684064082911,0.8042842032041455,45.2579
bg_0986,background,chr8,89690500,89690,uniform random atlas bin (seed 20260702),,1.0,0.6967632340827355,0.8483816170413678,48.422638
bg_0987,background,chr8,89858500,89858,uniform random atlas bin (seed 20260702),,1.0,0.567500308077942,0.7837501540389711,47.668728
bg_0988,background,chr8,90198500,90198,uniform random atlas bin (seed 20260702),,1.0,0.9637084236114035,0.9818542118057018,53.953014
bg_0989,background,chr8,92231500,92231,uniform random atlas bin (seed 20260702),,1.0,0.7469975590719038,0.8734987795359519,33.78447
bg_0990,background,chr8,92767500,92767,uniform random atlas bin (seed 20260702),,1.0,0.7867352930610871,0.8933676465305436,44.210583
bg_0991,background,chr8,93760500,93760,uniform random atlas bin (seed 20260702),,1.0,0.6203863349859948,0.8101931674929974,43.44122
bg_0992,background,chr8,94572500,94572,uniform random atlas bin (seed 20260702),,1.0,0.7627803877656805,0.8813901938828402,48.369614
bg_0993,background,chr8,97809500,97809,uniform random atlas bin (seed 20260702),,1.0,0.8387095185705352,0.9193547592852676,42.6736
bg_0994,background,chr8,98013500,98013,uniform random atlas bin (seed 20260702),,1.0,0.8084549657702615,0.9042274828851308,37.625706
bg_0995,background,chr8,100914500,100914,uniform random atlas bin (seed 20260702),,1.0,0.7132187920613066,0.8566093960306533,49.496082
bg_0996,background,chr8,101614500,101614,uniform random atlas bin (seed 20260702),,1.0,0.6999303969059156,0.8499651984529578,43.8536
bg_0997,background,chr8,102738500,102738,uniform random atlas bin (seed 20260702),,1.0,0.8013723829000783,0.9006861914500391,53.22338
bg_0998,background,chr8,102801500,102801,uniform random atlas bin (seed 20260702),,1.0,0.7185125636122143,0.8592562818061071,46.87208
bg_0999,background,chr8,103090500,103090,uniform random atlas bin (seed 20260702),,1.0,0.7507355539501317,0.8753677769750658,42.120365
bg_1000,background,chr8,103496500,103496,uniform random atlas bin (seed 20260702),,1.0,0.6713296941670042,0.8356648470835021,38.73234
bg_1001,background,chr8,105012500,105012,uniform random atlas bin (seed 20260702),,1.0,0.8237388639636055,0.9118694319818028,41.269005
bg_1002,background,chr8,107769500,107769,uniform random atlas bin (seed 20260702),,1.0,0.636029785992249,0.8180148929961245,35.963093
bg_1003,background,chr8,110225500,110225,uniform random atlas bin (seed 20260702),,1.0,0.6874857106458323,0.8437428553229162,22.173138
bg_1004,background,chr8,110676500,110676,uniform random atlas bin (seed 20260702),,1.0,0.6968033326604511,0.8484016663302256,26.58811
bg_1005,background,chr8,112473500,112473,uniform random atlas bin (seed 20260702),,1.0,0.7612609268493004,0.8806304634246502,24.801695
bg_1006,background,chr8,114854500,114854,uniform random atlas bin (seed 20260702),,1.0,0.7523515030902344,0.8761757515451172,27.043129
bg_1007,background,chr8,114863500,114863,uniform random atlas bin (seed 20260702),,0.0,0.7725179371971813,0.38625896859859066,24.170855
bg_1008,background,chr8,120769500,120769,uniform random atlas bin (seed 20260702),,1.0,0.732361955710021,0.8661809778550105,28.86867904663086
bg_1009,background,chr8,120825500,120825,uniform random atlas bin (seed 20260702),,1.0,0.7544323347154818,0.8772161673577409,25.097692489624023
bg_1010,background,chr8,121160500,121160,uniform random atlas bin (seed 20260702),,1.0,0.571259488717828,0.785629744358914,24.52242851257324
bg_1011,background,chr8,123293500,123293,uniform random atlas bin (seed 20260702),,1.0,0.803435971939856,0.901717985969928,48.631813049316406
bg_1012,background,chr8,123573500,123573,uniform random atlas bin (seed 20260702),,1.0,0.705398132449563,0.8526990662247815,42.80770111083984
bg_1013,background,chr8,123766500,123766,uniform random atlas bin (seed 20260702),,1.0,0.772404854589192,0.886202427294596,52.83388900756836
bg_1014,background,chr8,126398500,126398,uniform random atlas bin (seed 20260702),,1.0,0.7926944781902698,0.8963472390951349,44.45574569702149
bg_1015,background,chr8,130078500,130078,uniform random atlas bin (seed 20260702),,1.0,0.8409424662173353,0.9204712331086676,47.7996711730957
bg_1016,background,chr8,133900500,133900,uniform random atlas bin (seed 20260702),,1.0,0.7322089637433643,0.8661044818716821,38.73058319091797
bg_1017,background,chr8,135161500,135161,uniform random atlas bin (seed 20260702),,1.0,0.7386357421841525,0.8693178710920763,24.99961471557617
bg_1018,background,chr8,135540500,135540,uniform random atlas bin (seed 20260702),,1.0,0.7564640419369494,0.8782320209684746,28.638887405395508
bg_1019,background,chr8,135954500,135954,uniform random atlas bin (seed 20260702),,1.0,0.7171810138441455,0.8585905069220727,23.684490203857425
bg_1020,background,chr8,136555500,136555,uniform random atlas bin (seed 20260702),,1.0,0.7530986144444111,0.8765493072222055,20.194061279296875
bg_1021,background,chr8,138959500,138959,uniform random atlas bin (seed 20260702),,1.0,0.6494293151035484,0.8247146575517742,39.74189758300781
bg_1022,background,chr8,140018500,140018,uniform random atlas bin (seed 20260702),,1.0,0.6430881726407354,0.8215440863203677,39.85515213012695
bg_1023,background,chr8,140067500,140067,uniform random atlas bin (seed 20260702),,1.0,0.7805535426956478,0.8902767713478239,37.75665283203125
bg_1024,background,chr8,141175500,141175,uniform random atlas bin (seed 20260702),,1.0,0.739702748779235,0.8698513743896175,43.83559799194336
bg_1025,background,chr8,141766500,141766,uniform random atlas bin (seed 20260702),,1.0,0.7256561160785999,0.8628280580393,36.10841369628906
bg_1026,background,chr8,143123500,143123,uniform random atlas bin (seed 20260702),,1.0,0.6971703298509548,0.8485851649254774,28.55495262145996
bg_1027,background,chr9,133500,133,uniform random atlas bin (seed 20260702),,1.0,0.5120508041933265,0.7560254020966632,
bg_1028,background,chr9,786500,786,uniform random atlas bin (seed 20260702),,1.0,0.6990947130338289,0.8495473565169145,34.25667190551758
bg_1029,background,chr9,1008500,1008,uniform random atlas bin (seed 20260702),,1.0,0.817230339392943,0.9086151696964715,39.43423843383789
bg_1030,background,chr9,1209500,1209,uniform random atlas bin (seed 20260702),,1.0,0.8036350731800979,0.9018175365900489,27.839956283569336
bg_1031,background,chr9,1435500,1435,uniform random atlas bin (seed 20260702),,1.0,0.5592833593922949,0.7796416796961474,25.03640556335449
bg_1032,background,chr9,3429500,3429,uniform random atlas bin (seed 20260702),,1.0,0.8153130154942789,0.9076565077471395,33.807037353515625
bg_1033,background,chr9,6400500,6400,uniform random atlas bin (seed 20260702),,1.0,0.7050458162742423,0.8525229081371212,39.82907485961914
bg_1034,background,chr9,11854500,11854,uniform random atlas bin (seed 20260702),,1.0,0.611379879890537,0.8056899399452685,26.83266830444336
bg_1035,background,chr9,12611500,12611,uniform random atlas bin (seed 20260702),,1.0,0.7477713697559889,0.8738856848779945,24.32826042175293
bg_1036,background,chr9,13607500,13607,uniform random atlas bin (seed 20260702),,1.0,0.8363167796061405,0.9181583898030703,32.45943832397461
bg_1037,background,chr9,14647500,14647,uniform random atlas bin (seed 20260702),,1.0,0.8053881021941567,0.9026940510970783,49.66356658935547
bg_1038,background,chr9,18261500,18261,uniform random atlas bin (seed 20260702),,1.0,0.6463028151339659,0.823151407566983,31.08979797363281
bg_1039,background,chr9,18957500,18957,uniform random atlas bin (seed 20260702),,1.0,0.7587803251271152,0.8793901625635576,35.80419921875
bg_1040,background,chr9,21363500,21363,uniform random atlas bin (seed 20260702),,1.0,0.585173264709674,0.792586632354837,
bg_1041,background,chr9,22301500,22301,uniform random atlas bin (seed 20260702),,1.0,0.7634956836207991,0.8817478418103996,
bg_1042,background,chr9,22524500,22524,uniform random atlas bin (seed 20260702),,1.0,0.7634956836207991,0.8817478418103996,
bg_1043,background,chr9,22666500,22666,uniform random atlas bin (seed 20260702),,1.0,0.7634956836207991,0.8817478418103996,
bg_1044,background,chr9,23535500,23535,uniform random atlas bin (seed 20260702),,1.0,0.7634956836207991,0.8817478418103996,
bg_1045,background,chr9,25131500,25131,uniform random atlas bin (seed 20260702),,1.0,0.7634956836207991,0.8817478418103996,
bg_1046,background,chr9,28104500,28104,uniform random atlas bin (seed 20260702),,1.0,0.6557084098430087,0.8278542049215043,
bg_1047,background,chr9,28786500,28786,uniform random atlas bin (seed 20260702),,1.0,0.7634956836207991,0.8817478418103996,
bg_1048,background,chr9,30476500,30476,uniform random atlas bin (seed 20260702),,1.0,0.6055383441915854,0.8027691720957927,
bg_1049,background,chr9,32100500,32100,uniform random atlas bin (seed 20260702),,1.0,0.5087280648489376,0.7543640324244688,
bg_1050,background,chr9,32398500,32398,uniform random atlas bin (seed 20260702),,1.0,0.7247360237980405,0.8623680118990202,50.20159530639648
bg_1051,background,chr9,33681500,33681,uniform random atlas bin (seed 20260702),,1.0,0.7346018676990662,0.8673009338495331,50.20247268676758
bg_1052,background,chr9,39164500,39164,uniform random atlas bin (seed 20260702),,1.0,0.6215203492813226,0.8107601746406613,
bg_1053,background,chr9,41309500,41309,uniform random atlas bin (seed 20260702),,1.0,0.8209324991152185,0.9104662495576092,27.55908203125
bg_1054,background,chr9,44894500,44894,uniform random atlas bin (seed 20260702),,1.0,0.7634956836207991,0.8817478418103996,
bg_1055,background,chr9,47205500,47205,uniform random atlas bin (seed 20260702),,1.0,0.7634956836207991,0.8817478418103996,
bg_1056,background,chr9,48015500,48015,uniform random atlas bin (seed 20260702),,1.0,0.7634956836207991,0.8817478418103996,
bg_1057,background,chr9,48445500,48445,uniform random atlas bin (seed 20260702),,1.0,0.7634956836207991,0.8817478418103996,
bg_1058,background,chr9,49921500,49921,uniform random atlas bin (seed 20260702),,1.0,0.7634956836207991,0.8817478418103996,
bg_1059,background,chr9,50673500,50673,uniform random atlas bin (seed 20260702),,1.0,0.7634956836207991,0.8817478418103996,
bg_1060,background,chr9,53537500,53537,uniform random atlas bin (seed 20260702),,1.0,0.7634956836207991,0.8817478418103996,
bg_1061,background,chr9,54058500,54058,uniform random atlas bin (seed 20260702),,1.0,0.7634956836207991,0.8817478418103996,
bg_1062,background,chr9,54127500,54127,uniform random atlas bin (seed 20260702),,1.0,0.7634956836207991,0.8817478418103996,
bg_1063,background,chr9,54988500,54988,uniform random atlas bin (seed 20260702),,1.0,0.7634956836207991,0.8817478418103996,
bg_1064,background,chr9,56102500,56102,uniform random atlas bin (seed 20260702),,1.0,0.7634956836207991,0.8817478418103996,
bg_1065,background,chr9,56626500,56626,uniform random atlas bin (seed 20260702),,1.0,0.7634956836207991,0.8817478418103996,
bg_1066,background,chr9,57411500,57411,uniform random atlas bin (seed 20260702),,1.0,0.7634956836207991,0.8817478418103996,
bg_1067,background,chr9,58879500,58879,uniform random atlas bin (seed 20260702),,1.0,0.7634956836207991,0.8817478418103996,
bg_1068,background,chr9,63239500,63239,uniform random atlas bin (seed 20260702),,1.0,0.7634956836207991,0.8817478418103996,
bg_1069,background,chr9,64089500,64089,uniform random atlas bin (seed 20260702),,1.0,0.9126883430127548,0.9563441715063774,40.496700286865234
bg_1070,background,chr9,64116500,64116,uniform random atlas bin (seed 20260702),,1.0,0.9225947827131421,0.961297391356571,49.1688232421875
bg_1071,background,chr9,64165500,64165,uniform random atlas bin (seed 20260702),,1.0,0.7634956836207991,0.8817478418103996,
bg_1072,background,chr9,67167500,67167,uniform random atlas bin (seed 20260702),,1.0,0.7485316027465287,0.8742658013732644,
bg_1073,background,chr9,67628500,67628,uniform random atlas bin (seed 20260702),,1.0,0.5470473395878772,0.7735236697939386,
bg_1074,background,chr9,68551500,68551,uniform random atlas bin (seed 20260702),,1.0,0.7141491857853017,0.8570745928926509,40.75504302978516
bg_1075,background,chr9,70977500,70977,uniform random atlas bin (seed 20260702),,1.0,0.7104187699826588,0.8552093849913294,33.459190368652344
bg_1076,background,chr9,71201500,71201,uniform random atlas bin (seed 20260702),,1.0,0.7290826166219904,0.8645413083109952,
bg_1077,background,chr9,74209500,74209,uniform random atlas bin (seed 20260702),,1.0,0.5893360706851555,0.7946680353425777,31.402009963989254
bg_1078,background,chr9,76751500,76751,uniform random atlas bin (seed 20260702),,1.0,0.7287667426823898,0.8643833713411949,35.431358337402344
bg_1079,background,chr9,77038500,77038,uniform random atlas bin (seed 20260702),,1.0,0.5849073192611758,0.7924536596305879,32.713157653808594
bg_1080,background,chr9,77616500,77616,uniform random atlas bin (seed 20260702),,1.0,0.61267952067948,0.80633976033974,32.45668029785156
bg_1081,background,chr9,80424500,80424,uniform random atlas bin (seed 20260702),,1.0,0.67424659589181,0.837123297945905,26.56441307067871
bg_1082,background,chr9,82758500,82758,uniform random atlas bin (seed 20260702),,1.0,0.6537962279928526,0.8268981139964263,26.393871307373047
bg_1083,background,chr9,83517500,83517,uniform random atlas bin (seed 20260702),,1.0,0.7445137262426853,0.8722568631213427,25.54920768737793
bg_1084,background,chr9,84321500,84321,uniform random atlas bin (seed 20260702),,1.0,0.7694104094950511,0.8847052047475256,35.27072525024414
bg_1085,background,chr9,84782500,84782,uniform random atlas bin (seed 20260702),,1.0,0.7353221965256767,0.8676610982628383,36.26293182373047
bg_1086,background,chr9,88441500,88441,uniform random atlas bin (seed 20260702),,1.0,0.770265300376781,0.8851326501883905,39.78849411010742
bg_1087,background,chr9,89912500,89912,uniform random atlas bin (seed 20260702),,1.0,0.6286780562757206,0.8143390281378603,31.03717994689941
bg_1088,background,chr9,90812500,90812,uniform random atlas bin (seed 20260702),,0.0,0.8441960479953783,0.42209802399768914,49.742149353027344
bg_1089,background,chr9,94432500,94432,uniform random atlas bin (seed 20260702),,1.0,0.3870570911645489,0.6935285455822744,32.87898635864258
bg_1090,background,chr9,97289500,97289,uniform random atlas bin (seed 20260702),,1.0,0.8304826426775271,0.9152413213387636,48.88214111328125
bg_1091,background,chr9,97851500,97851,uniform random atlas bin (seed 20260702),,1.0,0.7054273046544446,0.8527136523272223,39.67889404296875
bg_1092,background,chr9,98602500,98602,uniform random atlas bin (seed 20260702),,1.0,0.806334675827348,0.903167337913674,42.79377365112305
bg_1093,background,chr9,103649500,103649,uniform random atlas bin (seed 20260702),,1.0,0.7302150148813926,0.8651075074406963,32.766136169433594
bg_1094,background,chr9,106712500,106712,uniform random atlas bin (seed 20260702),,1.0,0.6311357284264678,0.8155678642132339,21.69182014465332
bg_1095,background,chr9,106735500,106735,uniform random atlas bin (seed 20260702),,1.0,0.660832244525249,0.8304161222626245,24.147762298583984
bg_1096,background,chr9,106778500,106778,uniform random atlas bin (seed 20260702),,1.0,0.6233620781738276,0.8116810390869138,21.87995147705078
bg_1097,background,chr9,107010500,107010,uniform random atlas bin (seed 20260702),,1.0,0.6458258452577241,0.8229129226288621,23.265655517578125
bg_1098,background,chr9,107336500,107336,uniform random atlas bin (seed 20260702),,1.0,0.7179593608840048,0.8589796804420025,48.72521209716797
bg_1099,background,chr9,108448500,108448,uniform random atlas bin (seed 20260702),,1.0,0.5361588397327433,0.7680794198663716,38.07184600830078
bg_1100,background,chr9,109134500,109134,uniform random atlas bin (seed 20260702),,1.0,0.9020013226461505,0.9510006613230753,55.0034065246582
bg_1101,background,chr9,110661500,110661,uniform random atlas bin (seed 20260702),,1.0,0.8447843386062053,0.9223921693031026,23.817359924316406
bg_1102,background,chr9,110762500,110762,uniform random atlas bin (seed 20260702),,1.0,0.7877128722567779,0.8938564361283889,21.76360893249512
bg_1103,background,chr9,114403500,114403,uniform random atlas bin (seed 20260702),,1.0,0.8365332801352994,0.9182666400676497,46.7761344909668
bg_1104,background,chr9,114888500,114888,uniform random atlas bin (seed 20260702),,1.0,0.7984242971502685,0.8992121485751343,37.90541458129883
bg_1105,background,chr9,115973500,115973,uniform random atlas bin (seed 20260702),,1.0,0.711508514755623,0.8557542573778115,22.272411346435547
bg_1106,background,chr9,117652500,117652,uniform random atlas bin (seed 20260702),,1.0,0.46829892189598965,0.7341494609479948,26.941192626953125
bg_1107,background,chr9,118757500,118757,uniform random atlas bin (seed 20260702),,1.0,0.7442659684608433,0.8721329842304216,27.01472282409668
bg_1108,background,chr9,118888500,118888,uniform random atlas bin (seed 20260702),,1.0,0.5462595818033964,0.7731297909016982,22.93291473388672
bg_1109,background,chr9,118962500,118962,uniform random atlas bin (seed 20260702),,1.0,0.6614750600146301,0.830737530007315,20.86307144165039
bg_1110,background,chr9,119290500,119290,uniform random atlas bin (seed 20260702),,1.0,0.6797396200159935,0.8398698100079968,23.97430229187012
bg_1111,background,chr9,119568500,119568,uniform random atlas bin (seed 20260702),,1.0,0.8224986234101013,0.9112493117050506,24.437484741210938
bg_1112,background,chr9,120669500,120669,uniform random atlas bin (seed 20260702),,1.0,0.6112367696200476,0.8056183848100238,48.02752304077149
bg_1113,background,chr9,121650500,121650,uniform random atlas bin (seed 20260702),,1.0,0.8135808033657922,0.906790401682896,42.97718048095703
bg_1114,background,chr9,124498500,124498,uniform random atlas bin (seed 20260702),,1.0,0.7760936577289663,0.8880468288644832,42.429012298583984
bg_1115,background,chr9,124785500,124785,uniform random atlas bin (seed 20260702),,1.0,0.8216482365364877,0.9108241182682438,46.260738372802734
bg_1116,background,chr9,126163500,126163,uniform random atlas bin (seed 20260702),,1.0,0.6834376998021923,0.8417188499010961,38.86973190307617
bg_1117,background,chr9,126284500,126284,uniform random atlas bin (seed 20260702),,1.0,0.6626847356869292,0.8313423678434646,38.79207611083984
bg_1118,background,chr9,127905500,127905,uniform random atlas bin (seed 20260702),,1.0,0.8252216904020303,0.9126108452010151,51.611358642578125
bg_1119,background,chr9,128548500,128548,uniform random atlas bin (seed 20260702),,1.0,0.727218228528822,0.863609114264411,49.21861267089844
bg_1120,background,chr9,130797500,130797,uniform random atlas bin (seed 20260702),,0.0,0.7784933892898895,0.38924669464494477,44.1771354675293
bg_1121,background,chr9,132812500,132812,uniform random atlas bin (seed 20260702),,1.0,0.784810255185374,0.892405127592687,41.84351348876953
bg_1122,background,chr9,132918500,132918,uniform random atlas bin (seed 20260702),,1.0,0.8439762763217782,0.9219881381608891,46.927677154541016
bg_1123,background,chr9,133096500,133096,uniform random atlas bin (seed 20260702),,1.0,0.7353271125041274,0.8676635562520637,32.89765167236328
bg_1124,background,chr9,134672500,134672,uniform random atlas bin (seed 20260702),,1.0,0.7596953136371409,0.8798476568185705,34.1322135925293
bg_1125,background,chr9,137306500,137306,uniform random atlas bin (seed 20260702),,1.0,0.7824151805889746,0.8912075902944874,52.82723236083984
bg_1126,background,chr10,443500,443,uniform random atlas bin (seed 20260702),,1.0,0.7719273770711851,0.8859636885355926,32.63669204711914
bg_1127,background,chr10,496500,496,uniform random atlas bin (seed 20260702),,1.0,0.5229927570131757,0.7614963785065878,36.667476654052734
bg_1128,background,chr10,1133500,1133,uniform random atlas bin (seed 20260702),,1.0,0.6876228994335525,0.8438114497167762,44.34665298461914
bg_1129,background,chr10,1141500,1141,uniform random atlas bin (seed 20260702),,1.0,0.5843299859630746,0.7921649929815373,40.92235565185547
bg_1130,background,chr10,1229500,1229,uniform random atlas bin (seed 20260702),,1.0,0.6112063273911531,0.8056031636955765,40.24927520751953
bg_1131,background,chr10,1785500,1785,uniform random atlas bin (seed 20260702),,1.0,0.5156648604333585,0.7578324302166792,40.35104370117188
bg_1132,background,chr10,6208500,6208,uniform random atlas bin (seed 20260702),,1.0,0.702300560407447,0.8511502802037235,42.81715774536133
bg_1133,background,chr10,7566500,7566,uniform random atlas bin (seed 20260702),,1.0,0.6129193136866913,0.8064596568433456,37.766334533691406
bg_1134,background,chr10,9467500,9467,uniform random atlas bin (seed 20260702),,1.0,0.7187207510165564,0.8593603755082782,22.23099899291992
bg_1135,background,chr10,13133500,13133,uniform random atlas bin (seed 20260702),,1.0,0.8205570412282563,0.9102785206141282,45.74215698242188
bg_1136,background,chr10,13822500,13822,uniform random atlas bin (seed 20260702),,1.0,0.7223770404094046,0.8611885202047023,36.8358154296875
bg_1137,background,chr10,13951500,13951,uniform random atlas bin (seed 20260702),,1.0,0.7871602547670242,0.8935801273835121,39.73198318481445
bg_1138,background,chr10,14210500,14210,uniform random atlas bin (seed 20260702),,1.0,0.7466902133267617,0.8733451066633808,37.06664276123047
bg_1139,background,chr10,16835500,16835,uniform random atlas bin (seed 20260702),,1.0,0.7734777774792844,0.8867388887396421,47.034027099609375
bg_1140,background,chr10,18952500,18952,uniform random atlas bin (seed 20260702),,1.0,0.7874349963069095,0.8937174981534548,28.992795944213867
bg_1141,background,chr10,21410500,21410,uniform random atlas bin (seed 20260702),,1.0,0.7142717952820551,0.8571358976410275,42.02517318725586
bg_1142,background,chr10,23491500,23491,uniform random atlas bin (seed 20260702),,1.0,0.5144668866090535,0.7572334433045267,36.90679550170898
bg_1143,background,chr10,25791500,25791,uniform random atlas bin (seed 20260702),,1.0,0.6960130422353321,0.8480065211176661,39.96968078613281
bg_1144,background,chr10,26342500,26342,uniform random atlas bin (seed 20260702),,1.0,0.5361731319960834,0.7680865659980417,40.38477325439453
bg_1145,background,chr10,29384500,29384,uniform random atlas bin (seed 20260702),,1.0,0.71754845202275,0.858774226011375,37.56093597412109
bg_1146,background,chr10,33382500,33382,uniform random atlas bin (seed 20260702),,1.0,0.6603542054556986,0.8301771027278493,38.58191680908203
bg_1147,background,chr10,33397500,33397,uniform random atlas bin (seed 20260702),,1.0,0.670567434347891,0.8352837171739456,36.65026092529297
bg_1148,background,chr10,36526500,36526,uniform random atlas bin (seed 20260702),,1.0,0.7917284787024019,0.895864239351201,28.48081398010254
bg_1149,background,chr10,36600500,36600,uniform random atlas bin (seed 20260702),,1.0,0.7195427906740668,0.8597713953370334,23.324708938598636
bg_1150,background,chr10,38736500,38736,uniform random atlas bin (seed 20260702),,1.0,0.7078667953958948,0.8539333976979474,21.03046989440918
bg_1151,background,chr10,40825500,40825,uniform random atlas bin (seed 20260702),,1.0,0.7634956836207991,0.8817478418103996,
bg_1152,background,chr10,41185500,41185,uniform random atlas bin (seed 20260702),,1.0,0.7634956836207991,0.8817478418103996,
bg_1153,background,chr10,41274500,41274,uniform random atlas bin (seed 20260702),,1.0,0.5756949356811667,0.7878474678405833,
bg_1154,background,chr10,41296500,41296,uniform random atlas bin (seed 20260702),,1.0,0.6272708911258539,0.8136354455629269,21.24282455444336
bg_1155,background,chr10,42416500,42416,uniform random atlas bin (seed 20260702),,1.0,0.7541858894729151,0.8770929447364575,31.431854248046875
bg_1156,background,chr10,42868500,42868,uniform random atlas bin (seed 20260702),,1.0,0.8109016230698102,0.9054508115349051,38.4254035949707
bg_1157,background,chr10,42883500,42883,uniform random atlas bin (seed 20260702),,1.0,0.7619631298787323,0.8809815649393662,37.607887268066406
bg_1158,background,chr10,44225500,44225,uniform random atlas bin (seed 20260702),,1.0,0.8097816301689817,0.9048908150844909,40.766597747802734
bg_1159,background,chr10,45727500,45727,uniform random atlas bin (seed 20260702),,1.0,0.985877294229039,0.9929386471145195,42.80291366577149
bg_1160,background,chr10,46105500,46105,uniform random atlas bin (seed 20260702),,1.0,0.8867999834401308,0.9433999917200654,52.3010368347168
bg_1161,background,chr10,47846500,47846,uniform random atlas bin (seed 20260702),,1.0,0.7634956836207991,0.8817478418103996,
bg_1162,background,chr10,48489500,48489,uniform random atlas bin (seed 20260702),,1.0,0.6865337085806866,0.8432668542903433,50.52920913696289
bg_1163,background,chr10,49486500,49486,uniform random atlas bin (seed 20260702),,1.0,0.7579643260415987,0.8789821630207993,48.125762939453125
bg_1164,background,chr10,50586500,50586,uniform random atlas bin (seed 20260702),,1.0,0.7224489857265415,0.8612244928632707,55.79219055175781
bg_1165,background,chr10,51201500,51201,uniform random atlas bin (seed 20260702),,1.0,0.8328488323813754,0.9164244161906877,24.521469116210938
bg_1166,background,chr10,52607500,52607,uniform random atlas bin (seed 20260702),,1.0,0.7328613956539107,0.8664306978269554,23.72340202331543
bg_1167,background,chr10,53368500,53368,uniform random atlas bin (seed 20260702),,1.0,0.699656302605278,0.849828151302639,23.003461837768555
bg_1168,background,chr10,53597500,53597,uniform random atlas bin (seed 20260702),,1.0,0.7063061341264296,0.8531530670632148,22.6029109954834
bg_1169,background,chr10,55629500,55629,uniform random atlas bin (seed 20260702),,1.0,0.6785945027688254,0.8392972513844127,33.80998229980469
bg_1170,background,chr10,56372500,56372,uniform random atlas bin (seed 20260702),,1.0,0.832006338533994,0.916003169266997,46.40866088867188
bg_1171,background,chr10,58999500,58999,uniform random atlas bin (seed 20260702),,1.0,0.6646809221762935,0.8323404610881467,29.538747787475582
bg_1172,background,chr10,59790500,59790,uniform random atlas bin (seed 20260702),,1.0,0.7951462102847675,0.8975731051423838,45.39717483520508
bg_1173,background,chr10,63121500,63121,uniform random atlas bin (seed 20260702),,1.0,0.6252880680631239,0.8126440340315619,49.513519287109375
bg_1174,background,chr10,63310500,63310,uniform random atlas bin (seed 20260702),,1.0,0.8367749344503674,0.9183874672251837,48.3177604675293
bg_1175,background,chr10,64307500,64307,uniform random atlas bin (seed 20260702),,1.0,0.8102211043542595,0.9051105521771298,23.28731155395508
bg_1176,background,chr10,65552500,65552,uniform random atlas bin (seed 20260702),,1.0,0.6637470723679154,0.8318735361839578,23.55242156982422
bg_1177,background,chr10,65574500,65574,uniform random atlas bin (seed 20260702),,1.0,0.8282355907719372,0.9141177953859686,25.313400268554688
bg_1178,background,chr10,67609500,67609,uniform random atlas bin (seed 20260702),,1.0,0.7298917438143819,0.864945871907191,31.20111083984375
bg_1179,background,chr10,68241500,68241,uniform random atlas bin (seed 20260702),,1.0,0.8351742837567133,0.9175871418783567,41.30916595458984
bg_1180,background,chr10,68319500,68319,uniform random atlas bin (seed 20260702),,1.0,0.7285270988578304,0.8642635494289153,44.6241340637207
bg_1181,background,chr10,68342500,68342,uniform random atlas bin (seed 20260702),,1.0,0.8034620527232454,0.9017310263616227,46.62857818603516
bg_1182,background,chr10,68838500,68838,uniform random atlas bin (seed 20260702),,1.0,0.6420510047670962,0.8210255023835481,47.31313705444336
bg_1183,background,chr10,69518500,69518,uniform random atlas bin (seed 20260702),,1.0,0.6641711230540024,0.8320855615270012,36.88321304321289
bg_1184,background,chr10,71169500,71169,uniform random atlas bin (seed 20260702),,1.0,0.6700772669400611,0.8350386334700306,38.92930221557617
bg_1185,background,chr10,71324500,71324,uniform random atlas bin (seed 20260702),,1.0,0.7285549922981804,0.8642774961490902,50.62256622314453
bg_1186,background,chr10,73546500,73546,uniform random atlas bin (seed 20260702),,1.0,0.7644146226882647,0.8822073113441323,46.84074783325195
bg_1187,background,chr10,73930500,73930,uniform random atlas bin (seed 20260702),,1.0,0.7768080789795027,0.8884040394897513,53.284854888916016
bg_1188,background,chr10,76696500,76696,uniform random atlas bin (seed 20260702),,1.0,0.64341421552058,0.82170710776029,24.6406307220459
bg_1189,background,chr10,78024500,78024,uniform random atlas bin (seed 20260702),,1.0,0.8187321789160463,0.9093660894580231,46.246212005615234
bg_1190,background,chr10,78400500,78400,uniform random atlas bin (seed 20260702),,1.0,0.6625560343612221,0.8312780171806111,38.889530181884766
bg_1191,background,chr10,79604500,79604,uniform random atlas bin (seed 20260702),,1.0,0.7516092202976455,0.8758046101488228,43.22608947753906
bg_1192,background,chr10,82231500,82231,uniform random atlas bin (seed 20260702),,1.0,0.7982054401348373,0.8991027200674186,21.730913162231445
bg_1193,background,chr10,83322500,83322,uniform random atlas bin (seed 20260702),,1.0,0.7284900744641895,0.8642450372320947,21.178386688232425
bg_1194,background,chr10,83365500,83365,uniform random atlas bin (seed 20260702),,1.0,0.6855132651593534,0.8427566325796767,23.178590774536133
bg_1195,background,chr10,84148500,84148,uniform random atlas bin (seed 20260702),,1.0,0.8114088653652097,0.9057044326826049,48.08048248291016
bg_1196,background,chr10,84746500,84746,uniform random atlas bin (seed 20260702),,0.0,0.6007852789550127,0.30039263947750633,30.475059509277344
bg_1197,background,chr10,84904500,84904,uniform random atlas bin (seed 20260702),,1.0,0.5317467733830972,0.7658733866915486,21.941051483154297
bg_1198,background,chr10,85358500,85358,uniform random atlas bin (seed 20260702),,1.0,0.7634956836207991,0.8817478418103996,
bg_1199,background,chr10,86173500,86173,uniform random atlas bin (seed 20260702),,1.0,0.5451956644831879,0.772597832241594,32.22195053100586
bg_1200,background,chr10,87857500,87857,uniform random atlas bin (seed 20260702),,1.0,0.7563063435710631,0.8781531717855315,47.5810432434082
bg_1201,background,chr10,91214500,91214,uniform random atlas bin (seed 20260702),,1.0,0.9443421046281956,0.9721710523140978,51.5543098449707
bg_1202,background,chr10,91487500,91487,uniform random atlas bin (seed 20260702),,1.0,0.7059320092076242,0.8529660046038121,40.69853591918945
bg_1203,background,chr10,94904500,94904,uniform random atlas bin (seed 20260702),,1.0,0.7185986531112751,0.8592993265556376,26.786195755004883
bg_1204,background,chr10,95051500,95051,uniform random atlas bin (seed 20260702),,1.0,0.7041633923479704,0.8520816961739852,31.99995231628418
bg_1205,background,chr10,95401500,95401,uniform random atlas bin (seed 20260702),,1.0,0.7780364824532362,0.8890182412266181,50.06255722045898
bg_1206,background,chr10,95530500,95530,uniform random atlas bin (seed 20260702),,1.0,0.9031697158513169,0.9515848579256585,53.99887466430664
bg_1207,background,chr10,96085500,96085,uniform random atlas bin (seed 20260702),,1.0,0.9179156478833529,0.9589578239416765,50.406394958496094
bg_1208,background,chr10,97498500,97498,uniform random atlas bin (seed 20260702),,1.0,0.9868156877956799,0.99340784389784,46.59099960327149
bg_1209,background,chr10,98525500,98525,uniform random atlas bin (seed 20260702),,1.0,0.5886072046191239,0.794303602309562,36.59565734863281
bg_1210,background,chr10,99903500,99903,uniform random atlas bin (seed 20260702),,1.0,0.8573841953595136,0.9286920976797568,44.7125358581543
bg_1211,background,chr10,102843500,102843,uniform random atlas bin (seed 20260702),,1.0,0.7678683176329848,0.8839341588164924,44.9139289855957
bg_1212,background,chr10,103803500,103803,uniform random atlas bin (seed 20260702),,1.0,0.7360338414388087,0.8680169207194044,39.56393051147461
bg_1213,background,chr10,103867500,103867,uniform random atlas bin (seed 20260702),,1.0,0.6796370141808985,0.8398185070904493,36.55666732788086
bg_1214,background,chr10,105360500,105360,uniform random atlas bin (seed 20260702),,1.0,0.6248083810185638,0.8124041905092819,30.304601669311523
bg_1215,background,chr10,107155500,107155,uniform random atlas bin (seed 20260702),,1.0,0.6816699350789164,0.8408349675394582,31.64944839477539
bg_1216,background,chr10,113582500,113582,uniform random atlas bin (seed 20260702),,1.0,0.7263555717515724,0.8631777858757862,39.13325500488281
bg_1217,background,chr10,113966500,113966,uniform random atlas bin (seed 20260702),,1.0,0.8318446308508891,0.9159223154254446,41.708255767822266
bg_1218,background,chr10,114146500,114146,uniform random atlas bin (seed 20260702),,1.0,0.8652448081675697,0.9326224040837848,39.49405288696289
bg_1219,background,chr10,114889500,114889,uniform random atlas bin (seed 20260702),,1.0,0.6270588281601344,0.8135294140800672,36.66964340209961
bg_1220,background,chr10,116045500,116045,uniform random atlas bin (seed 20260702),,1.0,0.6463376159354204,0.8231688079677102,32.53360366821289
bg_1221,background,chr10,116476500,116476,uniform random atlas bin (seed 20260702),,1.0,0.6504266410843386,0.8252133205421692,35.65183639526367
bg_1222,background,chr10,116849500,116849,uniform random atlas bin (seed 20260702),,1.0,0.6284920274897257,0.8142460137448628,37.18362808227539
bg_1223,background,chr10,117084500,117084,uniform random atlas bin (seed 20260702),,1.0,0.43247200304733147,0.7162360015236657,28.06254005432129
bg_1224,background,chr10,120975500,120975,uniform random atlas bin (seed 20260702),,1.0,0.802821298986305,0.9014106494931525,33.00260543823242
bg_1225,background,chr10,125159500,125159,uniform random atlas bin (seed 20260702),,1.0,0.9946791868732235,0.9973395934366118,48.04457473754883
bg_1226,background,chr10,126663500,126663,uniform random atlas bin (seed 20260702),,1.0,0.6406863985708902,0.8203431992854451,30.925127029418945
bg_1227,background,chr10,133768500,133768,uniform random atlas bin (seed 20260702),,1.0,0.5924293828689848,0.7962146914344924,
bg_1228,background,chr11,4769500,4769,uniform random atlas bin (seed 20260702),,1.0,0.6147670494935285,0.8073835247467642,39.59048843383789
bg_1229,background,chr11,4843500,4843,uniform random atlas bin (seed 20260702),,1.0,0.7011970972077625,0.8505985486038812,34.2452507019043
bg_1230,background,chr11,4904500,4904,uniform random atlas bin (seed 20260702),,1.0,0.5573336613768323,0.7786668306884161,39.593292236328125
bg_1231,background,chr11,6478500,6478,uniform random atlas bin (seed 20260702),,1.0,0.8509713240069182,0.925485662003459,44.963863372802734
bg_1232,background,chr11,7270500,7270,uniform random atlas bin (seed 20260702),,1.0,0.7880236906123,0.8940118453061501,40.42670822143555
bg_1233,background,chr11,16493500,16493,uniform random atlas bin (seed 20260702),,1.0,0.7504878286355187,0.8752439143177593,48.80918502807617
bg_1234,background,chr11,22294500,22294,uniform random atlas bin (seed 20260702),,1.0,0.7423368772755067,0.8711684386377534,30.818382263183597
bg_1235,background,chr11,22800500,22800,uniform random atlas bin (seed 20260702),,1.0,0.571494614341158,0.785747307170579,48.55484771728516
bg_1236,background,chr11,23442500,23442,uniform random atlas bin (seed 20260702),,1.0,0.5643748751548245,0.7821874375774123,24.3813419342041
bg_1237,background,chr11,27944500,27944,uniform random atlas bin (seed 20260702),,1.0,0.7485316027465287,0.8742658013732644,
bg_1238,background,chr11,28934500,28934,uniform random atlas bin (seed 20260702),,1.0,0.7007578300810569,0.8503789150405284,30.136964797973636
bg_1239,background,chr11,32466500,32466,uniform random atlas bin (seed 20260702),,1.0,0.8157697786687822,0.9078848893343912,50.35179138183594
bg_1240,background,chr11,33292500,33292,uniform random atlas bin (seed 20260702),,1.0,0.8047938533328195,0.9023969266664098,48.33690643310547
bg_1241,background,chr11,35182500,35182,uniform random atlas bin (seed 20260702),,1.0,0.715080363857945,0.8575401819289725,39.5132942199707
bg_1242,background,chr11,36027500,36027,uniform random atlas bin (seed 20260702),,1.0,0.7232633835905526,0.8616316917952763,48.30019760131836
bg_1243,background,chr11,37278500,37278,uniform random atlas bin (seed 20260702),,1.0,0.687790772982374,0.843895386491187,30.545642852783203
bg_1244,background,chr11,38528500,38528,uniform random atlas bin (seed 20260702),,1.0,0.8297770126853531,0.9148885063426766,42.985130310058594
bg_1245,background,chr11,39574500,39574,uniform random atlas bin (seed 20260702),,1.0,0.7641048367057922,0.8820524183528962,22.059419631958008
bg_1246,background,chr11,40204500,40204,uniform random atlas bin (seed 20260702),,1.0,0.7295844011020766,0.8647922005510382,23.570695877075195
bg_1247,background,chr11,40218500,40218,uniform random atlas bin (seed 20260702),,1.0,0.8820539838548517,0.9410269919274259,23.816146850585938
bg_1248,background,chr11,41362500,41362,uniform random atlas bin (seed 20260702),,1.0,0.6996564110679411,0.8498282055339705,21.8745174407959
bg_1249,background,chr11,42599500,42599,uniform random atlas bin (seed 20260702),,1.0,0.7762476442453429,0.8881238221226715,21.07893180847168
bg_1250,background,chr11,43252500,43252,uniform random atlas bin (seed 20260702),,1.0,0.7533598664637183,0.8766799332318591,31.513917922973636
bg_1251,background,chr11,44791500,44791,uniform random atlas bin (seed 20260702),,1.0,0.7473403785618953,0.8736701892809476,41.79051971435547
bg_1252,background,chr11,45225500,45225,uniform random atlas bin (seed 20260702),,1.0,0.6121583507247226,0.8060791753623613,35.2272834777832
bg_1253,background,chr11,45888500,45888,uniform random atlas bin (seed 20260702),,1.0,0.6538093466059003,0.8269046733029501,46.638916015625
bg_1254,background,chr11,46401500,46401,uniform random atlas bin (seed 20260702),,1.0,0.7376154277557814,0.8688077138778907,42.93532943725586
bg_1255,background,chr11,47695500,47695,uniform random atlas bin (seed 20260702),,1.0,0.6797010644794275,0.8398505322397137,46.1537971496582
bg_1256,background,chr11,50029500,50029,uniform random atlas bin (seed 20260702),,1.0,0.857067934020565,0.9285339670102826,20.28582572937012
bg_1257,background,chr11,50330500,50330,uniform random atlas bin (seed 20260702),,1.0,0.7175177933291129,0.8587588966645565,25.96442985534668
bg_1258,background,chr11,51040500,51040,uniform random atlas bin (seed 20260702),,1.0,0.7634956836207991,0.8817478418103996,
bg_1259,background,chr11,51319500,51319,uniform random atlas bin (seed 20260702),,1.0,0.7634956836207991,0.8817478418103996,
bg_1260,background,chr11,52594500,52594,uniform random atlas bin (seed 20260702),,1.0,0.7634956836207991,0.8817478418103996,
bg_1261,background,chr11,57485500,57485,uniform random atlas bin (seed 20260702),,1.0,0.8858611982775749,0.9429305991387875,50.39265441894531
bg_1262,background,chr11,60753500,60753,uniform random atlas bin (seed 20260702),,1.0,0.8320643209927466,0.9160321604963733,45.30783462524414
bg_1263,background,chr11,62750500,62750,uniform random atlas bin (seed 20260702),,1.0,0.8031136317174048,0.9015568158587024,49.98568344116211
bg_1264,background,chr11,63529500,63529,uniform random atlas bin (seed 20260702),,1.0,0.9096277512666386,0.9548138756333193,53.31988143920898
bg_1265,background,chr11,67993500,67993,uniform random atlas bin (seed 20260702),,1.0,0.3160812752284424,0.6580406376142212,47.25600814819336
bg_1266,background,chr11,69063500,69063,uniform random atlas bin (seed 20260702),,1.0,0.7665092879421151,0.8832546439710576,45.63733673095703
bg_1267,background,chr11,77108500,77108,uniform random atlas bin (seed 20260702),,1.0,0.752424024173181,0.8762120120865905,42.85308074951172
bg_1268,background,chr11,78773500,78773,uniform random atlas bin (seed 20260702),,1.0,0.7239744317383618,0.8619872158691809,40.88715744018555
bg_1269,background,chr11,79349500,79349,uniform random atlas bin (seed 20260702),,1.0,0.5803391805920254,0.7901695902960126,38.25079345703125
bg_1270,background,chr11,84623500,84623,uniform random atlas bin (seed 20260702),,1.0,0.7537617885662221,0.876880894283111,26.98202133178711
bg_1271,background,chr11,85533500,85533,uniform random atlas bin (seed 20260702),,1.0,0.6668424824330739,0.8334212412165369,32.564430236816406
bg_1272,background,chr11,86239500,86239,uniform random atlas bin (seed 20260702),,1.0,0.7617447675935166,0.8808723837967583,53.4774284362793
bg_1273,background,chr11,88042500,88042,uniform random atlas bin (seed 20260702),,1.0,0.6852188267327032,0.8426094133663515,33.80338287353516
bg_1274,background,chr11,90020500,90020,uniform random atlas bin (seed 20260702),,1.0,0.753118912506973,0.8765594562534865,
bg_1275,background,chr11,90206500,90206,uniform random atlas bin (seed 20260702),,1.0,0.7917252485994013,0.8958626242997006,49.11750793457031
bg_1276,background,chr11,91057500,91057,uniform random atlas bin (seed 20260702),,1.0,0.8160262460988688,0.9080131230494344,20.02915382385254
bg_1277,background,chr11,92142500,92142,uniform random atlas bin (seed 20260702),,1.0,0.7440837712689925,0.8720418856344962,35.56698989868164
bg_1278,background,chr11,94518500,94518,uniform random atlas bin (seed 20260702),,1.0,0.5661752701234279,0.783087635061714,45.8309326171875
bg_1279,background,chr11,94528500,94528,uniform random atlas bin (seed 20260702),,1.0,0.6191807841348209,0.8095903920674105,46.78821563720703
bg_1280,background,chr11,95537500,95537,uniform random atlas bin (seed 20260702),,1.0,0.7620457630852213,0.8810228815426107,47.12089538574219
bg_1281,background,chr11,96310500,96310,uniform random atlas bin (seed 20260702),,0.0,0.7535258089898242,0.3767629044949121,53.6943473815918
bg_1282,background,chr11,97024500,97024,uniform random atlas bin (seed 20260702),,1.0,0.6849092656741476,0.8424546328370738,24.547119140625
bg_1283,background,chr11,100392500,100392,uniform random atlas bin (seed 20260702),,1.0,0.6755750876999633,0.8377875438499817,26.009069442749023
bg_1284,background,chr11,101221500,101221,uniform random atlas bin (seed 20260702),,1.0,0.7746766643348724,0.8873383321674362,22.140729904174805
bg_1285,background,chr11,104521500,104521,uniform random atlas bin (seed 20260702),,1.0,0.787574614921154,0.893787307460577,27.233116149902344
bg_1286,background,chr11,106008500,106008,uniform random atlas bin (seed 20260702),,1.0,0.7568667452969159,0.8784333726484579,43.4755744934082
bg_1287,background,chr11,106182500,106182,uniform random atlas bin (seed 20260702),,1.0,0.5247441766605434,0.7623720883302717,33.97020721435547
bg_1288,background,chr11,114324500,114324,uniform random atlas bin (seed 20260702),,1.0,0.7251456766684801,0.86257283833424,42.83204650878906
bg_1289,background,chr11,118476500,118476,uniform random atlas bin (seed 20260702),,0.0,0.8074982892909831,0.40374914464549155,47.67900466918945
bg_1290,background,chr11,119681500,119681,uniform random atlas bin (seed 20260702),,1.0,0.6826037845970859,0.8413018922985429,38.56485366821289
bg_1291,background,chr11,119968500,119968,uniform random atlas bin (seed 20260702),,1.0,0.7600983021920702,0.8800491510960351,37.3359375
bg_1292,background,chr11,120413500,120413,uniform random atlas bin (seed 20260702),,1.0,0.6686420872802286,0.8343210436401143,49.79975509643555
bg_1293,background,chr11,121907500,121907,uniform random atlas bin (seed 20260702),,1.0,0.7916625914362603,0.8958312957181301,27.961166381835938
bg_1294,background,chr11,122517500,122517,uniform random atlas bin (seed 20260702),,1.0,0.6867042726309289,0.8433521363154645,30.273332595825195
bg_1295,background,chr11,123738500,123738,uniform random atlas bin (seed 20260702),,1.0,0.7984662079779787,0.8992331039889894,55.06987762451172
bg_1296,background,chr11,124820500,124820,uniform random atlas bin (seed 20260702),,1.0,0.6721448853763785,0.8360724426881893,41.28369522094727
bg_1297,background,chr11,125149500,125149,uniform random atlas bin (seed 20260702),,1.0,0.734104943185721,0.8670524715928605,40.155391693115234
bg_1298,background,chr11,132370500,132370,uniform random atlas bin (seed 20260702),,1.0,0.7709253583969038,0.8854626791984519,26.28262710571289
bg_1299,background,chr11,133509500,133509,uniform random atlas bin (seed 20260702),,1.0,0.6466157222062381,0.823307861103119,29.59323501586914
bg_1300,background,chr11,133832500,133832,uniform random atlas bin (seed 20260702),,1.0,0.6421412494614386,0.8210706247307193,25.5900936126709
bg_1301,background,chr11,134667500,134667,uniform random atlas bin (seed 20260702),,1.0,0.69823649133426,0.84911824566713,38.07139587402344
bg_1302,background,chr12,2992500,2992,uniform random atlas bin (seed 20260702),,1.0,0.7386202190445904,0.8693101095222953,47.20259475708008
bg_1303,background,chr12,3431500,3431,uniform random atlas bin (seed 20260702),,1.0,0.7418158844424076,0.8709079422212038,36.45159530639648
bg_1304,background,chr12,3641500,3641,uniform random atlas bin (seed 20260702),,1.0,0.8479032328794489,0.9239516164397245,34.89601135253906
bg_1305,background,chr12,5287500,5287,uniform random atlas bin (seed 20260702),,1.0,0.27671633713383426,0.6383581685669171,30.823532104492188
bg_1306,background,chr12,6457500,6457,uniform random atlas bin (seed 20260702),,1.0,0.7263578627868268,0.8631789313934134,48.403133392333984
bg_1307,background,chr12,9068500,9068,uniform random atlas bin (seed 20260702),,1.0,0.7257444573825584,0.8628722286912792,36.00347137451172
bg_1308,background,chr12,10165500,10165,uniform random atlas bin (seed 20260702),,1.0,0.6280329970639932,0.8140164985319966,33.61766815185547
bg_1309,background,chr12,11400500,11400,uniform random atlas bin (seed 20260702),,1.0,0.7773687956646042,0.888684397832302,32.4642219543457
bg_1310,background,chr12,12119500,12119,uniform random atlas bin (seed 20260702),,1.0,0.713219886793665,0.8566099433968325,44.90262985229492
bg_1311,background,chr12,12502500,12502,uniform random atlas bin (seed 20260702),,1.0,0.7137487029312353,0.8568743514656176,47.92832565307617
bg_1312,background,chr12,12914500,12914,uniform random atlas bin (seed 20260702),,1.0,0.7231583255372702,0.8615791627686351,45.130165100097656
bg_1313,background,chr12,15047500,15047,uniform random atlas bin (seed 20260702),,1.0,0.8460598479882536,0.9230299239941269,26.38010025024414
bg_1314,background,chr12,15370500,15370,uniform random atlas bin (seed 20260702),,1.0,0.6948329649572835,0.8474164824786418,31.95816993713379
bg_1315,background,chr12,17404500,17404,uniform random atlas bin (seed 20260702),,1.0,0.9195734902840786,0.9597867451420393,20.655126571655277
bg_1316,background,chr12,18318500,18318,uniform random atlas bin (seed 20260702),,1.0,0.74624995862165,0.873124979310825,38.68148040771485
bg_1317,background,chr12,20488500,20488,uniform random atlas bin (seed 20260702),,1.0,0.7108103214186459,0.8554051607093229,26.364755630493164
bg_1318,background,chr12,20811500,20811,uniform random atlas bin (seed 20260702),,1.0,0.8896942176691172,0.9448471088345586,28.24229621887207
bg_1319,background,chr12,21394500,21394,uniform random atlas bin (seed 20260702),,1.0,0.9437252295609555,0.9718626147804778,55.71618270874024
bg_1320,background,chr12,24815500,24815,uniform random atlas bin (seed 20260702),,1.0,0.761830991589616,0.880915495794808,49.40329360961914
bg_1321,background,chr12,26485500,26485,uniform random atlas bin (seed 20260702),,1.0,0.7397250908828232,0.8698625454414116,41.5866813659668
bg_1322,background,chr12,27014500,27014,uniform random atlas bin (seed 20260702),,1.0,0.9893955971319983,0.9946977985659992,54.52613830566406
bg_1323,background,chr12,29285500,29285,uniform random atlas bin (seed 20260702),,1.0,0.7200866928565919,0.8600433464282959,44.56646347045898
bg_1324,background,chr12,30806500,30806,uniform random atlas bin (seed 20260702),,1.0,0.7136616648659895,0.8568308324329947,43.73342514038086
bg_1325,background,chr12,32352500,32352,uniform random atlas bin (seed 20260702),,1.0,0.5894218233824533,0.7947109116912267,43.88102340698242
bg_1326,background,chr12,38199500,38199,uniform random atlas bin (seed 20260702),,1.0,0.8257992584994961,0.912899629249748,30.92934799194336
bg_1327,background,chr12,41691500,41691,uniform random atlas bin (seed 20260702),,1.0,0.739619038844642,0.869809519422321,23.607593536376957
bg_1328,background,chr12,41914500,41914,uniform random atlas bin (seed 20260702),,1.0,0.6305707478036884,0.8152853739018442,35.148170471191406
bg_1329,background,chr12,42545500,42545,uniform random atlas bin (seed 20260702),,1.0,0.7347730309393334,0.8673865154696667,40.54359436035156
bg_1330,background,chr12,44112500,44112,uniform random atlas bin (seed 20260702),,1.0,0.7634956836207991,0.8817478418103996,
bg_1331,background,chr12,44589500,44589,uniform random atlas bin (seed 20260702),,1.0,0.7780700754849912,0.8890350377424956,26.19893455505371
bg_1332,background,chr12,44902500,44902,uniform random atlas bin (seed 20260702),,1.0,0.6911683954813166,0.8455841977406583,29.352294921875
bg_1333,background,chr12,45391500,45391,uniform random atlas bin (seed 20260702),,1.0,0.8107161943530241,0.9053580971765121,45.93132019042969
bg_1334,background,chr12,45988500,45988,uniform random atlas bin (seed 20260702),,1.0,0.8964575601662842,0.9482287800831422,56.4444580078125
bg_1335,background,chr12,47749500,47749,uniform random atlas bin (seed 20260702),,1.0,0.7202608361134255,0.8601304180567128,44.28500747680664
bg_1336,background,chr12,48339500,48339,uniform random atlas bin (seed 20260702),,1.0,0.6323578749639622,0.8161789374819811,47.29268264770508
bg_1337,background,chr12,48990500,48990,uniform random atlas bin (seed 20260702),,0.0,0.8058209089907915,0.40291045449539575,46.75817108154297
bg_1338,background,chr12,51916500,51916,uniform random atlas bin (seed 20260702),,1.0,0.7316908788624492,0.8658454394312246,52.79568862915039
bg_1339,background,chr12,52995500,52995,uniform random atlas bin (seed 20260702),,1.0,0.8712906015477693,0.9356453007738846,51.68953704833984
bg_1340,background,chr12,53597500,53597,uniform random atlas bin (seed 20260702),,1.0,0.8739555719465676,0.9369777859732837,51.86809539794922
bg_1341,background,chr12,54187500,54187,uniform random atlas bin (seed 20260702),,1.0,0.8845126815606241,0.9422563407803121,54.283199310302734
bg_1342,background,chr12,56545500,56545,uniform random atlas bin (seed 20260702),,1.0,0.6817085450062048,0.8408542725031024,45.02236175537109
bg_1343,background,chr12,57733500,57733,uniform random atlas bin (seed 20260702),,0.0,0.6440113191546595,0.32200565957732974,43.24203109741211
bg_1344,background,chr12,58845500,58845,uniform random atlas bin (seed 20260702),,1.0,0.6870109602285075,0.8435054801142537,21.267377853393555
bg_1345,background,chr12,63350500,63350,uniform random atlas bin (seed 20260702),,1.0,0.6954718277015548,0.8477359138507774,31.5848388671875
bg_1346,background,chr12,63367500,63367,uniform random atlas bin (seed 20260702),,1.0,0.5408524059256377,0.7704262029628188,30.976221084594727
bg_1347,background,chr12,64071500,64071,uniform random atlas bin (seed 20260702),,1.0,0.5763909203960429,0.7881954601980214,37.69295883178711
bg_1348,background,chr12,64579500,64579,uniform random atlas bin (seed 20260702),,1.0,0.6251535341412588,0.8125767670706294,40.00476837158203
bg_1349,background,chr12,64621500,64621,uniform random atlas bin (seed 20260702),,1.0,0.845554919857897,0.9227774599289484,51.708744049072266
bg_1350,background,chr12,65626500,65626,uniform random atlas bin (seed 20260702),,1.0,0.5275207216744289,0.7637603608372144,49.01972198486328
bg_1351,background,chr12,65732500,65732,uniform random atlas bin (seed 20260702),,1.0,0.6470672008038257,0.8235336004019129,43.7194938659668
bg_1352,background,chr12,66501500,66501,uniform random atlas bin (seed 20260702),,1.0,0.7135288480677089,0.8567644240338544,42.08112716674805
bg_1353,background,chr12,66878500,66878,uniform random atlas bin (seed 20260702),,1.0,0.75668940278279,0.878344701391395,48.86434173583984
bg_1354,background,chr12,70330500,70330,uniform random atlas bin (seed 20260702),,1.0,0.7653134675134465,0.8826567337567233,48.33516311645508
bg_1355,background,chr12,72136500,72136,uniform random atlas bin (seed 20260702),,1.0,0.697610882338856,0.848805441169428,39.42229843139648
bg_1356,background,chr12,72269500,72269,uniform random atlas bin (seed 20260702),,1.0,0.6663643208509465,0.8331821604254732,40.36248016357422
bg_1357,background,chr12,76318500,76318,uniform random atlas bin (seed 20260702),,1.0,0.7961871095774855,0.8980935547887428,52.64816284179688
bg_1358,background,chr12,76698500,76698,uniform random atlas bin (seed 20260702),,1.0,0.414915739900966,0.707457869950483,49.462135314941406
bg_1359,background,chr12,76858500,76858,uniform random atlas bin (seed 20260702),,1.0,0.7882355943737147,0.8941177971868574,48.31659698486328
bg_1360,background,chr12,78248500,78248,uniform random atlas bin (seed 20260702),,1.0,0.4902436710463399,0.7451218355231699,23.86805534362793
bg_1361,background,chr12,79577500,79577,uniform random atlas bin (seed 20260702),,1.0,0.7329868111290136,0.8664934055645068,32.40678405761719
bg_1362,background,chr12,79591500,79591,uniform random atlas bin (seed 20260702),,1.0,0.818969495011951,0.9094847475059755,27.49006080627441
bg_1363,background,chr12,79679500,79679,uniform random atlas bin (seed 20260702),,1.0,0.6011706440119551,0.8005853220059775,32.893157958984375
bg_1364,background,chr12,80935500,80935,uniform random atlas bin (seed 20260702),,1.0,0.6953438383387809,0.8476719191693904,26.614633560180664
bg_1365,background,chr12,83732500,83732,uniform random atlas bin (seed 20260702),,1.0,0.7372816079358777,0.8686408039679389,23.645938873291016
bg_1366,background,chr12,85763500,85763,uniform random atlas bin (seed 20260702),,1.0,0.768458459349193,0.8842292296745965,24.688745498657227
bg_1367,background,chr12,87251500,87251,uniform random atlas bin (seed 20260702),,1.0,0.7123473068041406,0.8561736534020703,32.39580154418945
bg_1368,background,chr12,88239500,88239,uniform random atlas bin (seed 20260702),,1.0,0.6276861592549898,0.8138430796274949,44.88603591918945
bg_1369,background,chr12,88973500,88973,uniform random atlas bin (seed 20260702),,1.0,0.7762506182809055,0.8881253091404527,24.71002960205078
bg_1370,background,chr12,89045500,89045,uniform random atlas bin (seed 20260702),,1.0,0.7885432383718127,0.8942716191859064,38.08756256103516
bg_1371,background,chr12,89660500,89660,uniform random atlas bin (seed 20260702),,1.0,0.8824719335016962,0.9412359667508481,52.09537887573242
bg_1372,background,chr12,90429500,90429,uniform random atlas bin (seed 20260702),,1.0,0.7342456032447127,0.8671228016223563,21.48261070251465
bg_1373,background,chr12,90532500,90532,uniform random atlas bin (seed 20260702),,1.0,0.6053041432806261,0.802652071640313,23.26338577270508
bg_1374,background,chr12,93535500,93535,uniform random atlas bin (seed 20260702),,1.0,0.7267166459103656,0.8633583229551828,44.80377197265625
bg_1375,background,chr12,96369500,96369,uniform random atlas bin (seed 20260702),,1.0,0.7054117571205989,0.8527058785602994,52.29325485229492
bg_1376,background,chr12,97455500,97455,uniform random atlas bin (seed 20260702),,1.0,0.7959296766056884,0.8979648383028442,20.762205123901367
bg_1377,background,chr12,98512500,98512,uniform random atlas bin (seed 20260702),,1.0,0.8487676759900886,0.9243838379950443,51.76913833618164
bg_1378,background,chr12,98848500,98848,uniform random atlas bin (seed 20260702),,1.0,0.7922292206798498,0.8961146103399249,38.08686065673828
bg_1379,background,chr12,112506500,112506,uniform random atlas bin (seed 20260702),,1.0,0.7643189118811657,0.8821594559405829,46.41378021240234
bg_1380,background,chr12,114032500,114032,uniform random atlas bin (seed 20260702),,1.0,0.6548504011254277,0.8274252005627138,38.16627502441406
bg_1381,background,chr12,116074500,116074,uniform random atlas bin (seed 20260702),,1.0,0.7196427056589854,0.8598213528294927,50.2774543762207
bg_1382,background,chr12,116761500,116761,uniform random atlas bin (seed 20260702),,1.0,0.8822245023909885,0.9411122511954942,52.89301681518555
bg_1383,background,chr12,118207500,118207,uniform random atlas bin (seed 20260702),,1.0,0.6980316320805227,0.8490158160402613,47.19051742553711
bg_1384,background,chr12,119496500,119496,uniform random atlas bin (seed 20260702),,1.0,0.6305547471343889,0.8152773735671944,44.51151657104492
bg_1385,background,chr12,123069500,123069,uniform random atlas bin (seed 20260702),,1.0,0.7062592665288574,0.8531296332644287,49.39634323120117
bg_1386,background,chr12,124404500,124404,uniform random atlas bin (seed 20260702),,1.0,0.9436532545838656,0.9718266272919328,45.25236511230469
bg_1387,background,chr12,125326500,125326,uniform random atlas bin (seed 20260702),,1.0,0.4777796931548316,0.7388898465774159,37.69747924804688
bg_1388,background,chr12,125781500,125781,uniform random atlas bin (seed 20260702),,1.0,0.5764054569377041,0.788202728468852,23.73973846435547
bg_1389,background,chr12,126834500,126834,uniform random atlas bin (seed 20260702),,1.0,0.7231295269849705,0.8615647634924852,40.99455261230469
bg_1390,background,chr12,129221500,129221,uniform random atlas bin (seed 20260702),,1.0,0.7195139284874279,0.859756964243714,38.97623443603516
bg_1391,background,chr12,129622500,129622,uniform random atlas bin (seed 20260702),,1.0,0.7594164866019248,0.8797082433009624,38.87156677246094
bg_1392,background,chr12,130897500,130897,uniform random atlas bin (seed 20260702),,1.0,0.7904770889862937,0.8952385444931468,48.1620979309082
bg_1393,background,chr13,3462500,3462,uniform random atlas bin (seed 20260702),,1.0,0.7634956836207991,0.8817478418103996,
bg_1394,background,chr13,5659500,5659,uniform random atlas bin (seed 20260702),,1.0,0.7634956836207991,0.8817478418103996,
bg_1395,background,chr13,5750500,5750,uniform random atlas bin (seed 20260702),,1.0,0.7634956836207991,0.8817478418103996,
bg_1396,background,chr13,6455500,6455,uniform random atlas bin (seed 20260702),,1.0,0.7634956836207991,0.8817478418103996,
bg_1397,background,chr13,8195500,8195,uniform random atlas bin (seed 20260702),,1.0,0.7634956836207991,0.8817478418103996,
bg_1398,background,chr13,10991500,10991,uniform random atlas bin (seed 20260702),,1.0,0.7634956836207991,0.8817478418103996,
bg_1399,background,chr13,11112500,11112,uniform random atlas bin (seed 20260702),,1.0,0.7634956836207991,0.8817478418103996,
bg_1400,background,chr13,12541500,12541,uniform random atlas bin (seed 20260702),,1.0,0.7634956836207991,0.8817478418103996,
bg_1401,background,chr13,16033500,16033,uniform random atlas bin (seed 20260702),,1.0,0.5067019412589084,0.7533509706294542,
bg_1402,background,chr13,18313500,18313,uniform random atlas bin (seed 20260702),,1.0,0.7249260417697367,0.8624630208848684,
bg_1403,background,chr13,20450500,20450,uniform random atlas bin (seed 20260702),,1.0,0.7160285212673929,0.8580142606336965,33.39448165893555
bg_1404,background,chr13,23829500,23829,uniform random atlas bin (seed 20260702),,1.0,0.8577897812604864,0.9288948906302432,40.57680130004883
bg_1405,background,chr13,24352500,24352,uniform random atlas bin (seed 20260702),,1.0,0.46165535850429074,0.7308276792521453,30.144155502319336
bg_1406,background,chr13,25839500,25839,uniform random atlas bin (seed 20260702),,1.0,0.7926336279337547,0.8963168139668773,30.933313369750977
bg_1407,background,chr13,27234500,27234,uniform random atlas bin (seed 20260702),,1.0,0.7960131391235162,0.8980065695617581,44.92045211791992
bg_1408,background,chr13,27547500,27547,uniform random atlas bin (seed 20260702),,1.0,0.8828737296668198,0.9414368648334099,40.295143127441406
bg_1409,background,chr13,27626500,27626,uniform random atlas bin (seed 20260702),,1.0,0.9036649849542683,0.9518324924771342,52.37940979003906
bg_1410,background,chr13,29859500,29859,uniform random atlas bin (seed 20260702),,1.0,0.6860105049058514,0.8430052524529257,38.33683776855469
bg_1411,background,chr13,30763500,30763,uniform random atlas bin (seed 20260702),,1.0,0.7232855428195021,0.861642771409751,39.39625930786133
bg_1412,background,chr13,31821500,31821,uniform random atlas bin (seed 20260702),,1.0,0.6351156610144177,0.8175578305072089,31.28695106506348
bg_1413,background,chr13,33822500,33822,uniform random atlas bin (seed 20260702),,1.0,0.7878301169214809,0.8939150584607405,50.81143569946289
bg_1414,background,chr13,34569500,34569,uniform random atlas bin (seed 20260702),,1.0,0.6144407989420932,0.8072203994710466,24.931859970092773
bg_1415,background,chr13,34798500,34798,uniform random atlas bin (seed 20260702),,1.0,0.7023083832570614,0.8511541916285307,
bg_1416,background,chr13,35438500,35438,uniform random atlas bin (seed 20260702),,1.0,0.87179928588056,0.9358996429402799,25.059032440185547
bg_1417,background,chr13,36059500,36059,uniform random atlas bin (seed 20260702),,1.0,0.8067951461179033,0.9033975730589516,
bg_1418,background,chr13,38370500,38370,uniform random atlas bin (seed 20260702),,1.0,0.7043321679008478,0.8521660839504239,42.60112762451172
bg_1419,background,chr13,41769500,41769,uniform random atlas bin (seed 20260702),,1.0,0.8185409505891916,0.9092704752945958,49.36954116821289
bg_1420,background,chr13,42539500,42539,uniform random atlas bin (seed 20260702),,1.0,0.6992260377466992,0.8496130188733496,33.24893951416016
bg_1421,background,chr13,44544500,44544,uniform random atlas bin (seed 20260702),,1.0,0.7369460789481761,0.868473039474088,41.84038162231445
bg_1422,background,chr13,45286500,45286,uniform random atlas bin (seed 20260702),,1.0,0.9379425353115377,0.9689712676557689,41.88372039794922
bg_1423,background,chr13,46534500,46534,uniform random atlas bin (seed 20260702),,1.0,0.8083883039939234,0.9041941519969616,46.06626892089844
bg_1424,background,chr13,48005500,48005,uniform random atlas bin (seed 20260702),,1.0,0.8041685379136712,0.9020842689568356,45.55194091796875
bg_1425,background,chr13,48252500,48252,uniform random atlas bin (seed 20260702),,1.0,0.8002617299619412,0.9001308649809706,46.729373931884766
bg_1426,background,chr13,48995500,48995,uniform random atlas bin (seed 20260702),,1.0,0.8140239928773128,0.9070119964386564,43.54094314575195
bg_1427,background,chr13,49062500,49062,uniform random atlas bin (seed 20260702),,1.0,0.8780929711709432,0.9390464855854717,55.12909698486328
bg_1428,background,chr13,51678500,51678,uniform random atlas bin (seed 20260702),,1.0,0.7691859015810358,0.8845929507905179,45.31248092651367
bg_1429,background,chr13,52271500,52271,uniform random atlas bin (seed 20260702),,1.0,0.683001230428125,0.8415006152140625,23.14017868041992
bg_1430,background,chr13,54933500,54933,uniform random atlas bin (seed 20260702),,1.0,0.8900429465881377,0.9450214732940688,26.279447555541992
bg_1431,background,chr13,60578500,60578,uniform random atlas bin (seed 20260702),,1.0,0.8498408543092999,0.92492042715465,44.332069396972656
bg_1432,background,chr13,61073500,61073,uniform random atlas bin (seed 20260702),,1.0,0.6758656797664528,0.8379328398832264,22.17374610900879
bg_1433,background,chr13,63215500,63215,uniform random atlas bin (seed 20260702),,1.0,0.6954575511385036,0.8477287755692517,22.267412185668945
bg_1434,background,chr13,63605500,63605,uniform random atlas bin (seed 20260702),,1.0,0.9134198001310283,0.9567099000655142,25.190956115722656
bg_1435,background,chr13,64239500,64239,uniform random atlas bin (seed 20260702),,1.0,0.7503531812300086,0.8751765906150043,29.811866760253903
bg_1436,background,chr13,65822500,65822,uniform random atlas bin (seed 20260702),,1.0,0.9258747420789297,0.9629373710394649,30.74105262756348
bg_1437,background,chr13,66599500,66599,uniform random atlas bin (seed 20260702),,1.0,0.7033167633038475,0.8516583816519238,32.3231086730957
bg_1438,background,chr13,69493500,69493,uniform random atlas bin (seed 20260702),,1.0,0.7058204814066911,0.8529102407033455,27.01544761657715
bg_1439,background,chr13,69974500,69974,uniform random atlas bin (seed 20260702),,1.0,0.9034220287564871,0.9517110143782436,23.89808654785156
bg_1440,background,chr13,69982500,69982,uniform random atlas bin (seed 20260702),,1.0,0.8005863842545713,0.9002931921272856,27.35159683227539
bg_1441,background,chr13,70386500,70386,uniform random atlas bin (seed 20260702),,1.0,0.7811287715944242,0.8905643857972121,23.15976905822754
bg_1442,background,chr13,74721500,74721,uniform random atlas bin (seed 20260702),,1.0,0.591234156152274,0.795617078076137,30.880556106567383
bg_1443,background,chr13,75232500,75232,uniform random atlas bin (seed 20260702),,1.0,0.7795234267140811,0.8897617133570406,33.271080017089844
bg_1444,background,chr13,79456500,79456,uniform random atlas bin (seed 20260702),,1.0,0.8726515528634509,0.9363257764317254,51.72865676879883
bg_1445,background,chr13,79552500,79552,uniform random atlas bin (seed 20260702),,1.0,0.8231070152928207,0.9115535076464103,40.14191818237305
bg_1446,background,chr13,82010500,82010,uniform random atlas bin (seed 20260702),,1.0,0.7064637353149337,0.8532318676574668,32.135536193847656
bg_1447,background,chr13,84774500,84774,uniform random atlas bin (seed 20260702),,1.0,0.7452855281796805,0.8726427640898402,24.95899772644043
bg_1448,background,chr13,86154500,86154,uniform random atlas bin (seed 20260702),,1.0,0.8940082437430454,0.9470041218715227,23.23194122314453
bg_1449,background,chr13,87995500,87995,uniform random atlas bin (seed 20260702),,1.0,0.6360471069424756,0.8180235534712378,23.955623626708984
bg_1450,background,chr13,88769500,88769,uniform random atlas bin (seed 20260702),,1.0,0.7889741301615565,0.8944870650807782,24.77096366882324
bg_1451,background,chr13,89949500,89949,uniform random atlas bin (seed 20260702),,1.0,0.7861729099151031,0.8930864549575516,26.769868850708008
bg_1452,background,chr13,91755500,91755,uniform random atlas bin (seed 20260702),,1.0,0.722524301287897,0.8612621506439485,22.860780715942383
bg_1453,background,chr13,93162500,93162,uniform random atlas bin (seed 20260702),,1.0,0.7883258310805458,0.8941629155402728,23.68582344055176
bg_1454,background,chr13,93228500,93228,uniform random atlas bin (seed 20260702),,1.0,0.7466386701164824,0.8733193350582412,45.19609069824219
bg_1455,background,chr13,93776500,93776,uniform random atlas bin (seed 20260702),,1.0,0.9152703155348526,0.9576351577674262,21.978195190429688
bg_1456,background,chr13,94170500,94170,uniform random atlas bin (seed 20260702),,1.0,0.7016637090332387,0.8508318545166194,27.531822204589844
bg_1457,background,chr13,94328500,94328,uniform random atlas bin (seed 20260702),,1.0,0.6821099099290224,0.8410549549645112,36.18023681640625
bg_1458,background,chr13,94672500,94672,uniform random atlas bin (seed 20260702),,1.0,0.6241696187370974,0.8120848093685487,50.0126838684082
bg_1459,background,chr13,95271500,95271,uniform random atlas bin (seed 20260702),,1.0,0.8363788330103887,0.9181894165051944,52.87504959106445
bg_1460,background,chr13,98139500,98139,uniform random atlas bin (seed 20260702),,1.0,0.6831342631020039,0.8415671315510019,39.66810989379883
bg_1461,background,chr13,98651500,98651,uniform random atlas bin (seed 20260702),,1.0,0.7916953883881899,0.8958476941940949,39.8945426940918
bg_1462,background,chr13,99173500,99173,uniform random atlas bin (seed 20260702),,1.0,0.6798979729336924,0.8399489864668461,49.5981674194336
bg_1463,background,chr13,99579500,99579,uniform random atlas bin (seed 20260702),,1.0,0.686725926411151,0.8433629632055755,47.66169738769531
bg_1464,background,chr13,99583500,99583,uniform random atlas bin (seed 20260702),,1.0,0.725458343299751,0.8627291716498755,48.64336395263672
bg_1465,background,chr13,100894500,100894,uniform random atlas bin (seed 20260702),,1.0,0.8063217048804157,0.9031608524402078,35.12974166870117
bg_1466,background,chr13,104153500,104153,uniform random atlas bin (seed 20260702),,1.0,0.6421431907311497,0.8210715953655748,23.977352142333984
bg_1467,background,chr13,105279500,105279,uniform random atlas bin (seed 20260702),,1.0,0.7200736014301428,0.8600368007150714,25.14058303833008
bg_1468,background,chr13,105832500,105832,uniform random atlas bin (seed 20260702),,1.0,0.7686403478201644,0.8843201739100822,27.40383529663086
bg_1469,background,chr13,106675500,106675,uniform random atlas bin (seed 20260702),,1.0,0.7428497247633199,0.87142486238166,31.48696517944336
bg_1470,background,chr13,108001500,108001,uniform random atlas bin (seed 20260702),,1.0,0.7862975397541424,0.8931487698770713,48.45241928100586
bg_1471,background,chr13,111732500,111732,uniform random atlas bin (seed 20260702),,1.0,0.7634956836207991,0.8817478418103996,
bg_1472,background,chr13,112178500,112178,uniform random atlas bin (seed 20260702),,1.0,0.6671510111636938,0.8335755055818469,32.47212600708008
bg_1473,background,chr13,112493500,112493,uniform random atlas bin (seed 20260702),,1.0,0.6712414070010424,0.8356207035005212,39.508750915527344
bg_1474,background,chr13,112707500,112707,uniform random atlas bin (seed 20260702),,1.0,0.8314917667019507,0.9157458833509753,50.40997314453125
bg_1475,background,chr13,112940500,112940,uniform random atlas bin (seed 20260702),,1.0,0.7313613187651923,0.8656806593825961,39.30759811401367
bg_1476,background,chr13,113801500,113801,uniform random atlas bin (seed 20260702),,1.0,0.7661800867867554,0.8830900433933777,40.50008773803711
bg_1477,background,chr13,114191500,114191,uniform random atlas bin (seed 20260702),,1.0,0.7327688524992062,0.8663844262496031,46.532325744628906
bg_1478,background,chr14,2122500,2122,uniform random atlas bin (seed 20260702),,1.0,0.7634956836207991,0.8817478418103996,
bg_1479,background,chr14,3647500,3647,uniform random atlas bin (seed 20260702),,1.0,0.7634956836207991,0.8817478418103996,
bg_1480,background,chr14,3683500,3683,uniform random atlas bin (seed 20260702),,1.0,0.7634956836207991,0.8817478418103996,
bg_1481,background,chr14,8470500,8470,uniform random atlas bin (seed 20260702),,1.0,0.7634956836207991,0.8817478418103996,
bg_1482,background,chr14,8731500,8731,uniform random atlas bin (seed 20260702),,1.0,0.7634956836207991,0.8817478418103996,
bg_1483,background,chr14,10268500,10268,uniform random atlas bin (seed 20260702),,1.0,0.7634956836207991,0.8817478418103996,
bg_1484,background,chr14,11006500,11006,uniform random atlas bin (seed 20260702),,1.0,0.7634956836207991,0.8817478418103996,
bg_1485,background,chr14,11386500,11386,uniform random atlas bin (seed 20260702),,1.0,0.7634956836207991,0.8817478418103996,
bg_1486,background,chr14,16062500,16062,uniform random atlas bin (seed 20260702),,1.0,0.7634956836207991,0.8817478418103996,
bg_1487,background,chr14,16567500,16567,uniform random atlas bin (seed 20260702),,1.0,0.7634956836207991,0.8817478418103996,
bg_1488,background,chr14,16989500,16989,uniform random atlas bin (seed 20260702),,1.0,0.7634956836207991,0.8817478418103996,
bg_1489,background,chr14,18970500,18970,uniform random atlas bin (seed 20260702),,1.0,0.6215203492813226,0.8107601746406613,
bg_1490,background,chr14,19765500,19765,uniform random atlas bin (seed 20260702),,1.0,0.6530325645589192,0.8265162822794596,29.04420280456543
bg_1491,background,chr14,20235500,20235,uniform random atlas bin (seed 20260702),,1.0,0.3337912741961583,0.6668956370980792,26.40117073059082
bg_1492,background,chr14,20549500,20549,uniform random atlas bin (seed 20260702),,1.0,0.7110273516694687,0.8555136758347344,49.990028381347656
bg_1493,background,chr14,21291500,21291,uniform random atlas bin (seed 20260702),,1.0,0.9235524009936636,0.9617762004968318,50.042964935302734
bg_1494,background,chr14,21822500,21822,uniform random atlas bin (seed 20260702),,1.0,0.6123814823132543,0.8061907411566271,41.78390502929688
bg_1495,background,chr14,22796500,22796,uniform random atlas bin (seed 20260702),,1.0,0.8374156105457318,0.9187078052728659,53.5752067565918
bg_1496,background,chr14,23834500,23834,uniform random atlas bin (seed 20260702),,1.0,0.6735148274980212,0.8367574137490106,39.67550659179688
bg_1497,background,chr14,24171500,24171,uniform random atlas bin (seed 20260702),,1.0,0.7523909458395129,0.8761954729197565,47.52054977416992
bg_1498,background,chr14,25209500,25209,uniform random atlas bin (seed 20260702),,1.0,0.6295729546927591,0.8147864773463795,
bg_1499,background,chr14,27037500,27037,uniform random atlas bin (seed 20260702),,1.0,0.8405892935624808,0.9202946467812404,27.03763961791992
bg_1500,background,chr14,30578500,30578,uniform random atlas bin (seed 20260702),,1.0,0.8464364559964506,0.9232182279982253,48.77872467041016
bg_1501,background,chr14,33245500,33245,uniform random atlas bin (seed 20260702),,1.0,0.7953429129689688,0.8976714564844843,33.34678649902344
bg_1502,background,chr14,33419500,33419,uniform random atlas bin (seed 20260702),,1.0,0.6837332832922882,0.8418666416461441,38.8934211730957
bg_1503,background,chr14,35281500,35281,uniform random atlas bin (seed 20260702),,1.0,0.6870899128106366,0.8435449564053183,49.42042922973633
bg_1504,background,chr14,43429500,43429,uniform random atlas bin (seed 20260702),,1.0,0.7087753152116613,0.8543876576058307,24.27781105041504
bg_1505,background,chr14,44342500,44342,uniform random atlas bin (seed 20260702),,1.0,0.798600331281869,0.8993001656409345,31.471479415893555
bg_1506,background,chr14,44394500,44394,uniform random atlas bin (seed 20260702),,1.0,0.8874196557551064,0.9437098278775532,26.700529098510746
bg_1507,background,chr14,44897500,44897,uniform random atlas bin (seed 20260702),,1.0,0.9716960452703588,0.9858480226351793,54.79288864135742
bg_1508,background,chr14,45341500,45341,uniform random atlas bin (seed 20260702),,1.0,0.6961570503487805,0.8480785251743903,29.55422019958496
bg_1509,background,chr14,46305500,46305,uniform random atlas bin (seed 20260702),,1.0,0.7476653657252883,0.8738326828626442,25.559499740600582
bg_1510,background,chr14,47540500,47540,uniform random atlas bin (seed 20260702),,1.0,0.8716297901490895,0.9358148950745447,23.16144752502441
bg_1511,background,chr14,47611500,47611,uniform random atlas bin (seed 20260702),,1.0,0.8878288700633252,0.9439144350316626,27.165435791015625
bg_1512,background,chr14,47619500,47619,uniform random atlas bin (seed 20260702),,1.0,0.7219633341456664,0.8609816670728332,27.509145736694336
bg_1513,background,chr14,51586500,51586,uniform random atlas bin (seed 20260702),,1.0,0.649159728379847,0.8245798641899236,33.52252578735352
bg_1514,background,chr14,52171500,52171,uniform random atlas bin (seed 20260702),,1.0,0.8486880630571595,0.9243440315285798,23.842369079589844
bg_1515,background,chr14,57452500,57452,uniform random atlas bin (seed 20260702),,1.0,0.7038869899650384,0.8519434949825192,34.168853759765625
bg_1516,background,chr14,58452500,58452,uniform random atlas bin (seed 20260702),,1.0,0.7588507803333537,0.8794253901666769,44.5127182006836
bg_1517,background,chr14,58469500,58469,uniform random atlas bin (seed 20260702),,1.0,0.5616665578569306,0.7808332789284653,44.85474395751953
bg_1518,background,chr14,63947500,63947,uniform random atlas bin (seed 20260702),,1.0,0.6909415821722917,0.8454707910861459,35.27617645263672
bg_1519,background,chr14,68628500,68628,uniform random atlas bin (seed 20260702),,1.0,0.758728630081668,0.879364315040834,50.49669647216797
bg_1520,background,chr14,69854500,69854,uniform random atlas bin (seed 20260702),,1.0,0.6920483280999838,0.8460241640499919,34.64057159423828
bg_1521,background,chr14,70165500,70165,uniform random atlas bin (seed 20260702),,1.0,0.632621479589125,0.8163107397945625,31.93717765808105
bg_1522,background,chr14,71104500,71104,uniform random atlas bin (seed 20260702),,1.0,0.860476673725962,0.930238336862981,48.06502914428711
bg_1523,background,chr14,71170500,71170,uniform random atlas bin (seed 20260702),,1.0,0.7213965288548889,0.8606982644274445,40.677188873291016
bg_1524,background,chr14,72756500,72756,uniform random atlas bin (seed 20260702),,1.0,0.5297146888393743,0.7648573444196871,38.85203170776367
bg_1525,background,chr14,73961500,73961,uniform random atlas bin (seed 20260702),,1.0,0.8632599636921694,0.9316299818460847,46.15428924560547
bg_1526,background,chr14,75796500,75796,uniform random atlas bin (seed 20260702),,1.0,0.7338959417514546,0.8669479708757273,46.02184677124024
bg_1527,background,chr14,76029500,76029,uniform random atlas bin (seed 20260702),,1.0,0.6412421183682642,0.8206210591841321,40.00188446044922
bg_1528,background,chr14,80176500,80176,uniform random atlas bin (seed 20260702),,1.0,0.7805296633335874,0.8902648316667937,26.142902374267575
bg_1529,background,chr14,86955500,86955,uniform random atlas bin (seed 20260702),,1.0,0.6216647345030042,0.8108323672515021,22.51337242126465
bg_1530,background,chr14,87345500,87345,uniform random atlas bin (seed 20260702),,1.0,0.7172379598474701,0.858618979923735,23.34205818176269
bg_1531,background,chr14,89913500,89913,uniform random atlas bin (seed 20260702),,1.0,0.9144164731895729,0.9572082365947865,47.95725631713867
bg_1532,background,chr14,91231500,91231,uniform random atlas bin (seed 20260702),,1.0,0.720008376548033,0.8600041882740165,47.60265350341797
bg_1533,background,chr14,92990500,92990,uniform random atlas bin (seed 20260702),,1.0,0.9083012379688544,0.9541506189844272,46.99723052978516
bg_1534,background,chr14,93881500,93881,uniform random atlas bin (seed 20260702),,1.0,0.6800210733720102,0.8400105366860051,34.78839111328125
bg_1535,background,chr14,102075500,102075,uniform random atlas bin (seed 20260702),,1.0,0.8786277139496441,0.9393138569748221,48.67304611206055
bg_1536,background,chr14,102988500,102988,uniform random atlas bin (seed 20260702),,1.0,0.6878089622631867,0.8439044811315933,34.97664260864258
bg_1537,background,chr14,103235500,103235,uniform random atlas bin (seed 20260702),,1.0,0.7563129698077997,0.8781564849038999,35.420997619628906
bg_1538,background,chr14,105686500,105686,uniform random atlas bin (seed 20260702),,1.0,0.7003998046575428,0.8501999023287714,26.95502471923828
bg_1539,background,chr14,106103500,106103,uniform random atlas bin (seed 20260702),,1.0,0.7634956836207991,0.8817478418103996,
bg_1540,background,chr15,4460500,4460,uniform random atlas bin (seed 20260702),,1.0,0.7634956836207991,0.8817478418103996,
bg_1541,background,chr15,6248500,6248,uniform random atlas bin (seed 20260702),,1.0,0.7634956836207991,0.8817478418103996,
bg_1542,background,chr15,8375500,8375,uniform random atlas bin (seed 20260702),,1.0,0.7634956836207991,0.8817478418103996,
bg_1543,background,chr15,8488500,8488,uniform random atlas bin (seed 20260702),,1.0,0.7634956836207991,0.8817478418103996,
bg_1544,background,chr15,9628500,9628,uniform random atlas bin (seed 20260702),,1.0,0.7634956836207991,0.8817478418103996,
bg_1545,background,chr15,11077500,11077,uniform random atlas bin (seed 20260702),,1.0,0.7634956836207991,0.8817478418103996,
bg_1546,background,chr15,11114500,11114,uniform random atlas bin (seed 20260702),,1.0,0.7634956836207991,0.8817478418103996,
bg_1547,background,chr15,12880500,12880,uniform random atlas bin (seed 20260702),,1.0,0.7634956836207991,0.8817478418103996,
bg_1548,background,chr15,14841500,14841,uniform random atlas bin (seed 20260702),,1.0,0.7634956836207991,0.8817478418103996,
bg_1549,background,chr15,17166500,17166,uniform random atlas bin (seed 20260702),,1.0,0.7634956836207991,0.8817478418103996,
bg_1550,background,chr15,17605500,17605,uniform random atlas bin (seed 20260702),,1.0,0.7634956836207991,0.8817478418103996,
bg_1551,background,chr15,20020500,20020,uniform random atlas bin (seed 20260702),,1.0,0.5489473909958599,0.7744736954979299,
bg_1552,background,chr15,20123500,20123,uniform random atlas bin (seed 20260702),,1.0,0.7634956836207991,0.8817478418103996,
bg_1553,background,chr15,20548500,20548,uniform random atlas bin (seed 20260702),,1.0,0.5344406737393694,0.7672203368696847,
bg_1554,background,chr15,20967500,20967,uniform random atlas bin (seed 20260702),,1.0,0.7634956836207991,0.8817478418103996,
bg_1555,background,chr15,21796500,21796,uniform random atlas bin (seed 20260702),,1.0,0.7634956836207991,0.8817478418103996,
bg_1556,background,chr15,21979500,21979,uniform random atlas bin (seed 20260702),,1.0,0.7634956836207991,0.8817478418103996,
bg_1557,background,chr15,24484500,24484,uniform random atlas bin (seed 20260702),,1.0,0.8017022806536841,0.900851140326842,24.85328483581543
bg_1558,background,chr15,24580500,24580,uniform random atlas bin (seed 20260702),,1.0,0.8627838969089956,0.9313919484544978,22.57172203063965
bg_1559,background,chr15,24642500,24642,uniform random atlas bin (seed 20260702),,1.0,0.5868945951089295,0.7934472975544647,23.05768585205078
bg_1560,background,chr15,24688500,24688,uniform random atlas bin (seed 20260702),,1.0,0.7721954571116203,0.8860977285558101,24.5079345703125
bg_1561,background,chr15,26638500,26638,uniform random atlas bin (seed 20260702),,1.0,0.7395358347807082,0.8697679173903541,38.47014617919922
bg_1562,background,chr15,26894500,26894,uniform random atlas bin (seed 20260702),,1.0,0.7151656882599091,0.8575828441299546,39.89199066162109
bg_1563,background,chr15,28027500,28027,uniform random atlas bin (seed 20260702),,1.0,0.6053478836688426,0.8026739418344213,33.688316345214844
bg_1564,background,chr15,32404500,32404,uniform random atlas bin (seed 20260702),,1.0,0.613799820334835,0.8068999101674175,
bg_1565,background,chr15,32698500,32698,uniform random atlas bin (seed 20260702),,1.0,0.8097775259075828,0.9048887629537914,43.04870223999024
bg_1566,background,chr15,34622500,34622,uniform random atlas bin (seed 20260702),,1.0,0.9665031768011381,0.983251588400569,49.93764114379883
bg_1567,background,chr15,37110500,37110,uniform random atlas bin (seed 20260702),,1.0,0.8429615050475172,0.9214807525237586,53.17332458496094
bg_1568,background,chr15,38974500,38974,uniform random atlas bin (seed 20260702),,1.0,0.7415570079825479,0.8707785039912739,33.070125579833984
bg_1569,background,chr15,40383500,40383,uniform random atlas bin (seed 20260702),,0.0,0.9813683939623663,0.49068419698118315,54.85151290893555
bg_1570,background,chr15,43957500,43957,uniform random atlas bin (seed 20260702),,1.0,0.6678727874263524,0.8339363937131762,42.02320861816406
bg_1571,background,chr15,45851500,45851,uniform random atlas bin (seed 20260702),,1.0,0.7557163617657062,0.8778581808828532,21.04210662841797
bg_1572,background,chr15,45992500,45992,uniform random atlas bin (seed 20260702),,1.0,0.7232890431897316,0.8616445215948658,21.497482299804688
bg_1573,background,chr15,48931500,48931,uniform random atlas bin (seed 20260702),,1.0,0.7306736000749214,0.8653368000374607,48.8934440612793
bg_1574,background,chr15,49941500,49941,uniform random atlas bin (seed 20260702),,1.0,0.7713777901078807,0.8856888950539403,34.750328063964844
bg_1575,background,chr15,50420500,50420,uniform random atlas bin (seed 20260702),,1.0,0.8056708548843217,0.9028354274421608,50.16092300415039
bg_1576,background,chr15,55137500,55137,uniform random atlas bin (seed 20260702),,1.0,0.8556838197311226,0.9278419098655613,29.71357727050781
bg_1577,background,chr15,56879500,56879,uniform random atlas bin (seed 20260702),,1.0,0.5640529164748121,0.7820264582374061,49.540653228759766
bg_1578,background,chr15,57262500,57262,uniform random atlas bin (seed 20260702),,1.0,0.8213108033645501,0.910655401682275,46.10689163208008
bg_1579,background,chr15,57356500,57356,uniform random atlas bin (seed 20260702),,1.0,0.8026906899263069,0.9013453449631534,41.49483108520508
bg_1580,background,chr15,63911500,63911,uniform random atlas bin (seed 20260702),,1.0,0.7080615839919329,0.8540307919959664,50.25845718383789
bg_1581,background,chr15,64032500,64032,uniform random atlas bin (seed 20260702),,1.0,0.9122579288396657,0.9561289644198329,50.67071914672852
bg_1582,background,chr15,65005500,65005,uniform random atlas bin (seed 20260702),,1.0,0.8870422494122447,0.9435211247061224,47.3886947631836
bg_1583,background,chr15,65223500,65223,uniform random atlas bin (seed 20260702),,1.0,0.7444560624519951,0.8722280312259976,50.23769378662109
bg_1584,background,chr15,66130500,66130,uniform random atlas bin (seed 20260702),,1.0,0.587460157622705,0.7937300788113525,41.42718124389648
bg_1585,background,chr15,66382500,66382,uniform random atlas bin (seed 20260702),,1.0,0.8441087812842232,0.9220543906421116,50.0081901550293
bg_1586,background,chr15,66399500,66399,uniform random atlas bin (seed 20260702),,0.0,0.8797447336862553,0.43987236684312764,50.13083267211914
bg_1587,background,chr15,66894500,66894,uniform random atlas bin (seed 20260702),,1.0,0.8488763726919621,0.9244381863459811,53.34260177612305
bg_1588,background,chr15,67842500,67842,uniform random atlas bin (seed 20260702),,1.0,0.4191611667155657,0.7095805833577828,52.61689376831055
bg_1589,background,chr15,68089500,68089,uniform random atlas bin (seed 20260702),,1.0,0.816364612403528,0.908182306201764,48.50246047973633
bg_1590,background,chr15,69690500,69690,uniform random atlas bin (seed 20260702),,1.0,0.6306264579932338,0.815313228996617,32.38636779785156
bg_1591,background,chr15,70133500,70133,uniform random atlas bin (seed 20260702),,1.0,0.6752266694949787,0.8376133347474893,41.58198928833008
bg_1592,background,chr15,72766500,72766,uniform random atlas bin (seed 20260702),,1.0,0.6744128298977446,0.8372064149488723,48.43818664550781
bg_1593,background,chr15,73368500,73368,uniform random atlas bin (seed 20260702),,1.0,0.3603014416910142,0.6801507208455071,33.09244537353516
bg_1594,background,chr15,73527500,73527,uniform random atlas bin (seed 20260702),,1.0,0.8192258129524687,0.9096129064762344,48.60511779785156
bg_1595,background,chr15,75880500,75880,uniform random atlas bin (seed 20260702),,1.0,0.751004245287437,0.8755021226437185,50.186553955078125
bg_1596,background,chr15,80115500,80115,uniform random atlas bin (seed 20260702),,1.0,0.6552477899805924,0.8276238949902962,52.32273483276367
bg_1597,background,chr15,81335500,81335,uniform random atlas bin (seed 20260702),,1.0,0.6871001186601757,0.8435500593300879,46.70732498168945
bg_1598,background,chr15,82504500,82504,uniform random atlas bin (seed 20260702),,1.0,0.6435203230326627,0.8217601615163314,
bg_1599,background,chr15,86590500,86590,uniform random atlas bin (seed 20260702),,1.0,0.8081867434895804,0.9040933717447902,20.16689109802246
bg_1600,background,chr15,86660500,86660,uniform random atlas bin (seed 20260702),,1.0,0.6684152214611592,0.8342076107305796,20.030261993408203
bg_1601,background,chr15,86726500,86726,uniform random atlas bin (seed 20260702),,1.0,0.7732830968743071,0.8866415484371535,22.51986312866211
bg_1602,background,chr15,88723500,88723,uniform random atlas bin (seed 20260702),,1.0,0.7354155418192473,0.8677077709096237,41.85604095458984
bg_1603,background,chr15,89863500,89863,uniform random atlas bin (seed 20260702),,1.0,0.598083028560314,0.799041514280157,49.476539611816406
bg_1604,background,chr15,90290500,90290,uniform random atlas bin (seed 20260702),,1.0,0.5876768305959359,0.793838415297968,50.08440017700195
bg_1605,background,chr15,90335500,90335,uniform random atlas bin (seed 20260702),,1.0,0.7108457193646553,0.8554228596823277,47.17205429077149
bg_1606,background,chr15,92134500,92134,uniform random atlas bin (seed 20260702),,1.0,0.7903663708229074,0.8951831854114537,34.09599304199219
bg_1607,background,chr15,92345500,92345,uniform random atlas bin (seed 20260702),,1.0,0.584413946616344,0.792206973308172,31.168684005737305
bg_1608,background,chr15,93462500,93462,uniform random atlas bin (seed 20260702),,1.0,0.5702071484137208,0.7851035742068604,33.87152862548828
bg_1609,background,chr15,94692500,94692,uniform random atlas bin (seed 20260702),,1.0,0.7677181709763439,0.8838590854881719,38.96334457397461
bg_1610,background,chr15,94695500,94695,uniform random atlas bin (seed 20260702),,1.0,0.661439209884386,0.830719604942193,40.32561492919922
bg_1611,background,chr15,95427500,95427,uniform random atlas bin (seed 20260702),,1.0,0.7259122104242327,0.8629561052121164,34.76774597167969
bg_1612,background,chr15,95697500,95697,uniform random atlas bin (seed 20260702),,1.0,0.6588408096502592,0.8294204048251296,51.0509033203125
bg_1613,background,chr15,98196500,98196,uniform random atlas bin (seed 20260702),,1.0,0.8013083116555144,0.9006541558277572,40.85345458984375
bg_1614,background,chr15,100310500,100310,uniform random atlas bin (seed 20260702),,1.0,0.5398849787685935,0.7699424893842968,36.2253303527832
bg_1615,background,chr15,100701500,100701,uniform random atlas bin (seed 20260702),,0.0,0.6570032245121573,0.32850161225607866,45.04134368896485
bg_1616,background,chr16,1410500,1410,uniform random atlas bin (seed 20260702),,1.0,0.7122405643358067,0.8561202821679034,51.02847671508789
bg_1617,background,chr16,2618500,2618,uniform random atlas bin (seed 20260702),,1.0,0.7634956836207991,0.8817478418103996,
bg_1618,background,chr16,2840500,2840,uniform random atlas bin (seed 20260702),,1.0,0.6288027969758161,0.814401398487908,49.09246063232422
bg_1619,background,chr16,4299500,4299,uniform random atlas bin (seed 20260702),,1.0,0.8750499856978045,0.9375249928489022,52.68804550170898
bg_1620,background,chr16,4599500,4599,uniform random atlas bin (seed 20260702),,1.0,0.7953460548068092,0.8976730274034046,41.787208557128906
bg_1621,background,chr16,9074500,9074,uniform random atlas bin (seed 20260702),,1.0,0.8828879352466541,0.941443967623327,52.634315490722656
bg_1622,background,chr16,11956500,11956,uniform random atlas bin (seed 20260702),,1.0,0.6566116300213499,0.828305815010675,52.66021728515625
bg_1623,background,chr16,14028500,14028,uniform random atlas bin (seed 20260702),,1.0,0.7668271141654852,0.8834135570827426,41.824012756347656
bg_1624,background,chr16,14140500,14140,uniform random atlas bin (seed 20260702),,1.0,0.8364501954268276,0.9182250977134139,50.15645980834961
bg_1625,background,chr16,17885500,17885,uniform random atlas bin (seed 20260702),,1.0,0.5523843777372918,0.7761921888686458,42.6670150756836
bg_1626,background,chr16,20589500,20589,uniform random atlas bin (seed 20260702),,1.0,0.7313804960915407,0.8656902480457703,32.59102249145508
bg_1627,background,chr16,29135500,29135,uniform random atlas bin (seed 20260702),,1.0,0.7776748751687543,0.8888374375843772,42.81832504272461
bg_1628,background,chr16,30517500,30517,uniform random atlas bin (seed 20260702),,1.0,0.7691489897864556,0.8845744948932278,49.66346740722656
bg_1629,background,chr16,32728500,32728,uniform random atlas bin (seed 20260702),,1.0,0.7634956836207991,0.8817478418103996,
bg_1630,background,chr16,38277500,38277,uniform random atlas bin (seed 20260702),,1.0,0.645255363777212,0.822627681888606,23.685009002685547
bg_1631,background,chr16,38590500,38590,uniform random atlas bin (seed 20260702),,1.0,0.7634956836207991,0.8817478418103996,
bg_1632,background,chr16,41036500,41036,uniform random atlas bin (seed 20260702),,1.0,0.7634956836207991,0.8817478418103996,
bg_1633,background,chr16,43750500,43750,uniform random atlas bin (seed 20260702),,1.0,0.7634956836207991,0.8817478418103996,
bg_1634,background,chr16,43910500,43910,uniform random atlas bin (seed 20260702),,1.0,0.7634956836207991,0.8817478418103996,
bg_1635,background,chr16,46520500,46520,uniform random atlas bin (seed 20260702),,1.0,0.8742540771833044,0.9371270385916521,39.09661102294922
bg_1636,background,chr16,47467500,47467,uniform random atlas bin (seed 20260702),,1.0,0.9302721324023668,0.9651360662011834,56.20173645019531
bg_1637,background,chr16,47958500,47958,uniform random atlas bin (seed 20260702),,1.0,0.7461275064875847,0.8730637532437924,36.43642044067383
bg_1638,background,chr16,54231500,54231,uniform random atlas bin (seed 20260702),,1.0,0.7271314422540414,0.8635657211270207,37.51774978637695
bg_1639,background,chr16,59462500,59462,uniform random atlas bin (seed 20260702),,1.0,0.7194295437386964,0.8597147718693482,26.961650848388672
bg_1640,background,chr16,60440500,60440,uniform random atlas bin (seed 20260702),,1.0,0.7151195620614701,0.857559781030735,22.01662826538086
bg_1641,background,chr16,61982500,61982,uniform random atlas bin (seed 20260702),,1.0,0.6473461577774581,0.823673078888729,26.46958923339844
bg_1642,background,chr16,64471500,64471,uniform random atlas bin (seed 20260702),,1.0,0.7729917572347171,0.8864958786173586,24.281700134277344
bg_1643,background,chr16,65601500,65601,uniform random atlas bin (seed 20260702),,1.0,0.7926880287487169,0.8963440143743584,38.466556549072266
bg_1644,background,chr16,67084500,67084,uniform random atlas bin (seed 20260702),,1.0,0.8698082178263311,0.9349041089131656,48.432804107666016
bg_1645,background,chr16,67755500,67755,uniform random atlas bin (seed 20260702),,1.0,0.7429981149941174,0.8714990574970587,47.08393096923828
bg_1646,background,chr16,67802500,67802,uniform random atlas bin (seed 20260702),,1.0,0.8954826261603237,0.9477413130801619,53.251991271972656
bg_1647,background,chr16,68602500,68602,uniform random atlas bin (seed 20260702),,1.0,0.7198310731217246,0.8599155365608623,37.65303421020508
bg_1648,background,chr16,68869500,68869,uniform random atlas bin (seed 20260702),,1.0,0.5946415299926386,0.7973207649963193,49.75086975097656
bg_1649,background,chr16,71668500,71668,uniform random atlas bin (seed 20260702),,1.0,0.7645562402810075,0.8822781201405038,46.70210647583008
bg_1650,background,chr16,73783500,73783,uniform random atlas bin (seed 20260702),,1.0,0.7188141325592053,0.8594070662796027,39.57699203491211
bg_1651,background,chr16,74451500,74451,uniform random atlas bin (seed 20260702),,1.0,0.862483947629687,0.9312419738148435,47.756141662597656
bg_1652,background,chr16,74699500,74699,uniform random atlas bin (seed 20260702),,1.0,0.8501783668365193,0.9250891834182596,53.01469039916992
bg_1653,background,chr16,76617500,76617,uniform random atlas bin (seed 20260702),,1.0,0.5260584128524457,0.7630292064262229,37.94100189208984
bg_1654,background,chr16,77459500,77459,uniform random atlas bin (seed 20260702),,1.0,0.6588029175128456,0.8294014587564228,35.147186279296875
bg_1655,background,chr16,77621500,77621,uniform random atlas bin (seed 20260702),,1.0,0.8406813109709879,0.9203406554854939,39.30348205566406
bg_1656,background,chr16,82679500,82679,uniform random atlas bin (seed 20260702),,1.0,0.7763349859188546,0.8881674929594273,25.125215530395508
bg_1657,background,chr16,84154500,84154,uniform random atlas bin (seed 20260702),,1.0,0.7041097401216605,0.8520548700608302,43.4030647277832
bg_1658,background,chr16,84935500,84935,uniform random atlas bin (seed 20260702),,1.0,0.5832769163279504,0.7916384581639753,43.33560943603516
bg_1659,background,chr16,88081500,88081,uniform random atlas bin (seed 20260702),,1.0,0.7143575290342168,0.8571787645171084,43.87348556518555
bg_1660,background,chr16,89490500,89490,uniform random atlas bin (seed 20260702),,1.0,0.9436392639085966,0.9718196319542983,47.4497184753418
bg_1661,background,chr16,90078500,90078,uniform random atlas bin (seed 20260702),,1.0,0.7808878836998727,0.8904439418499364,53.16523742675781
bg_1662,background,chr17,1700500,1700,uniform random atlas bin (seed 20260702),,1.0,0.6853069329677339,0.842653466483867,46.44953918457031
bg_1663,background,chr17,4028500,4028,uniform random atlas bin (seed 20260702),,1.0,0.9443630541230976,0.9721815270615488,39.716583251953125
bg_1664,background,chr17,4091500,4091,uniform random atlas bin (seed 20260702),,1.0,0.8100878428723388,0.9050439214361694,39.45003890991211
bg_1665,background,chr17,6673500,6673,uniform random atlas bin (seed 20260702),,1.0,0.6772700077386797,0.8386350038693399,40.94217300415039
bg_1666,background,chr17,6680500,6680,uniform random atlas bin (seed 20260702),,1.0,0.7589522366493683,0.8794761183246842,39.36873626708984
bg_1667,background,chr17,7015500,7015,uniform random atlas bin (seed 20260702),,1.0,0.9949314776753426,0.9974657388376713,54.31861114501953
bg_1668,background,chr17,10048500,10048,uniform random atlas bin (seed 20260702),,1.0,0.7399830773475522,0.8699915386737761,31.0999813079834
bg_1669,background,chr17,10846500,10846,uniform random atlas bin (seed 20260702),,1.0,0.7438652296693228,0.8719326148346613,36.16755676269531
bg_1670,background,chr17,11029500,11029,uniform random atlas bin (seed 20260702),,1.0,0.4598846853549069,0.7299423426774534,24.10161781311035
bg_1671,background,chr17,11866500,11866,uniform random atlas bin (seed 20260702),,1.0,0.7361957383207569,0.8680978691603785,36.13198471069336
bg_1672,background,chr17,13474500,13474,uniform random atlas bin (seed 20260702),,1.0,0.8422316046343801,0.92111580231719,49.73726272583008
bg_1673,background,chr17,14161500,14161,uniform random atlas bin (seed 20260702),,1.0,0.786174503422241,0.8930872517111206,50.20429611206055
bg_1674,background,chr17,14324500,14324,uniform random atlas bin (seed 20260702),,1.0,0.8978873321914715,0.9489436660957358,51.05946350097656
bg_1675,background,chr17,14738500,14738,uniform random atlas bin (seed 20260702),,1.0,0.8037213101813694,0.9018606550906847,35.65004348754883
bg_1676,background,chr17,16524500,16524,uniform random atlas bin (seed 20260702),,1.0,0.6617449556730868,0.8308724778365434,45.70576477050781
bg_1677,background,chr17,17738500,17738,uniform random atlas bin (seed 20260702),,1.0,0.7646787955264183,0.8823393977632091,48.71340560913086
bg_1678,background,chr17,18124500,18124,uniform random atlas bin (seed 20260702),,1.0,0.7477510773728345,0.8738755386864172,40.31507110595703
bg_1679,background,chr17,19571500,19571,uniform random atlas bin (seed 20260702),,1.0,0.7872368385988747,0.8936184192994374,39.91069793701172
bg_1680,background,chr17,21580500,21580,uniform random atlas bin (seed 20260702),,1.0,0.42511618339560564,0.7125580916978028,32.19546127319336
bg_1681,background,chr17,23632500,23632,uniform random atlas bin (seed 20260702),,1.0,0.7634956836207991,0.8817478418103996,
bg_1682,background,chr17,25573500,25573,uniform random atlas bin (seed 20260702),,1.0,0.3615767533432652,0.6807883766716326,
bg_1683,background,chr17,28694500,28694,uniform random atlas bin (seed 20260702),,1.0,0.8983326465378025,0.9491663232689013,47.20512390136719
bg_1684,background,chr17,30545500,30545,uniform random atlas bin (seed 20260702),,1.0,0.7255692410420037,0.8627846205210019,44.058387756347656
bg_1685,background,chr17,30938500,30938,uniform random atlas bin (seed 20260702),,1.0,0.7539036316744476,0.8769518158372238,46.593631744384766
bg_1686,background,chr17,34895500,34895,uniform random atlas bin (seed 20260702),,1.0,0.645299279041046,0.822649639520523,41.63448333740234
bg_1687,background,chr17,35353500,35353,uniform random atlas bin (seed 20260702),,1.0,0.7208292326373947,0.8604146163186974,35.82325744628906
bg_1688,background,chr17,43829500,43829,uniform random atlas bin (seed 20260702),,1.0,0.678526869592255,0.8392634347961275,44.405757904052734
bg_1689,background,chr17,45790500,45790,uniform random atlas bin (seed 20260702),,1.0,0.7284177108828872,0.8642088554414435,40.47700500488281
bg_1690,background,chr17,47496500,47496,uniform random atlas bin (seed 20260702),,1.0,0.7452204807446805,0.8726102403723403,48.18186569213867
bg_1691,background,chr17,47741500,47741,uniform random atlas bin (seed 20260702),,1.0,0.6826761463138856,0.8413380731569429,43.58922958374024
bg_1692,background,chr17,48102500,48102,uniform random atlas bin (seed 20260702),,1.0,0.7401037825456982,0.8700518912728491,52.87982940673828
bg_1693,background,chr17,48792500,48792,uniform random atlas bin (seed 20260702),,1.0,0.7944801822277743,0.8972400911138871,43.75860977172852
bg_1694,background,chr17,51223500,51223,uniform random atlas bin (seed 20260702),,1.0,0.8487782684856686,0.9243891342428343,49.82680130004883
bg_1695,background,chr17,52351500,52351,uniform random atlas bin (seed 20260702),,1.0,0.8526831079282127,0.9263415539641063,23.845170974731445
bg_1696,background,chr17,52808500,52808,uniform random atlas bin (seed 20260702),,1.0,0.8771627805469497,0.9385813902734749,19.217374801635746
bg_1697,background,chr17,52903500,52903,uniform random atlas bin (seed 20260702),,1.0,0.7690112754813726,0.8845056377406864,24.394554138183597
bg_1698,background,chr17,56618500,56618,uniform random atlas bin (seed 20260702),,1.0,0.7832550814626001,0.8916275407313001,40.25550842285156
bg_1699,background,chr17,57166500,57166,uniform random atlas bin (seed 20260702),,1.0,0.531679348841754,0.7658396744208771,45.66073989868164
bg_1700,background,chr17,59366500,59366,uniform random atlas bin (seed 20260702),,1.0,0.6924168547343665,0.8462084273671833,49.52485275268555
bg_1701,background,chr17,60891500,60891,uniform random atlas bin (seed 20260702),,1.0,0.6191841559971037,0.8095920779985519,45.941532135009766
bg_1702,background,chr17,61235500,61235,uniform random atlas bin (seed 20260702),,1.0,0.6572117373261095,0.8286058686630547,45.95736312866211
bg_1703,background,chr17,61574500,61574,uniform random atlas bin (seed 20260702),,1.0,0.7272100109331139,0.8636050054665569,39.07151412963867
bg_1704,background,chr17,64701500,64701,uniform random atlas bin (seed 20260702),,1.0,0.7761434652328602,0.88807173261643,48.617305755615234
bg_1705,background,chr17,64987500,64987,uniform random atlas bin (seed 20260702),,1.0,0.780821195715468,0.890410597857734,50.00883483886719
bg_1706,background,chr17,69369500,69369,uniform random atlas bin (seed 20260702),,1.0,0.6188256263610326,0.8094128131805163,40.30455017089844
bg_1707,background,chr17,69680500,69680,uniform random atlas bin (seed 20260702),,1.0,0.6136976116471466,0.8068488058235733,22.509014129638672
bg_1708,background,chr17,71688500,71688,uniform random atlas bin (seed 20260702),,1.0,0.7988781761179471,0.8994390880589735,20.122821807861328
bg_1709,background,chr17,75443500,75443,uniform random atlas bin (seed 20260702),,1.0,0.7816516171323488,0.8908258085661744,48.11054611206055
bg_1710,background,chr17,78050500,78050,uniform random atlas bin (seed 20260702),,1.0,0.8128342247622381,0.9064171123811191,52.03603744506836
bg_1711,background,chr17,78165500,78165,uniform random atlas bin (seed 20260702),,1.0,0.8638452289826197,0.9319226144913099,48.56838607788086
bg_1712,background,chr17,78410500,78410,uniform random atlas bin (seed 20260702),,1.0,0.8332033765575748,0.9166016882787874,50.4942741394043
bg_1713,background,chr17,78950500,78950,uniform random atlas bin (seed 20260702),,1.0,0.6129593149520342,0.8064796574760171,41.28970336914063
bg_1714,background,chr17,79978500,79978,uniform random atlas bin (seed 20260702),,1.0,0.8170678616535049,0.9085339308267524,44.25779342651367
bg_1715,background,chr17,80180500,80180,uniform random atlas bin (seed 20260702),,1.0,0.7914227899194816,0.8957113949597408,41.32597732543945
bg_1716,background,chr17,80344500,80344,uniform random atlas bin (seed 20260702),,1.0,0.7400660943028071,0.8700330471514035,47.06853103637695
bg_1717,background,chr17,82711500,82711,uniform random atlas bin (seed 20260702),,1.0,0.5994533783357954,0.7997266891678977,48.47406768798828
bg_1718,background,chr18,2052500,2052,uniform random atlas bin (seed 20260702),,1.0,0.7375267524241411,0.8687633762120706,39.95541000366211
bg_1719,background,chr18,2057500,2057,uniform random atlas bin (seed 20260702),,1.0,0.816338746623799,0.9081693733118995,41.75415802001953
bg_1720,background,chr18,3907500,3907,uniform random atlas bin (seed 20260702),,1.0,0.7364851848565765,0.8682425924282883,37.5205192565918
bg_1721,background,chr18,6106500,6106,uniform random atlas bin (seed 20260702),,1.0,0.8723476704385612,0.9361738352192805,19.89151382446289
bg_1722,background,chr18,7554500,7554,uniform random atlas bin (seed 20260702),,1.0,0.3817834362827841,0.690891718141392,35.02956771850586
bg_1723,background,chr18,7929500,7929,uniform random atlas bin (seed 20260702),,1.0,0.743552812752254,0.8717764063761271,37.918060302734375
bg_1724,background,chr18,8437500,8437,uniform random atlas bin (seed 20260702),,1.0,0.7989720849968294,0.8994860424984147,37.604339599609375
bg_1725,background,chr18,8493500,8493,uniform random atlas bin (seed 20260702),,1.0,0.6868275590897801,0.84341377954489,38.31835174560547
bg_1726,background,chr18,9396500,9396,uniform random atlas bin (seed 20260702),,1.0,0.7399254649504925,0.8699627324752462,44.29594039916992
bg_1727,background,chr18,9602500,9602,uniform random atlas bin (seed 20260702),,1.0,0.8889026757776924,0.9444513378888462,47.41022491455078
bg_1728,background,chr18,13746500,13746,uniform random atlas bin (seed 20260702),,1.0,0.6083143248764986,0.8041571624382493,45.03024291992188
bg_1729,background,chr18,13799500,13799,uniform random atlas bin (seed 20260702),,1.0,0.7704326834569948,0.8852163417284974,33.295108795166016
bg_1730,background,chr18,16128500,16128,uniform random atlas bin (seed 20260702),,1.0,0.7145268147748655,0.8572634073874328,
bg_1731,background,chr18,17115500,17115,uniform random atlas bin (seed 20260702),,1.0,0.7634956836207991,0.8817478418103996,
bg_1732,background,chr18,19761500,19761,uniform random atlas bin (seed 20260702),,1.0,0.588470928612649,0.7942354643063245,
bg_1733,background,chr18,19799500,19799,uniform random atlas bin (seed 20260702),,1.0,0.588470928612649,0.7942354643063245,
bg_1734,background,chr18,20736500,20736,uniform random atlas bin (seed 20260702),,1.0,0.4933344680923498,0.7466672340461749,
bg_1735,background,chr18,21238500,21238,uniform random atlas bin (seed 20260702),,1.0,0.6812087873037347,0.8406043936518673,35.66777420043945
bg_1736,background,chr18,22076500,22076,uniform random atlas bin (seed 20260702),,1.0,0.7077708108410239,0.853885405420512,40.96050262451172
bg_1737,background,chr18,22929500,22929,uniform random atlas bin (seed 20260702),,1.0,0.865940795479609,0.9329703977398045,49.9207763671875
bg_1738,background,chr18,23585500,23585,uniform random atlas bin (seed 20260702),,1.0,0.9534175930136962,0.9767087965068482,53.43589782714844
bg_1739,background,chr18,25362500,25362,uniform random atlas bin (seed 20260702),,0.0,0.7071725411726834,0.3535862705863417,36.4173698425293
bg_1740,background,chr18,28270500,28270,uniform random atlas bin (seed 20260702),,1.0,0.7228654443070255,0.8614327221535127,20.123868942260746
bg_1741,background,chr18,36906500,36906,uniform random atlas bin (seed 20260702),,1.0,0.6984161133882403,0.8492080566941201,42.392181396484375
bg_1742,background,chr18,37461500,37461,uniform random atlas bin (seed 20260702),,1.0,0.5746260181439562,0.7873130090719781,36.09508514404297
bg_1743,background,chr18,37954500,37954,uniform random atlas bin (seed 20260702),,1.0,0.7782205895647603,0.8891102947823801,22.3655948638916
bg_1744,background,chr18,39259500,39259,uniform random atlas bin (seed 20260702),,1.0,0.7849583414916076,0.8924791707458037,27.48045921325684
bg_1745,background,chr18,40733500,40733,uniform random atlas bin (seed 20260702),,1.0,0.7828793846516732,0.8914396923258365,23.63176155090332
bg_1746,background,chr18,41429500,41429,uniform random atlas bin (seed 20260702),,1.0,0.6291468675585552,0.8145734337792776,21.332496643066406
bg_1747,background,chr18,41516500,41516,uniform random atlas bin (seed 20260702),,1.0,0.8027371011514636,0.9013685505757318,22.855131149291992
bg_1748,background,chr18,43925500,43925,uniform random atlas bin (seed 20260702),,1.0,0.8486718499221311,0.9243359249610655,24.698392868041992
bg_1749,background,chr18,44799500,44799,uniform random atlas bin (seed 20260702),,0.0,0.6712275430122243,0.33561377150611216,36.94236373901367
bg_1750,background,chr18,45967500,45967,uniform random atlas bin (seed 20260702),,1.0,0.9820920031361076,0.9910460015680538,53.7408561706543
bg_1751,background,chr18,47635500,47635,uniform random atlas bin (seed 20260702),,1.0,0.7691657550544685,0.8845828775272342,34.49805450439453
bg_1752,background,chr18,51566500,51566,uniform random atlas bin (seed 20260702),,1.0,0.7904429887932863,0.8952214943966432,35.83612060546875
bg_1753,background,chr18,52092500,52092,uniform random atlas bin (seed 20260702),,1.0,0.8120315210279372,0.9060157605139686,24.31891822814941
bg_1754,background,chr18,53487500,53487,uniform random atlas bin (seed 20260702),,1.0,0.7714059487135165,0.8857029743567583,27.29107666015625
bg_1755,background,chr18,53696500,53696,uniform random atlas bin (seed 20260702),,1.0,0.6527470861226796,0.8263735430613398,26.38148307800293
bg_1756,background,chr18,54206500,54206,uniform random atlas bin (seed 20260702),,1.0,0.7825963875931456,0.8912981937965728,53.487884521484375
bg_1757,background,chr18,56043500,56043,uniform random atlas bin (seed 20260702),,1.0,0.8081490949445777,0.9040745474722889,32.818626403808594
bg_1758,background,chr18,56850500,56850,uniform random atlas bin (seed 20260702),,1.0,0.5916704370094037,0.7958352185047018,40.14401626586914
bg_1759,background,chr18,57017500,57017,uniform random atlas bin (seed 20260702),,1.0,0.6690369464295358,0.8345184732147679,36.5984992980957
bg_1760,background,chr18,61212500,61212,uniform random atlas bin (seed 20260702),,1.0,0.7370240837184092,0.8685120418592046,24.450729370117188
bg_1761,background,chr18,61445500,61445,uniform random atlas bin (seed 20260702),,1.0,0.8470927942262004,0.9235463971131002,27.419851303100582
bg_1762,background,chr18,62311500,62311,uniform random atlas bin (seed 20260702),,1.0,0.5574363680117114,0.7787181840058557,43.54011917114258
bg_1763,background,chr18,63598500,63598,uniform random atlas bin (seed 20260702),,1.0,0.6543725543126184,0.8271862771563092,40.59350204467773
bg_1764,background,chr18,63886500,63886,uniform random atlas bin (seed 20260702),,1.0,0.8661913191220616,0.9330956595610308,28.36092185974121
bg_1765,background,chr18,68627500,68627,uniform random atlas bin (seed 20260702),,1.0,0.8586518993040426,0.9293259496520213,
bg_1766,background,chr18,69915500,69915,uniform random atlas bin (seed 20260702),,1.0,0.8122799906486166,0.9061399953243083,48.20939636230469
bg_1767,background,chr18,71765500,71765,uniform random atlas bin (seed 20260702),,1.0,0.5245617768693999,0.7622808884346999,24.43733787536621
bg_1768,background,chr18,71821500,71821,uniform random atlas bin (seed 20260702),,1.0,0.6706404091622302,0.8353202045811151,22.40162467956543
bg_1769,background,chr18,72067500,72067,uniform random atlas bin (seed 20260702),,1.0,0.7204528016268278,0.860226400813414,27.582740783691406
bg_1770,background,chr19,826500,826,uniform random atlas bin (seed 20260702),,1.0,0.8220345224131621,0.911017261206581,51.191593170166016
bg_1771,background,chr19,1366500,1366,uniform random atlas bin (seed 20260702),,1.0,0.879898350609431,0.9399491753047156,51.70260238647461
bg_1772,background,chr19,10892500,10892,uniform random atlas bin (seed 20260702),,1.0,0.9087723953746469,0.9543861976873235,49.260475158691406
bg_1773,background,chr19,14260500,14260,uniform random atlas bin (seed 20260702),,1.0,0.5929535061557676,0.7964767530778838,43.1656608581543
bg_1774,background,chr19,14291500,14291,uniform random atlas bin (seed 20260702),,1.0,0.6742408832475717,0.8371204416237858,49.25950241088867
bg_1775,background,chr19,17372500,17372,uniform random atlas bin (seed 20260702),,1.0,0.45938954341976823,0.7296947717098841,48.03642654418945
bg_1776,background,chr19,19515500,19515,uniform random atlas bin (seed 20260702),,1.0,0.9853760170156195,0.9926880085078098,52.470821380615234
bg_1777,background,chr19,20171500,20171,uniform random atlas bin (seed 20260702),,1.0,0.8472673828756534,0.9236336914378267,37.63750457763672
bg_1778,background,chr19,20471500,20471,uniform random atlas bin (seed 20260702),,1.0,0.7245689951689751,0.8622844975844876,
bg_1779,background,chr19,22364500,22364,uniform random atlas bin (seed 20260702),,1.0,0.8325168848032733,0.9162584424016367,27.428895950317383
bg_1780,background,chr19,23687500,23687,uniform random atlas bin (seed 20260702),,1.0,0.9872118928854122,0.9936059464427061,53.46703338623047
bg_1781,background,chr19,25188500,25188,uniform random atlas bin (seed 20260702),,1.0,0.7634956836207991,0.8817478418103996,
bg_1782,background,chr19,25434500,25434,uniform random atlas bin (seed 20260702),,1.0,0.7634956836207991,0.8817478418103996,
bg_1783,background,chr19,26938500,26938,uniform random atlas bin (seed 20260702),,1.0,0.7634956836207991,0.8817478418103996,
bg_1784,background,chr19,27151500,27151,uniform random atlas bin (seed 20260702),,1.0,0.7634956836207991,0.8817478418103996,
bg_1785,background,chr19,27569500,27569,uniform random atlas bin (seed 20260702),,1.0,0.7429450871368616,0.8714725435684307,19.561826705932617
bg_1786,background,chr19,28366500,28366,uniform random atlas bin (seed 20260702),,1.0,0.7334586946252222,0.8667293473126111,39.46487808227539
bg_1787,background,chr19,28865500,28865,uniform random atlas bin (seed 20260702),,1.0,0.8562364466926261,0.928118223346313,38.84569549560547
bg_1788,background,chr19,29233500,29233,uniform random atlas bin (seed 20260702),,1.0,0.6778739914196449,0.8389369957098225,32.61107635498047
bg_1789,background,chr19,30232500,30232,uniform random atlas bin (seed 20260702),,1.0,0.7515413783242221,0.8757706891621111,38.22459030151367
bg_1790,background,chr19,32644500,32644,uniform random atlas bin (seed 20260702),,1.0,0.826499668367781,0.9132498341838905,45.84804153442383
bg_1791,background,chr19,36193500,36193,uniform random atlas bin (seed 20260702),,1.0,0.9133110162387121,0.9566555081193561,45.59931945800781
bg_1792,background,chr19,37444500,37444,uniform random atlas bin (seed 20260702),,1.0,0.8477374497151677,0.9238687248575839,20.19134521484375
bg_1793,background,chr19,38238500,38238,uniform random atlas bin (seed 20260702),,1.0,0.7773558021356083,0.8886779010678041,48.23767852783203
bg_1794,background,chr19,38952500,38952,uniform random atlas bin (seed 20260702),,1.0,0.7282321290941676,0.8641160645470838,49.08924102783203
bg_1795,background,chr19,42271500,42271,uniform random atlas bin (seed 20260702),,1.0,0.7779326856346707,0.8889663428173353,53.12846374511719
bg_1796,background,chr19,43635500,43635,uniform random atlas bin (seed 20260702),,1.0,0.8731457984206886,0.9365728992103444,51.95748519897461
bg_1797,background,chr19,45265500,45265,uniform random atlas bin (seed 20260702),,1.0,0.8832924177851516,0.9416462088925758,50.05264663696289
bg_1798,background,chr19,48743500,48743,uniform random atlas bin (seed 20260702),,1.0,0.5940573691835538,0.7970286845917769,51.1558723449707
bg_1799,background,chr19,49095500,49095,uniform random atlas bin (seed 20260702),,1.0,0.7619397494327842,0.8809698747163921,51.14546585083008
bg_1800,background,chr19,49677500,49677,uniform random atlas bin (seed 20260702),,1.0,0.9982353677804658,0.9991176838902329,51.48754501342773
bg_1801,background,chr19,51030500,51030,uniform random atlas bin (seed 20260702),,1.0,0.6761395327968098,0.8380697663984049,42.00667572021485
bg_1802,background,chr19,51186500,51186,uniform random atlas bin (seed 20260702),,1.0,0.7400359092275581,0.8700179546137791,43.02533721923828
bg_1803,background,chr19,53160500,53160,uniform random atlas bin (seed 20260702),,1.0,0.6230773877431013,0.8115386938715506,43.407676696777344
bg_1804,background,chr19,55721500,55721,uniform random atlas bin (seed 20260702),,1.0,0.8011304498811305,0.9005652249405652,36.92475891113281
bg_1805,background,chr19,57784500,57784,uniform random atlas bin (seed 20260702),,1.0,0.9391736686351218,0.9695868343175609,39.27733612060547
bg_1806,background,chr20,1174500,1174,uniform random atlas bin (seed 20260702),,1.0,0.89354107561724,0.94677053780862,52.88711929321289
bg_1807,background,chr20,1415500,1415,uniform random atlas bin (seed 20260702),,1.0,0.7316501831700808,0.8658250915850404,52.75708770751953
bg_1808,background,chr20,5459500,5459,uniform random atlas bin (seed 20260702),,1.0,0.6876639786530889,0.8438319893265445,31.58475875854492
bg_1809,background,chr20,11943500,11943,uniform random atlas bin (seed 20260702),,1.0,0.8522499771449568,0.9261249885724784,30.452716827392575
bg_1810,background,chr20,14503500,14503,uniform random atlas bin (seed 20260702),,1.0,0.7846844779839384,0.8923422389919692,27.586862564086918
bg_1811,background,chr20,17140500,17140,uniform random atlas bin (seed 20260702),,1.0,0.8772449960222477,0.9386224980111239,26.329870223999023
bg_1812,background,chr20,19445500,19445,uniform random atlas bin (seed 20260702),,1.0,0.8018296399337366,0.9009148199668683,35.38422775268555
bg_1813,background,chr20,20447500,20447,uniform random atlas bin (seed 20260702),,1.0,0.6279048196176646,0.8139524098088323,39.4099006652832
bg_1814,background,chr20,21434500,21434,uniform random atlas bin (seed 20260702),,1.0,0.72514556021205,0.862572780106025,40.81538772583008
bg_1815,background,chr20,21659500,21659,uniform random atlas bin (seed 20260702),,1.0,0.5596768182350073,0.7798384091175037,46.40766143798828
bg_1816,background,chr20,24345500,24345,uniform random atlas bin (seed 20260702),,1.0,0.7740949450133598,0.8870474725066799,31.003734588623047
bg_1817,background,chr20,24586500,24586,uniform random atlas bin (seed 20260702),,1.0,0.46772901659424526,0.7338645082971227,34.470237731933594
bg_1818,background,chr20,25460500,25460,uniform random atlas bin (seed 20260702),,1.0,0.5729681906736426,0.7864840953368213,37.07423782348633
bg_1819,background,chr20,29440500,29440,uniform random atlas bin (seed 20260702),,1.0,0.8522086972251803,0.9261043486125902,31.67672348022461
bg_1820,background,chr20,31782500,31782,uniform random atlas bin (seed 20260702),,1.0,0.8892608326466234,0.9446304163233117,47.55678176879883
bg_1821,background,chr20,32078500,32078,uniform random atlas bin (seed 20260702),,1.0,0.6200528417648676,0.8100264208824338,42.895050048828125
bg_1822,background,chr20,32100500,32100,uniform random atlas bin (seed 20260702),,1.0,0.6778963095720656,0.8389481547860328,41.54366683959961
bg_1823,background,chr20,32259500,32259,uniform random atlas bin (seed 20260702),,1.0,0.7372758575211084,0.8686379287605541,47.44205856323242
bg_1824,background,chr20,35228500,35228,uniform random atlas bin (seed 20260702),,1.0,0.618111625462419,0.8090558127312095,43.21501159667969
bg_1825,background,chr20,38719500,38719,uniform random atlas bin (seed 20260702),,1.0,0.6303992736389441,0.815199636819472,40.86418914794922
bg_1826,background,chr20,39449500,39449,uniform random atlas bin (seed 20260702),,1.0,0.8866457874696602,0.9433228937348301,18.705575942993164
bg_1827,background,chr20,39524500,39524,uniform random atlas bin (seed 20260702),,1.0,0.5739378644280293,0.7869689322140146,21.48127555847168
bg_1828,background,chr20,41302500,41302,uniform random atlas bin (seed 20260702),,1.0,0.7420682762154156,0.8710341381077078,49.892425537109375
bg_1829,background,chr20,44234500,44234,uniform random atlas bin (seed 20260702),,1.0,0.8192203823986033,0.9096101911993016,47.18406295776367
bg_1830,background,chr20,44508500,44508,uniform random atlas bin (seed 20260702),,1.0,0.8686695958403059,0.934334797920153,46.38749313354492
bg_1831,background,chr20,46743500,46743,uniform random atlas bin (seed 20260702),,1.0,0.688184865755906,0.844092432877953,43.7994270324707
bg_1832,background,chr20,47481500,47481,uniform random atlas bin (seed 20260702),,1.0,0.7348603358836372,0.8674301679418186,51.98881530761719
bg_1833,background,chr20,47622500,47622,uniform random atlas bin (seed 20260702),,1.0,0.7016249563606458,0.8508124781803229,48.21133041381836
bg_1834,background,chr20,50569500,50569,uniform random atlas bin (seed 20260702),,1.0,0.6992346274463418,0.8496173137231708,51.20988464355469
bg_1835,background,chr20,52555500,52555,uniform random atlas bin (seed 20260702),,1.0,0.7098064520228087,0.8549032260114043,32.907264709472656
bg_1836,background,chr20,52991500,52991,uniform random atlas bin (seed 20260702),,1.0,0.6264835748059266,0.8132417874029634,37.14818954467773
bg_1837,background,chr20,56213500,56213,uniform random atlas bin (seed 20260702),,1.0,0.7711962828473972,0.8855981414236986,36.98766326904297
bg_1838,background,chr20,59954500,59954,uniform random atlas bin (seed 20260702),,1.0,0.730252354328992,0.865126177164496,40.9909782409668
bg_1839,background,chr20,59987500,59987,uniform random atlas bin (seed 20260702),,1.0,0.6009077605397057,0.8004538802698529,46.50480270385742
bg_1840,background,chr21,1025500,1025,uniform random atlas bin (seed 20260702),,1.0,0.7634956836207991,0.8817478418103996,
bg_1841,background,chr21,1278500,1278,uniform random atlas bin (seed 20260702),,1.0,0.7634956836207991,0.8817478418103996,
bg_1842,background,chr21,2171500,2171,uniform random atlas bin (seed 20260702),,1.0,0.7634956836207991,0.8817478418103996,
bg_1843,background,chr21,3755500,3755,uniform random atlas bin (seed 20260702),,1.0,0.7634956836207991,0.8817478418103996,
bg_1844,background,chr21,4805500,4805,uniform random atlas bin (seed 20260702),,1.0,0.7634956836207991,0.8817478418103996,
bg_1845,background,chr21,5233500,5233,uniform random atlas bin (seed 20260702),,1.0,0.6862001910598025,0.8431000955299013,31.814638137817383
bg_1846,background,chr21,5838500,5838,uniform random atlas bin (seed 20260702),,1.0,0.7634956836207991,0.8817478418103996,
bg_1847,background,chr21,7287500,7287,uniform random atlas bin (seed 20260702),,1.0,0.5179161669273739,0.7589580834636869,
bg_1848,background,chr21,8242500,8242,uniform random atlas bin (seed 20260702),,1.0,0.7634956836207991,0.8817478418103996,
bg_1849,background,chr21,8396500,8396,uniform random atlas bin (seed 20260702),,1.0,0.7634956836207991,0.8817478418103996,
bg_1850,background,chr21,11188500,11188,uniform random atlas bin (seed 20260702),,1.0,0.7634956836207991,0.8817478418103996,
bg_1851,background,chr21,14638500,14638,uniform random atlas bin (seed 20260702),,0.0,0.8191720362490807,0.4095860181245404,48.52476501464844
bg_1852,background,chr21,14685500,14685,uniform random atlas bin (seed 20260702),,1.0,0.8286163631868444,0.9143081815934222,52.00050354003906
bg_1853,background,chr21,15070500,15070,uniform random atlas bin (seed 20260702),,1.0,0.7604836279026107,0.8802418139513053,48.80176162719727
bg_1854,background,chr21,15126500,15126,uniform random atlas bin (seed 20260702),,1.0,0.6766926991610067,0.8383463495805034,41.26193237304688
bg_1855,background,chr21,16648500,16648,uniform random atlas bin (seed 20260702),,1.0,0.6649285757324641,0.8324642878662321,20.813995361328125
bg_1856,background,chr21,16669500,16669,uniform random atlas bin (seed 20260702),,1.0,0.7389300199577593,0.8694650099788797,21.24073600769043
bg_1857,background,chr21,17787500,17787,uniform random atlas bin (seed 20260702),,1.0,0.7266573415913931,0.8633286707956965,47.24837493896485
bg_1858,background,chr21,18866500,18866,uniform random atlas bin (seed 20260702),,1.0,0.5565193815469132,0.7782596907734566,27.89578056335449
bg_1859,background,chr21,20933500,20933,uniform random atlas bin (seed 20260702),,1.0,0.8436476061610803,0.9218238030805401,38.2921257019043
bg_1860,background,chr21,22178500,22178,uniform random atlas bin (seed 20260702),,1.0,0.7719815693533074,0.8859907846766537,47.13672256469727
bg_1861,background,chr21,22439500,22439,uniform random atlas bin (seed 20260702),,1.0,0.7725545066594937,0.8862772533297468,40.32359313964844
bg_1862,background,chr21,24242500,24242,uniform random atlas bin (seed 20260702),,1.0,0.795284600915046,0.897642300457523,38.54130935668945
bg_1863,background,chr21,24629500,24629,uniform random atlas bin (seed 20260702),,1.0,0.7977480558734561,0.898874027936728,23.56890869140625
bg_1864,background,chr21,25685500,25685,uniform random atlas bin (seed 20260702),,1.0,0.8188657068492937,0.9094328534246469,42.56512451171875
bg_1865,background,chr21,26221500,26221,uniform random atlas bin (seed 20260702),,1.0,0.5688577773599637,0.7844288886799818,26.53888702392578
bg_1866,background,chr21,27395500,27395,uniform random atlas bin (seed 20260702),,1.0,0.7184021060216352,0.8592010530108176,21.04432678222656
bg_1867,background,chr21,29262500,29262,uniform random atlas bin (seed 20260702),,1.0,0.6248335605679791,0.8124167802839896,45.69925308227539
bg_1868,background,chr21,29421500,29421,uniform random atlas bin (seed 20260702),,1.0,0.7365997422595131,0.8682998711297565,44.21582412719727
bg_1869,background,chr21,31751500,31751,uniform random atlas bin (seed 20260702),,1.0,0.7251028570087696,0.8625514285043848,48.90871810913086
bg_1870,background,chr21,34511500,34511,uniform random atlas bin (seed 20260702),,1.0,0.8537704795844849,0.9268852397922425,42.434906005859375
bg_1871,background,chr21,36149500,36149,uniform random atlas bin (seed 20260702),,1.0,0.8186232072654163,0.9093116036327081,48.400691986083984
bg_1872,background,chr21,36457500,36457,uniform random atlas bin (seed 20260702),,1.0,0.8150874036866975,0.9075437018433488,42.3228874206543
bg_1873,background,chr21,37933500,37933,uniform random atlas bin (seed 20260702),,1.0,0.6439905234240924,0.8219952617120462,26.49468231201172
bg_1874,background,chr21,42462500,42462,uniform random atlas bin (seed 20260702),,1.0,0.809772409852435,0.9048862049262175,50.47223281860352
bg_1875,background,chr21,43581500,43581,uniform random atlas bin (seed 20260702),,1.0,0.689628694822795,0.8448143474113975,36.7110710144043
bg_1876,background,chr21,45478500,45478,uniform random atlas bin (seed 20260702),,1.0,0.9470269191722265,0.9735134595861132,52.72140884399414
bg_1877,background,chr22,840500,840,uniform random atlas bin (seed 20260702),,1.0,0.7634956836207991,0.8817478418103996,
bg_1878,background,chr22,887500,887,uniform random atlas bin (seed 20260702),,1.0,0.7634956836207991,0.8817478418103996,
bg_1879,background,chr22,1260500,1260,uniform random atlas bin (seed 20260702),,1.0,0.7634956836207991,0.8817478418103996,
bg_1880,background,chr22,2647500,2647,uniform random atlas bin (seed 20260702),,1.0,0.7634956836207991,0.8817478418103996,
bg_1881,background,chr22,5233500,5233,uniform random atlas bin (seed 20260702),,1.0,0.7634956836207991,0.8817478418103996,
bg_1882,background,chr22,5615500,5615,uniform random atlas bin (seed 20260702),,1.0,0.7634956836207991,0.8817478418103996,
bg_1883,background,chr22,6232500,6232,uniform random atlas bin (seed 20260702),,1.0,0.7634956836207991,0.8817478418103996,
bg_1884,background,chr22,6988500,6988,uniform random atlas bin (seed 20260702),,1.0,0.7634956836207991,0.8817478418103996,
bg_1885,background,chr22,7106500,7106,uniform random atlas bin (seed 20260702),,1.0,0.7634956836207991,0.8817478418103996,
bg_1886,background,chr22,8201500,8201,uniform random atlas bin (seed 20260702),,1.0,0.7634956836207991,0.8817478418103996,
bg_1887,background,chr22,8658500,8658,uniform random atlas bin (seed 20260702),,1.0,0.7634956836207991,0.8817478418103996,
bg_1888,background,chr22,9101500,9101,uniform random atlas bin (seed 20260702),,1.0,0.7634956836207991,0.8817478418103996,
bg_1889,background,chr22,10874500,10874,uniform random atlas bin (seed 20260702),,1.0,0.7634956836207991,0.8817478418103996,
bg_1890,background,chr22,11066500,11066,uniform random atlas bin (seed 20260702),,1.0,0.7760107625070553,0.8880053812535276,19.602001190185547
bg_1891,background,chr22,11765500,11765,uniform random atlas bin (seed 20260702),,1.0,0.7634956836207991,0.8817478418103996,
bg_1892,background,chr22,12560500,12560,uniform random atlas bin (seed 20260702),,1.0,0.9037352817046326,0.9518676408523163,26.63932037353516
bg_1893,background,chr22,13044500,13044,uniform random atlas bin (seed 20260702),,1.0,0.7634956836207991,0.8817478418103996,
bg_1894,background,chr22,13740500,13740,uniform random atlas bin (seed 20260702),,1.0,0.7634956836207991,0.8817478418103996,
bg_1895,background,chr22,17806500,17806,uniform random atlas bin (seed 20260702),,1.0,0.6969212121222488,0.8484606060611244,46.73677062988281
bg_1896,background,chr22,19439500,19439,uniform random atlas bin (seed 20260702),,1.0,0.8527319970924597,0.9263659985462298,49.55864334106445
bg_1897,background,chr22,22728500,22728,uniform random atlas bin (seed 20260702),,1.0,0.707724229253442,0.853862114626721,42.70550537109375
bg_1898,background,chr22,25087500,25087,uniform random atlas bin (seed 20260702),,1.0,0.7026447710716426,0.8513223855358213,38.65589141845703
bg_1899,background,chr22,27578500,27578,uniform random atlas bin (seed 20260702),,1.0,0.6850922649919735,0.8425461324959868,42.31766891479492
bg_1900,background,chr22,28630500,28630,uniform random atlas bin (seed 20260702),,1.0,0.7172001208164756,0.8586000604082378,51.82491683959961
bg_1901,background,chr22,30177500,30177,uniform random atlas bin (seed 20260702),,1.0,0.7446932013604781,0.8723466006802391,47.155704498291016
bg_1902,background,chr22,30824500,30824,uniform random atlas bin (seed 20260702),,1.0,0.7525897598807074,0.8762948799403537,37.69525909423828
bg_1903,background,chr22,32803500,32803,uniform random atlas bin (seed 20260702),,1.0,0.7290035571212148,0.8645017785606074,41.53620910644531
bg_1904,background,chr22,35083500,35083,uniform random atlas bin (seed 20260702),,1.0,0.6939976409514358,0.846998820475718,39.59220123291016
bg_1905,background,chr22,35464500,35464,uniform random atlas bin (seed 20260702),,1.0,0.5110915224624443,0.7555457612312222,41.95344543457031
bg_1906,background,chr22,38745500,38745,uniform random atlas bin (seed 20260702),,1.0,0.7401487437019647,0.8700743718509824,40.30221557617188
bg_1907,background,chr22,38903500,38903,uniform random atlas bin (seed 20260702),,1.0,0.7069948663611398,0.8534974331805699,44.68502426147461
bg_1908,background,chr22,44094500,44094,uniform random atlas bin (seed 20260702),,1.0,0.5416780218423056,0.7708390109211528,39.87484359741211
bg_1909,background,chr22,48341500,48341,uniform random atlas bin (seed 20260702),,1.0,0.7743276064732647,0.8871638032366324,31.29185485839844
bg_1910,background,chr22,48403500,48403,uniform random atlas bin (seed 20260702),,1.0,0.662918088503493,0.8314590442517464,30.745723724365234
bg_1911,background,chr22,48858500,48858,uniform random atlas bin (seed 20260702),,1.0,0.2621834777624956,0.6310917388812478,28.85184669494629
bg_1912,background,chrX,1549500,1549,uniform random atlas bin (seed 20260702),,1.0,0.7327238214622789,0.8663619107311394,44.19432830810547
bg_1913,background,chrX,3810500,3810,uniform random atlas bin (seed 20260702),,1.0,0.7390795923824806,0.8695397961912403,48.20901107788086
bg_1914,background,chrX,4222500,4222,uniform random atlas bin (seed 20260702),,1.0,0.6249124876893729,0.8124562438446865,27.971908569335938
bg_1915,background,chrX,8891500,8891,uniform random atlas bin (seed 20260702),,1.0,0.6773658309576751,0.8386829154788376,31.32317352294922
bg_1916,background,chrX,10422500,10422,uniform random atlas bin (seed 20260702),,1.0,0.598518632863682,0.799259316431841,32.29768371582031
bg_1917,background,chrX,11610500,11610,uniform random atlas bin (seed 20260702),,1.0,0.6872678669905643,0.8436339334952822,43.24399566650391
bg_1918,background,chrX,12801500,12801,uniform random atlas bin (seed 20260702),,1.0,0.9189547496315821,0.959477374815791,41.96276092529297
bg_1919,background,chrX,17609500,17609,uniform random atlas bin (seed 20260702),,1.0,0.6290707179291315,0.8145353589645657,35.807708740234375
bg_1920,background,chrX,18600500,18600,uniform random atlas bin (seed 20260702),,1.0,0.732977638282071,0.8664888191410355,36.01003646850586
bg_1921,background,chrX,18723500,18723,uniform random atlas bin (seed 20260702),,1.0,0.6792495490366668,0.8396247745183334,36.032012939453125
bg_1922,background,chrX,19504500,19504,uniform random atlas bin (seed 20260702),,1.0,0.7276234755860139,0.863811737793007,32.453983306884766
bg_1923,background,chrX,19598500,19598,uniform random atlas bin (seed 20260702),,1.0,0.6155151980098132,0.8077575990049066,37.82463455200195
bg_1924,background,chrX,20248500,20248,uniform random atlas bin (seed 20260702),,1.0,0.8636973387018452,0.9318486693509226,48.69709777832031
bg_1925,background,chrX,24433500,24433,uniform random atlas bin (seed 20260702),,1.0,0.48387225986096116,0.7419361299304805,35.667850494384766
bg_1926,background,chrX,24504500,24504,uniform random atlas bin (seed 20260702),,1.0,0.528794533039575,0.7643972665197876,40.301177978515625
bg_1927,background,chrX,24673500,24673,uniform random atlas bin (seed 20260702),,1.0,0.7603431148351417,0.8801715574175708,50.32132339477539
bg_1928,background,chrX,30219500,30219,uniform random atlas bin (seed 20260702),,1.0,0.778544079175391,0.8892720395876955,52.34659957885742
bg_1929,background,chrX,31042500,31042,uniform random atlas bin (seed 20260702),,1.0,0.5683170775742921,0.784158538787146,34.967533111572266
bg_1930,background,chrX,32140500,32140,uniform random atlas bin (seed 20260702),,1.0,0.6699884790876256,0.8349942395438128,25.805850982666016
bg_1931,background,chrX,33376500,33376,uniform random atlas bin (seed 20260702),,1.0,0.9117134583964384,0.9558567291982192,27.960208892822266
bg_1932,background,chrX,35290500,35290,uniform random atlas bin (seed 20260702),,1.0,0.6681944142819756,0.8340972071409878,24.479612350463867
bg_1933,background,chrX,35454500,35454,uniform random atlas bin (seed 20260702),,1.0,0.4814741813022786,0.7407370906511392,23.584936141967773
bg_1934,background,chrX,36080500,36080,uniform random atlas bin (seed 20260702),,1.0,0.8089734149634945,0.9044867074817473,28.6722469329834
bg_1935,background,chrX,36390500,36390,uniform random atlas bin (seed 20260702),,1.0,0.7271336679819753,0.8635668339909877,25.642717361450195
bg_1936,background,chrX,39387500,39387,uniform random atlas bin (seed 20260702),,1.0,0.8121397581348274,0.9060698790674138,39.1287956237793
bg_1937,background,chrX,39391500,39391,uniform random atlas bin (seed 20260702),,1.0,0.6702258670679861,0.8351129335339931,35.12969207763672
bg_1938,background,chrX,41338500,41338,uniform random atlas bin (seed 20260702),,1.0,0.7031411195064752,0.8515705597532376,55.37493896484375
bg_1939,background,chrX,43442500,43442,uniform random atlas bin (seed 20260702),,1.0,0.7364501913383485,0.8682250956691743,29.431196212768555
bg_1940,background,chrX,44825500,44825,uniform random atlas bin (seed 20260702),,0.0,0.8834049261629446,0.4417024630814723,48.41997909545898
bg_1941,background,chrX,48970500,48970,uniform random atlas bin (seed 20260702),,1.0,0.7347296711082067,0.8673648355541034,50.61980438232422
bg_1942,background,chrX,52243500,52243,uniform random atlas bin (seed 20260702),,1.0,0.7022199760426812,0.8511099880213406,39.99884414672852
bg_1943,background,chrX,52620500,52620,uniform random atlas bin (seed 20260702),,1.0,0.5851765491831318,0.7925882745915659,33.24808120727539
bg_1944,background,chrX,57865500,57865,uniform random atlas bin (seed 20260702),,1.0,0.8526524099974747,0.9263262049987373,25.326610565185547
bg_1945,background,chrX,61851500,61851,uniform random atlas bin (seed 20260702),,1.0,0.7485316027465287,0.8742658013732644,
bg_1946,background,chrX,63769500,63769,uniform random atlas bin (seed 20260702),,1.0,0.6419977192253603,0.8209988596126802,25.52703857421875
bg_1947,background,chrX,64789500,64789,uniform random atlas bin (seed 20260702),,1.0,0.7793197724697707,0.8896598862348853,19.50408172607422
bg_1948,background,chrX,65627500,65627,uniform random atlas bin (seed 20260702),,1.0,0.8455543713941934,0.9227771856970968,30.789899826049805
bg_1949,background,chrX,67000500,67000,uniform random atlas bin (seed 20260702),,1.0,0.7127333982505434,0.8563666991252716,23.45680427551269
bg_1950,background,chrX,67072500,67072,uniform random atlas bin (seed 20260702),,1.0,0.8117614574130019,0.9058807287065009,24.74150657653809
bg_1951,background,chrX,69239500,69239,uniform random atlas bin (seed 20260702),,1.0,0.8351882273111205,0.9175941136555603,33.264041900634766
bg_1952,background,chrX,71383500,71383,uniform random atlas bin (seed 20260702),,1.0,0.5512083044381018,0.7756041522190509,47.63685989379883
bg_1953,background,chrX,71637500,71637,uniform random atlas bin (seed 20260702),,1.0,0.5968558112379854,0.7984279056189927,50.83591079711914
bg_1954,background,chrX,73945500,73945,uniform random atlas bin (seed 20260702),,1.0,0.9834593204799059,0.991729660239953,54.66252517700195
bg_1955,background,chrX,74543500,74543,uniform random atlas bin (seed 20260702),,1.0,0.6229789926375788,0.8114894963187894,32.99102020263672
bg_1956,background,chrX,79183500,79183,uniform random atlas bin (seed 20260702),,1.0,0.6213152569277123,0.8106576284638561,27.729167938232425
bg_1957,background,chrX,81811500,81811,uniform random atlas bin (seed 20260702),,1.0,0.9139714454626995,0.9569857227313497,29.92372131347656
bg_1958,background,chrX,82759500,82759,uniform random atlas bin (seed 20260702),,1.0,0.7710688563104853,0.8855344281552426,26.02684783935547
bg_1959,background,chrX,83123500,83123,uniform random atlas bin (seed 20260702),,1.0,0.6863468606639354,0.8431734303319677,27.033666610717773
bg_1960,background,chrX,85750500,85750,uniform random atlas bin (seed 20260702),,1.0,0.7434665685913812,0.8717332842956906,
bg_1961,background,chrX,86719500,86719,uniform random atlas bin (seed 20260702),,1.0,0.7474084609393981,0.873704230469699,23.86089134216309
bg_1962,background,chrX,86973500,86973,uniform random atlas bin (seed 20260702),,1.0,0.6482897676881164,0.8241448838440582,
bg_1963,background,chrX,88472500,88472,uniform random atlas bin (seed 20260702),,1.0,0.7345627646853949,0.8672813823426975,24.1029052734375
bg_1964,background,chrX,89428500,89428,uniform random atlas bin (seed 20260702),,1.0,0.7320818955204911,0.8660409477602455,
bg_1965,background,chrX,92990500,92990,uniform random atlas bin (seed 20260702),,1.0,0.5447039893746422,0.7723519946873211,
bg_1966,background,chrX,94249500,94249,uniform random atlas bin (seed 20260702),,1.0,0.6204408566845974,0.8102204283422987,24.188589096069336
bg_1967,background,chrX,95934500,95934,uniform random atlas bin (seed 20260702),,1.0,0.6930862634207576,0.8465431317103789,28.78191375732422
bg_1968,background,chrX,96510500,96510,uniform random atlas bin (seed 20260702),,1.0,0.6285954813496732,0.8142977406748366,36.63960266113281
bg_1969,background,chrX,100823500,100823,uniform random atlas bin (seed 20260702),,1.0,0.8159310928339698,0.9079655464169849,46.44453430175781
bg_1970,background,chrX,105030500,105030,uniform random atlas bin (seed 20260702),,1.0,0.16271157231168298,0.5813557861558415,
bg_1971,background,chrX,107927500,107927,uniform random atlas bin (seed 20260702),,1.0,0.5135133669075167,0.7567566834537583,33.431278228759766
bg_1972,background,chrX,109704500,109704,uniform random atlas bin (seed 20260702),,0.0,0.7358114354507121,0.3679057177253561,44.833763122558594
bg_1973,background,chrX,113098500,113098,uniform random atlas bin (seed 20260702),,1.0,0.7577171817197094,0.8788585908598547,30.112106323242188
bg_1974,background,chrX,113568500,113568,uniform random atlas bin (seed 20260702),,1.0,0.38070330604481073,0.6903516530224054,30.861648559570312
bg_1975,background,chrX,116032500,116032,uniform random atlas bin (seed 20260702),,1.0,0.8329036344048574,0.9164518172024287,26.04949378967285
bg_1976,background,chrX,117588500,117588,uniform random atlas bin (seed 20260702),,1.0,0.5270747727323307,0.7635373863661654,25.890308380126957
bg_1977,background,chrX,119114500,119114,uniform random atlas bin (seed 20260702),,1.0,0.6084247119078756,0.8042123559539378,40.75865173339844
bg_1978,background,chrX,119936500,119936,uniform random atlas bin (seed 20260702),,1.0,0.9219498613534539,0.960974930676727,48.092620849609375
bg_1979,background,chrX,121635500,121635,uniform random atlas bin (seed 20260702),,1.0,0.6286603919418418,0.8143301959709208,32.00639343261719
bg_1980,background,chrX,122013500,122013,uniform random atlas bin (seed 20260702),,1.0,0.8069399019329331,0.9034699509664665,28.445392608642575
bg_1981,background,chrX,124052500,124052,uniform random atlas bin (seed 20260702),,1.0,0.574340039793719,0.7871700198968594,46.30298614501953
bg_1982,background,chrX,126157500,126157,uniform random atlas bin (seed 20260702),,1.0,0.6635934405196038,0.8317967202598019,24.88714599609375
bg_1983,background,chrX,126935500,126935,uniform random atlas bin (seed 20260702),,1.0,0.7834778346342226,0.8917389173171113,22.19205665588379
bg_1984,background,chrX,128358500,128358,uniform random atlas bin (seed 20260702),,1.0,0.7330134643100716,0.8665067321550358,24.41874313354492
bg_1985,background,chrX,129793500,129793,uniform random atlas bin (seed 20260702),,1.0,0.8153541582966362,0.9076770791483181,41.293270111083984
bg_1986,background,chrX,130937500,130937,uniform random atlas bin (seed 20260702),,1.0,0.7406863398666348,0.8703431699333174,46.43906784057617
bg_1987,background,chrX,133952500,133952,uniform random atlas bin (seed 20260702),,1.0,0.7254539028098832,0.8627269514049416,34.22818756103516
bg_1988,background,chrX,137501500,137501,uniform random atlas bin (seed 20260702),,1.0,0.7443365077130708,0.8721682538565354,34.276397705078125
bg_1989,background,chrX,139045500,139045,uniform random atlas bin (seed 20260702),,1.0,0.6089638555139395,0.8044819277569697,38.925384521484375
bg_1990,background,chrX,139719500,139719,uniform random atlas bin (seed 20260702),,1.0,0.7340438868030772,0.8670219434015386,32.9541130065918
bg_1991,background,chrX,141128500,141128,uniform random atlas bin (seed 20260702),,1.0,0.827765465303673,0.9138827326518365,26.741300582885746
bg_1992,background,chrX,142082500,142082,uniform random atlas bin (seed 20260702),,1.0,0.8518696580105894,0.9259348290052947,22.93562126159668
bg_1993,background,chrX,142413500,142413,uniform random atlas bin (seed 20260702),,1.0,0.6771599188223856,0.8385799594111928,26.673614501953125
bg_1994,background,chrX,143037500,143037,uniform random atlas bin (seed 20260702),,1.0,0.9052863419999854,0.9526431709999927,22.931018829345703
bg_1995,background,chrX,144426500,144426,uniform random atlas bin (seed 20260702),,1.0,0.7634956836207991,0.8817478418103996,
bg_1996,background,chrX,145209500,145209,uniform random atlas bin (seed 20260702),,1.0,0.900965152950751,0.9504825764753755,25.916894912719727
bg_1997,background,chrX,145348500,145348,uniform random atlas bin (seed 20260702),,1.0,0.942776012390768,0.971388006195384,25.35610008239746
bg_1998,background,chrX,149063500,149063,uniform random atlas bin (seed 20260702),,1.0,0.7542374958440342,0.877118747922017,28.81615829467773
bg_1999,background,chrX,149539500,149539,uniform random atlas bin (seed 20260702),,1.0,0.9877009757815066,0.9938504878907533,55.326416015625
