{
 "core_len": 14,
 "max_pen": 8.720297,
 "pen": {
  "0": {
   "AC": 1.982522,
   "AG": 3.874752,
   "AT": 3.145672,
   "CA": 3.311658,
   "CG": 3.770611,
   "CT": 3.244518,
   "GA": 3.717123,
   "GC": 3.804134,
   "GT": 3.656498,
   "TA": 2.892399,
   "TC": 2.389827,
   "TG": 3.368816
  },
  "1": {
   "AC": 7.787382,
   "AG": 7.787382,
   "AT": 7.787382,
   "CA": 1.761516,
   "CG": 2.489065,
   "CT": 1.678134,
   "GA": 1.547106,
   "GC": 2.594425,
   "GT": 2.645718,
   "TA": 1.584847,
   "TC": 0.697305,
   "TG": 3.152653
  },
  "2": {
   "AC": 7.641084,
   "AG": 7.641084,
   "AT": 7.641084,
   "CA": 0.297658,
   "CG": 1.353226,
   "CT": 1.869643,
   "GA": 0.648069,
   "GC": 2.211739,
   "GT": 1.848071,
   "TA": 7.641084,
   "TC": 7.641084,
   "TG": 7.641084
  },
  "3": {
   "AC": 2.151361,
   "AG": 0.697569,
   "AT": 1.429325,
   "CA": 7.821242,
   "CG": 7.821242,
   "CT": 7.821242,
   "GA": 1.1304,
   "GC": 2.548243,
   "GT": 2.344779,
   "TA": 3.558562,
   "TC": 2.851429,
   "TG": 3.726898
  },
  "4": {
   "AC": 3.210495,
   "AG": 3.444489,
   "AT": 3.591093,
   "CA": 3.840904,
   "CG": 4.886873,
   "CT": 3.726129,
   "GA": 2.002932,
   "GC": 3.762943,
   "GT": 1.063261,
   "TA": 2.985914,
   "TC": 2.887474,
   "TG": 3.986086
  },
  "5": {
   "AC": 7.462215,
   "AG": 7.462215,
   "AT": 7.462215,
   "CA": -0.031659,
   "CG": 1.809726,
   "CT": 1.429129,
   "GA": 0.343389,
   "GC": 2.929615,
   "GT": 1.379996,
   "TA": 3.031398,
   "TC": 4.166378,
   "TG": 4.571843
  },
  "6": {
   "AC": 5.537334,
   "AG": 4.15104,
   "AT": 5.06041,
   "CA": 4.556505,
   "CG": 3.895107,
   "CT": 1.503094,
   "GA": 3.471879,
   "GC": 4.515683,
   "GT": 3.884411,
   "TA": 8.427706,
   "TC": 8.427706,
   "TG": 8.427706
  },
  "7": {
   "AC": 8.720297,
   "AG": 8.720297,
   "AT": 8.720297,
   "CA": 8.720297,
   "CG": 8.720297,
   "CT": 8.720297,
   "GA": 8.720297,
   "GC": 8.720297,
   "GT": 8.720297,
   "TA": 8.720297,
   "TC": 8.720297,
   "TG": 8.720297
  },
  "8": {
   "AC": 8.653296,
   "AG": 8.653296,
   "AT": 8.653296,
   "CA": 8.653296,
   "CG": 8.653296,
   "CT": 8.653296,
   "GA": 8.653296,
   "GC": 8.653296,
   "GT": 8.653296,
   "TA": 4.153487,
   "TC": 3.255134,
   "TG": 4.16466
  },
  "9": {
   "AC": 2.751815,
   "AG": 2.913303,
   "AT": 0.789129,
   "CA": 4.352519,
   "CG": 3.715253,
   "CT": 2.593912,
   "GA": 5.185429,
   "GC": 5.408572,
   "GT": 5.408572,
   "TA": 4.848956,
   "TC": 5.408572,
   "TG": 5.003107
  },
  "10": {
   "AC": 3.693718,
   "AG": 1.36317,
   "AT": 2.610144,
   "CA": 2.201318,
   "CG": 0.919266,
   "CT": 1.658135,
   "GA": 2.600094,
   "GC": 3.207063,
   "GT": 2.935566,
   "TA": 4.209532,
   "TC": 4.184839,
   "TG": 3.607952
  },
  "11": {
   "AC": 8.012681,
   "AG": 8.012681,
   "AT": 8.012681,
   "CA": 2.553095,
   "CG": 2.797745,
   "CT": 1.432042,
   "GA": 2.118278,
   "GC": 1.981996,
   "GT": 1.169998,
   "TA": 3.233557,
   "TC": 3.750001,
   "TG": 3.764186
  },
  "12": {
   "AC": 4.389268,
   "AG": 3.793759,
   "AT": 3.607173,
   "CA": 3.468337,
   "CG": 3.607173,
   "CT": 3.075294,
   "GA": 3.916361,
   "GC": 5.377879,
   "GT": 3.83298,
   "TA": 1.175989,
   "TC": 2.146581,
   "TG": 2.014903
  },
  "13": {
   "AC": 8.015327,
   "AG": 8.015327,
   "AT": 8.015327,
   "CA": 1.451472,
   "CG": 2.044065,
   "CT": 0.92525,
   "GA": 3.515518,
   "GC": 5.242739,
   "GT": 3.671522,
   "TA": 2.21927,
   "TC": 3.270395,
   "TG": 2.827942
  }
 }
}