{
  "value": 0.9405,
  "native_uncertainty": 0.0595,
  "ptm": 0.9573795199394226,
  "iptm": 0.9877588152885437,
  "source_file": "confidence_affinity_input_model_0.json"
}